2 7 111111 0
51.8389 38.8033 -68.8055 -0.136682 0.983791 -0.116078 -0.552665 0.0215168 0.833126 0.822119 0.178025 0.540766
6 7 111111 0
-11.1394 10.4521 -40.5704 0.84901 0.496738 0.180093 0.00171982 -0.343438 0.939174 0.528374 -0.797058 -0.292436
2 7 111111 0
51.8389 38.8033 -68.8055 -0.136682 0.983791 -0.116078 -0.552665 0.0215168 0.833126 0.822119 0.178025 0.540766
10 4 111111 0
111.001 -24.9763 -30.1748 -0.647276 -0.694966 -0.313138 0.641913 -0.275426 -0.715604 0.411074 -0.664201 0.624384
10 5 111111 0
111.001 -24.9763 -30.175 -0.647274 -0.694968 -0.313138 0.641911 -0.275422 -0.715606 0.411079 -0.6642 0.624381
10 6 111111 0
62.693 44.3792 -65.0955 -0.247893 0.945828 -0.209664 -0.612458 0.0146825 0.790366 0.750629 0.324336 0.575641
10 7 111111 0
62.6933 44.3791 -65.0955 -0.247897 0.945827 -0.209661 -0.612456 0.0146786 0.790368 0.75063 0.324338 0.575639
10 6 111111 0
108.505 4.24751 18.4403 -0.73672 -0.275578 -0.617496 0.342633 -0.939411 0.0104562 -0.582964 -0.203871 0.786505
10 5 111111 0
87.3896 4.19005 -72.784 -0.171052 -0.897861 -0.405692 -0.0886933 0.424121 -0.901252 0.981262 -0.118178 -0.152181
10 4 111111 0
14.0313 27.1744 -41.4372 0.727259 0.547632 -0.413755 -0.567319 0.81892 0.0867155 0.38632 0.171666 0.906249
10 7 111111 0
101.699 3.13861 -63.8954 -0.747228 0.374581 0.548944 0.289289 -0.560311 0.776121 0.5983 0.738742 0.310318
10 5 111111 0
71.9397 39.2658 -68.1728 0.0550658 -0.760969 -0.646447 -0.702603 0.430485 -0.566597 0.709449 0.485396 -0.510954
10 4 111111 0
9.19516 -8.19813 -26.7518 0.99687 -0.0366165 -0.0700703 0.0108973 0.941461 -0.336945 0.0783062 0.335127 0.938913
10 7 111111 0
94.9348 -31.7052 -48.7159 -0.445185 -0.205861 0.871454 0.848663 -0.407433 0.337296 0.285623 0.88973 0.35609
10 4 111111 0
70.2165 66.2429 -20.7919 -0.043036 -0.356751 -0.933208 -0.967008 -0.219874 0.128649 -0.251084 0.907956 -0.335519
10 4 111111 0
70.2165 66.2429 -20.7919 -0.043036 -0.356751 -0.933208 -0.967008 -0.219874 0.128649 -0.251084 0.907956 -0.335519
10 7 111111 0
47.6085 -46.9261 -26.2609 0.495449 -0.568668 0.656618 0.866799 0.372819 -0.331158 -0.056481 0.733227 0.677634
10 7 111111 0
47.6085 -46.9261 -26.2609 0.495449 -0.568668 0.656618 0.866799 0.372819 -0.331158 -0.056481 0.733227 0.677634
10 4 111111 0
111.001 -24.9763 -30.1749 -0.647275 -0.694967 -0.313138 0.641912 -0.275424 -0.715605 0.411076 -0.6642 0.624383
10 5 111111 0
111.001 -24.9763 -30.1749 -0.647275 -0.694967 -0.313138 0.641912 -0.275424 -0.715605 0.411077 -0.6642 0.624383
10 6 111111 0
62.6931 44.3792 -65.0955 -0.247895 0.945828 -0.209662 -0.612457 0.0146806 0.790367 0.750629 0.324337 0.57564
10 7 111111 0
62.6932 44.3792 -65.0955 -0.247895 0.945828 -0.209662 -0.612457 0.0146805 0.790367 0.750629 0.324337 0.57564
10 4 111111 0
110.117 -27.2594 -25.7089 -0.693069 -0.511213 -0.508249 0.61624 -0.0543305 -0.785682 0.374037 -0.857735 0.352685
10 5 111111 0
110.117 -27.2594 -25.7089 -0.693069 -0.511213 -0.508249 0.61624 -0.0543305 -0.785682 0.374037 -0.857735 0.352685
10 6 111111 0
47.1511 33.407 -69.0057 0.0207049 0.988051 -0.152727 -0.449449 0.145653 0.881352 0.893066 0.0503947 0.447094
10 7 111111 0
47.1511 33.407 -69.0057 0.0207049 0.988051 -0.152727 -0.449449 0.145653 0.881352 0.893066 0.0503948 0.447094
10 6 111111 0
98.2735 -11.7407 23.5022 -0.561364 -0.274961 -0.780556 0.582378 -0.801369 -0.136545 -0.587969 -0.53123 0.60999
10 5 111111 0
101.757 8.16902 -64.1507 -0.457493 -0.794202 -0.399929 -0.185524 0.52511 -0.830566 0.869644 -0.305781 -0.387578
10 4 111111 0
9.63569 21.6137 -33.5606 0.819491 0.53283 -0.211014 -0.461252 0.83175 0.308932 0.340119 -0.155836 0.92738
10 7 111111 0
87.9983 -0.139556 -72.001 -0.589655 0.665674 0.457368 0.293287 -0.351152 0.889199 0.752522 0.658461 0.0118254
10 6 111111 0
86.0273 17.8817 33.7902 -0.346076 -0.280177 -0.895395 0.11586 -0.959826 0.255558 -0.931025 -0.0152986 0.364634
10 5 111111 0
89.8158 39.5367 -61.5464 -0.233099 -0.844936 -0.481402 -0.719357 0.482932 -0.499302 0.654363 0.229913 -0.720382
10 4 111111 0
8.19537 -4.5717 -12.4525 0.994039 0.0615656 0.0899818 -0.0568154 0.9969 -0.0544332 -0.093054 0.0489964 0.994455
10 7 111111 0
93.4273 -28.2318 -54.2626 -0.538634 0.206054 0.816955 0.763867 -0.289696 0.5767 0.3555 0.934675 -0.00135808
10 4 111111 0
73.7396 63.6715 -3.93061 -0.036438 -0.580685 -0.813313 -0.862909 -0.392208 0.318686 -0.504044 0.713427 -0.486787
10 5 111111 0
73.9335 64.7799 -8.81041 -0.0306553 -0.609592 -0.792122 -0.90566 -0.31836 0.280049 -0.422896 0.725978 -0.542323
10 6 111111 0
50.9528 -47.4039 -9.66599 0.398284 -0.411972 0.819542 0.842074 0.518489 -0.148596 -0.363706 0.749298 0.553416
10 7 111111 0
55.3154 -48.6149 -11.806 0.319834 -0.404576 0.856752 0.88408 0.452635 -0.116292 -0.340747 0.794632 0.502446
10 4 111111 0
73.814 64.2827 -6.35846 -0.0331356 -0.595191 -0.802901 -0.88522 -0.355471 0.300044 -0.463992 0.720686 -0.515096
10 4 111111 0
73.814 64.2827 -6.35846 -0.0331356 -0.595191 -0.802901 -0.88522 -0.355471 0.300044 -0.463992 0.720686 -0.515096
10 7 111111 0
53.1378 -48.0601 -10.6997 0.35927 -0.409144 0.838765 0.863895 0.485774 -0.133076 -0.353003 0.772415 0.527981
10 7 111111 0
53.1378 -48.0601 -10.6997 0.35927 -0.409144 0.838765 0.863895 0.485774 -0.133076 -0.353003 0.772415 0.527981
10 5 111111 0
74.1391 59.8496 5.88659 0.0328686 -0.810873 -0.584299 -0.790988 -0.378466 0.480729 -0.610948 0.446373 -0.653831
10 5 111111 0
74.1391 59.8496 5.88659 0.0328686 -0.810873 -0.584299 -0.790988 -0.378466 0.480729 -0.610948 0.446373 -0.653831
10 4 111111 0
60.7275 -44.1556 5.3954 0.186945 -0.264173 0.946184 0.75263 0.65752 0.0348758 -0.631348 0.705606 0.321744
10 4 111111 0
60.7275 -44.1556 5.3954 0.186945 -0.264173 0.946184 0.75263 0.65752 0.0348758 -0.631348 0.705606 0.321744
10 4 111111 0
82.2094 -22.6049 26.564 -0.311366 -0.169204 -0.935105 0.737732 -0.663303 -0.125623 -0.599002 -0.728971 0.331357
10 5 111111 0
113.293 9.78192 -51.1364 -0.711362 -0.617877 -0.334951 -0.249148 0.667322 -0.701859 0.657183 -0.415824 -0.62865
10 4 111111 0
6.89599 15.8896 -22.6791 0.913379 0.40651 -0.0221147 -0.332467 0.77616 0.535763 0.234957 -0.482002 0.844079
10 7 111111 0
75.8467 -12.65 -72.5163 -0.423984 0.830795 0.360578 0.458031 -0.146768 0.876737 0.78131 0.536878 -0.318302
10 4 111111 0
70.0696 5.82515 38.4414 -0.046472 -0.336735 -0.940452 0.316193 -0.898018 0.305917 -0.947556 -0.283148 0.148206
10 5 111111 0
104.083 41.2644 -46.5821 -0.484167 -0.827694 -0.283735 -0.763698 0.558015 -0.324628 0.427021 0.0595136 -0.902281
10 4 111111 0
12.3976 -3.46032 3.62734 0.950291 -0.0126052 0.311107 -0.0578418 0.974641 0.21617 -0.305943 -0.22342 0.925463
10 7 111111 0
87.8468 -34.6897 -50.907 -0.513116 0.451669 0.729868 0.807159 -0.0352712 0.58928 0.291903 0.891488 -0.34647
10 4 111111 0
70.0878 53.3469 17.0394 0.0789662 -0.733358 -0.675241 -0.617545 -0.56772 0.544364 -0.782562 0.374005 -0.497712
10 4 111111 0
49.9397 -38.7421 11.5109 0.388209 -0.305398 0.869498 0.617201 0.786805 0.000789042 -0.684366 0.536348 0.493936
10 7 111111 0
70.5433 -47.2702 -3.38134 -0.011419 -0.178614 0.983853 0.853415 0.511018 0.102678 -0.521107 0.840808 0.146596
10 5 111111 0
74.1391 59.8496 5.88659 0.0328686 -0.810873 -0.584299 -0.790988 -0.378466 0.480729 -0.610948 0.446373 -0.653831
10 5 111111 0
74.1391 59.8496 5.88659 0.0328686 -0.810873 -0.584299 -0.790988 -0.378466 0.480729 -0.610948 0.446373 -0.653831
10 4 111111 0
60.7275 -44.1556 5.3954 0.186945 -0.264173 0.946184 0.75263 0.65752 0.0348758 -0.631348 0.705606 0.321744
10 4 111111 0
60.7275 -44.1556 5.3954 0.186945 -0.264173 0.946184 0.75263 0.65752 0.0348758 -0.631348 0.705606 0.321744
10 4 111111 0
96.1943 -40.0279 -12.8546 -0.645147 0.152863 -0.748611 0.751637 0.302928 -0.585899 0.137213 -0.940674 -0.310331
10 4 111111 0
96.1943 -40.0279 -12.8546 -0.645147 0.152863 -0.748611 0.751637 0.302928 -0.585899 0.137213 -0.940674 -0.310331
10 5 111111 0
24.0039 -0.65856 -60.2403 0.469133 0.861473 -0.194365 0.169423 0.128205 0.977169 0.866724 -0.491352 -0.0858083
10 5 111111 0
24.0039 -0.65856 -60.2403 0.469133 0.861473 -0.194365 0.169423 0.128205 0.977169 0.866724 -0.491352 -0.0858083
10 4 111111 0
56.9656 -27.9464 25.4327 0.102818 -0.0478073 -0.993551 0.816513 -0.566409 0.111751 -0.568098 -0.822737 -0.0192017
10 5 111111 0
121.136 6.18118 -32.6886 -0.921235 -0.348685 -0.172467 -0.224197 0.838219 -0.497116 0.317902 -0.419294 -0.850371
10 4 111111 0
7.53911 11.31 -7.92931 0.980894 0.15331 0.119766 -0.18864 0.599002 0.778211 0.0475674 -0.785935 0.616477
10 7 111111 0
70.5836 -31.9728 -60.9638 -0.35761 0.906152 0.22584 0.72029 0.113715 0.684289 0.594388 0.407379 -0.693358
10 4 111111 0
48.3782 5.982 36.4319 0.38235 -0.456951 -0.803122 0.288185 -0.766838 0.573506 -0.877928 -0.450727 -0.161514
10 5 111111 0
113.03 40.3653 -22.1249 -0.649377 -0.760084 0.0241152 -0.760324 0.648316 -0.0399242 0.0147115 -0.0442612 -0.998912
10 4 111111 0
24.8975 0.169457 22.4094 0.80188 -0.237153 0.548404 -0.0793998 0.867417 0.491206 -0.592186 -0.437432 0.676735
10 7 111111 0
88.4145 -43.4376 -31.0225 -0.546654 0.521331 0.655273 0.836341 0.378493 0.396581 -0.0412667 0.764824 -0.642916
10 5 111111 0
73.3586 53.1433 16.6411 0.109098 -0.969557 -0.219218 -0.704431 -0.231008 0.671128 -0.701338 0.081205 -0.708188
10 5 111111 0
73.3586 53.1433 16.6411 0.109098 -0.969557 -0.219218 -0.704431 -0.231008 0.671128 -0.701338 0.081205 -0.708188
10 5 111111 0
72.1393 -31.5805 22.2167 -0.0343324 -0.199036 0.979391 0.477599 0.857561 0.191019 -0.877907 0.474314 0.0656171
10 5 111111 0
72.1393 -31.5805 22.2167 -0.0343324 -0.199036 0.979391 0.477599 0.857561 0.191019 -0.877907 0.474314 0.0656171
10 6 111111 0
59.9287 62.8837 -39.2116 0.0724126 -0.126115 -0.989369 -0.995273 0.0552217 -0.0798839 0.0647093 0.990477 -0.121521
10 6 111111 0
59.9287 62.8837 -39.2116 0.0724126 -0.126115 -0.989369 -0.995273 0.0552217 -0.0798839 0.0647093 0.990477 -0.121521
10 6 111111 0
41.4738 -39.6659 -42.9165 0.627748 -0.697605 0.345369 0.727078 0.367016 -0.580221 0.278009 0.615343 0.737607
10 6 111111 0
41.4738 -39.6659 -42.9165 0.627748 -0.697605 0.345369 0.727078 0.367016 -0.580221 0.278009 0.615343 0.737607
10 5 111111 0
68.8948 -1.3537 -76.6502 0.164821 -0.910876 -0.378338 0.0202617 0.38663 -0.922012 0.986115 0.144301 0.0821807
10 4 111111 0
19.5258 31.756 -47.9844 0.652133 0.433059 -0.622239 -0.64123 0.752938 -0.148015 0.404408 0.495524 0.768707
10 7 111111 0
109.907 -10.2673 -50.7345 -0.731022 -0.177321 0.658911 0.556751 -0.713292 0.425727 0.394506 0.678065 0.620156
10 7 111111 0
54.7046 55.1613 -52.5814 0.21319 -0.282685 -0.935221 -0.923566 0.253947 -0.287293 0.31871 0.924987 -0.206939
10 6 111111 0
27.9964 -30.4996 -42.7781 0.819245 -0.560047 0.123228 0.497401 0.587071 -0.638702 0.28536 0.584547 0.759523
10 7 111111 0
57.1532 -44.0563 -43.6653 0.37304 -0.756955 0.536526 0.883869 0.114067 -0.453613 0.282165 0.643434 0.7116
10 6 111111 0
59.9287 62.8837 -39.2116 0.0724126 -0.126115 -0.989369 -0.995273 0.0552217 -0.0798839 0.0647093 0.990477 -0.121521
10 6 111111 0
59.9287 62.8837 -39.2116 0.0724126 -0.126115 -0.989369 -0.995273 0.0552217 -0.0798839 0.0647093 0.990477 -0.121521
10 6 111111 0
41.4738 -39.6659 -42.9165 0.627748 -0.697605 0.345369 0.727078 0.367016 -0.580221 0.278009 0.615343 0.737607
10 6 111111 0
41.4738 -39.6659 -42.9165 0.627748 -0.697605 0.345369 0.727078 0.367016 -0.580221 0.278009 0.615343 0.737607
9 4 111111 0
4.22998 41.24 -23.7441 0.552003 0.825787 0.115619 -0.826255 0.523035 0.209134 0.112228 -0.210973 0.971028
9 4 111111 0
-6.11306 10.2204 -3.22412 0.843387 0.475857 0.249517 -0.392896 0.862951 -0.317725 -0.366512 0.169931 0.914764
9 6 111111 0
10.6175 -40.6472 -13.629 0.696701 0.0179811 0.717136 0.596879 0.54 -0.59341 -0.397924 0.841473 0.365486
9 6 111111 0
10.6175 -40.6472 -13.629 0.696701 0.0179811 0.717136 0.596879 0.54 -0.59341 -0.397924 0.841473 0.365486
9 6 111111 0
20.354 34.8255 -63.4757 0.26157 0.870984 0.415895 -0.455769 -0.268369 0.848677 0.850797 -0.41154 0.32677
9 7 111111 0
20.354 34.8255 -63.4757 0.26157 0.870984 0.415895 -0.455769 -0.268369 0.848677 0.850797 -0.41154 0.32677
9 4 111111 0
2.24292 37.7563 -13.8144 0.641883 0.667974 0.37656 -0.7667 0.551032 0.329447 0.0125655 -0.500175 0.865833
9 4 111111 0
1.02763 13.544 9.54335 0.733212 0.446795 0.512616 -0.449894 0.884006 -0.126999 -0.509898 -0.137505 0.849174
9 7 111111 0
41.1551 -40.8081 -61.2239 0.0196102 0.489634 0.871708 0.901082 -0.386429 0.196784 0.433205 0.781621 -0.448778
9 6 111111 0
20.5323 -42.9912 -0.146509 0.46755 0.211529 0.858285 0.623398 0.60948 -0.489805 -0.626715 0.764061 0.153095
9 7 111111 0
22.5862 -45.7732 -3.76873 0.431024 0.213722 0.876665 0.692548 0.544453 -0.473232 -0.578443 0.811107 0.0866597
9 6 111111 0
21.56 -44.4316 -1.91928 0.449404 0.212215 0.867756 0.658667 0.577493 -0.482348 -0.603485 0.788331 0.119749
9 7 111111 0
21.56 -44.4316 -1.91928 0.449404 0.212215 0.867756 0.658667 0.577493 -0.482348 -0.603485 0.788331 0.119749
9 4 111111 0
2.63601 31.8697 -3.57553 0.7418 0.402331 0.536529 -0.65998 0.579932 0.477604 -0.118996 -0.708385 0.695724
9 4 111111 0
11.7626 11.0577 20.5135 0.635039 0.2369 0.735257 -0.402757 0.913745 0.0534513 -0.659175 -0.330074 0.675677
9 6 111111 0
33.8511 -36.0177 16.9974 0.243354 0.256945 0.935285 0.446105 0.826581 -0.343154 -0.86126 0.500743 0.0865271
9 6 111111 0
38.2357 -44.9089 7.78836 0.147249 0.318808 0.936311 0.645769 0.686044 -0.335151 -0.7492 0.653991 -0.104857
9 6 111111 0
38.2357 -44.9089 7.78836 0.147249 0.318808 0.936311 0.645769 0.686044 -0.335151 -0.7492 0.653991 -0.104857
9 4 111111 0
8.28557 3.53527 -53.1077 0.667958 0.743687 -0.0276039 0.0843076 -0.0387651 0.995685 0.739409 -0.667403 -0.088592
9 5 111111 0
8.28557 3.53527 -53.1077 0.667958 0.743687 -0.0276039 0.0843076 -0.0387652 0.995685 0.739409 -0.667403 -0.088592
9 4 111111 0
5.95556 18.7261 0.879167 0.917087 0.0861499 0.389269 -0.368767 0.554403 0.746089 -0.151537 -0.827777 0.540205
9 7 111111 0
47.1329 -35.9561 -62.168 -0.0840053 0.977949 0.191205 0.778493 -0.0553658 0.625207 0.622006 0.201372 -0.756675
9 4 111111 0
27.1365 4.73332 27.3637 0.627057 -0.164491 0.761408 -0.232196 0.893548 0.384262 -0.743562 -0.41775 0.522111
9 7 111111 0
68.6224 -50.3586 -36.1559 -0.381537 0.733991 0.56186 0.923661 0.279209 0.262474 0.0357774 0.619111 -0.784488
9 4 111111 0
66.6545 -35.3066 18.7025 -0.135768 0.0671268 0.988464 0.469697 0.882816 0.00456175 -0.872325 0.464898 -0.151387
9 5 111111 0
66.6545 -35.3066 18.7025 -0.135768 0.0671269 0.988464 0.469697 0.882816 0.00456174 -0.872325 0.464898 -0.151387
9 7 111111 0
75.7782 -27.8705 -66.144 -0.341987 -0.124863 0.931372 0.751843 -0.630926 0.191482 0.563718 0.76573 0.309646
9 7 111111 0
21.6046 -43.6265 -38.0088 0.692364 -0.406507 0.596141 0.720059 0.336209 -0.607024 0.0463312 0.849538 0.525488
15 4 111111 0
31.6669 -39.1768 -12.3548 0.764448 -0.635433 -0.108828 0.644206 0.74641 0.166944 -0.0248513 -0.197728 0.979942
15 5 111111 0
79.098 31.2754 -70.8947 -0.0730195 -0.76067 -0.645019 -0.595266 0.552154 -0.583767 0.800204 0.341332 -0.493119
15 4 111111 0
8.65658 -4.85358 -29.0846 0.985163 0.0218018 -0.170233 -0.0533437 0.981668 -0.182984 0.163123 0.18935 0.968265
15 7 111111 0
113.702 -6.48375 -46.7706 -0.92142 0.198329 0.334143 0.327604 -0.0659145 0.942513 0.208953 0.977917 -0.00423871
15 7 111111 0
113.702 -6.48376 -46.7706 -0.92142 0.198329 0.334143 0.327604 -0.0659146 0.942513 0.208953 0.977917 -0.00423864
15 4 111111 0
20.332 -27.9778 -8.66358 0.897397 -0.40289 -0.179884 0.440633 0.797242 0.412611 -0.0228262 -0.449538 0.892969
15 7 111111 0
103.124 -13.3439 -57.1908 -0.815736 0.486746 0.312494 0.403636 0.0920472 0.910278 0.41431 0.86868 -0.271554
15 7 111111 0
103.124 -13.3439 -57.1908 -0.815736 0.486746 0.312494 0.403636 0.0920471 0.910278 0.41431 0.86868 -0.271554
15 5 111111 0
109.256 -11.2975 -51.0403 -0.888764 0.245863 -0.386846 0.101935 0.928853 0.356147 0.446887 0.277098 -0.850593
15 5 111111 0
114.516 5.06841 -49.0238 -0.833436 -0.289706 -0.470589 -0.223793 0.955555 -0.191914 0.505273 -0.0546335 -0.861229
15 4 111111 0
11.334 -13.1094 -9.48498 0.97744 -0.11923 -0.174343 0.205432 0.728464 0.653558 0.0490792 -0.67463 0.736523
15 7 111111 0
89.0068 -21.88 -62.7173 -0.64095 0.740624 0.20164 0.515669 0.220889 0.827824 0.568567 0.634574 -0.523496
15 7 111111 0
89.0068 -21.88 -62.7173 -0.64095 0.740624 0.20164 0.515669 0.220889 0.827824 0.568567 0.634574 -0.523496
15 5 111111 0
104.141 -28.8046 -40.3237 -0.834657 0.373692 -0.4046 0.403294 0.914976 0.0131175 0.375101 -0.152224 -0.9144
15 4 111111 0
16.0788 -22.1313 -8.82151 0.848969 -0.0239578 -0.5279 0.519209 0.223748 0.824838 0.0983551 -0.974353 0.202394
15 5 111111 0
118.731 -7.95812 -32.8976 -0.940801 -0.151097 -0.30342 0.0201554 0.868628 -0.495055 0.33836 -0.471864 -0.81416
15 4 111111 0
6.41302 6.0898 -16.8798 0.974013 0.2193 -0.0566276 -0.0594549 0.488811 0.870362 0.218551 -0.844376 0.489146
15 4 111111 0
52.3923 -37.2354 14.6637 0.181516 -0.0351627 -0.982759 0.921765 -0.342121 0.182491 -0.342639 -0.938998 -0.0296885
15 7 111111 0
70.6951 -32.2696 -60.6569 -0.377089 0.92561 -0.032399 0.672614 0.297732 0.677455 0.636706 0.233669 -0.73485
15 4 111111 0
52.3923 -37.2354 14.6637 0.181516 -0.0351627 -0.982759 0.921765 -0.342121 0.182491 -0.342639 -0.938998 -0.0296885
15 7 111111 0
70.6951 -32.2696 -60.6569 -0.377089 0.92561 -0.0323989 0.672614 0.297732 0.677455 0.636706 0.233669 -0.73485
15 4 111111 0
77.0741 -45.5408 -1.38973 0.0620852 -0.997676 0.0280863 0.957615 0.0674758 0.280038 -0.281282 0.0095097 0.959578
15 7 111111 0
98.6224 -32.8171 -42.4372 -0.43113 -0.505447 0.747429 0.872772 -0.443759 0.20334 0.228901 0.740001 0.632457
15 4 111111 0
45.4983 -46.6458 -20.7477 0.57579 -0.816514 0.0420877 0.816328 0.571266 -0.0852248 0.0455439 0.0834289 0.995472
15 5 111111 0
62.2345 36.9715 -70.0515 0.156597 -0.538342 -0.828049 -0.68926 0.540909 -0.482014 0.707388 0.646223 -0.286353
15 4 111111 0
16.13 -15.6349 -41.1447 0.935577 -0.279442 -0.215886 0.157027 0.876821 -0.454453 0.316287 0.391276 0.864214
15 7 111111 0
120.679 -1.31591 -31.2097 -0.956168 -0.127778 0.263469 0.288393 -0.255095 0.922906 -0.0507174 0.958436 0.280764
15 7 111111 0
120.679 -1.31592 -31.2097 -0.956168 -0.127778 0.263469 0.288393 -0.255095 0.922906 -0.0507174 0.958436 0.280764
15 5 111111 0
93.5916 -42.066 -19.7933 -0.251617 -0.870444 0.423103 0.964271 -0.188025 0.186624 -0.082892 0.454944 0.886654
15 5 111111 0
93.5916 -42.066 -19.7933 -0.251617 -0.870444 0.423103 0.964271 -0.188025 0.186624 -0.082892 0.454944 0.886654
15 4 111111 0
69.7546 -49.0442 -11.3015 0.130759 -0.666291 0.734137 0.942269 0.313773 0.116945 -0.308272 0.676463 0.668854
15 5 111111 0
69.7546 -49.0442 -11.3015 0.130759 -0.666291 0.734137 0.942269 0.313773 0.116945 -0.308272 0.676463 0.668854
15 5 111111 0
119.984 -9.12508 -17.3447 -0.920843 -0.195901 0.337152 0.23858 0.400853 0.884532 -0.308429 0.894952 -0.322385
15 7 111111 0
105.062 -33.0603 -24.7445 -0.667279 -0.084147 0.74004 0.72061 0.178271 0.67003 -0.188309 0.980377 -0.0583196
15 4 111111 0
52.9289 -34.3039 18.4341 0.459768 -0.832627 0.308781 0.630506 0.550925 0.546758 -0.62536 -0.0566937 0.778274
15 4 111111 0
24.9625 -29.233 0.83724 0.828585 -0.352842 0.434684 0.409496 0.911401 -0.0407697 -0.381786 0.211782 0.89966
15 5 111111 0
113.979 -22.3054 -20.0577 -0.823514 -0.125769 0.553179 0.499987 0.299795 0.812488 -0.268026 0.945677 -0.184003
15 5 111111 0
113.979 -22.3054 -20.0577 -0.823514 -0.125769 0.553179 0.499987 0.299795 0.812488 -0.268026 0.945677 -0.184003
15 4 111111 0
66.3908 11.0282 38.6698 0.0662147 -0.489083 -0.86972 0.216157 -0.843904 0.491022 -0.974111 -0.220509 0.04984
15 5 111111 0
111.86 -24.3751 -28.062 -0.883256 0.194984 0.426428 0.457374 0.558604 0.691933 -0.103289 0.80619 -0.58257
15 7 111111 0
92.0273 -38.9834 -39.1817 -0.555348 0.342427 0.757847 0.828592 0.15017 0.539337 0.0708778 0.927466 -0.367129
15 5 111111 0
121.811 16.851 -25.0139 -0.927744 -0.35754 -0.107035 -0.366758 0.820258 0.438936 -0.0691413 0.446476 -0.89212
15 4 111111 0
39.1217 -20.5526 24.2389 0.669538 -0.73517 0.106034 0.413022 0.487133 0.769489 -0.617358 -0.471408 0.629796
15 4 111111 0
20.6442 -13.0031 12.2991 0.873971 -0.243795 0.420404 0.123942 0.948276 0.292251 -0.469908 -0.203313 0.858982
15 7 111111 0
102.801 -33.3403 -32.9696 -0.741605 0.294699 0.60264 0.670075 0.368216 0.644528 -0.0319598 0.881799 -0.470541
15 7 111111 0
102.801 -33.3403 -32.9696 -0.741605 0.294699 0.60264 0.670075 0.368216 0.644528 -0.0319598 0.881799 -0.470541
15 5 111111 0
97.3081 -37.8543 -32.7395 -0.731249 0.566072 0.380575 0.681321 0.579302 0.447449 0.0328206 0.586491 -0.809291
15 4 111111 0
41.5817 -8.51701 31.3288 0.512776 -0.473765 -0.715966 0.484993 -0.52828 0.696923 -0.708408 -0.704605 -0.0411165
15 5 111111 0
121.583 -2.99716 -20.3966 -0.994762 -0.0821399 0.0608458 -0.0713325 0.984149 0.162362 -0.0732178 0.157172 -0.984853
15 4 111111 0
25.2609 -5.94876 21.0887 0.851053 -0.524391 -0.0268722 0.213207 0.298347 0.930339 -0.479844 -0.797498 0.365714
15 4 111111 0
46.3911 -5.6342 34.0745 0.378542 -0.32942 -0.864979 0.481048 -0.728374 0.487918 -0.790758 -0.600794 -0.117254
15 7 111111 0
85.599 -41.9954 -39.6394 -0.544972 0.667582 0.507286 0.82725 0.329535 0.455043 0.13661 0.667638 -0.731845
15 4 111111 0
46.3911 -5.6342 34.0745 0.378543 -0.32942 -0.864979 0.481048 -0.728374 0.487918 -0.790758 -0.600794 -0.117254
15 7 111111 0
85.599 -41.9954 -39.6394 -0.544972 0.667582 0.507286 0.82725 0.329535 0.455043 0.13661 0.667638 -0.731845
15 4 111111 0
93.5902 9.99607 30.9488 -0.258215 -0.83802 0.480674 -0.141108 0.524926 0.839369 -0.955727 0.148911 -0.253795
15 5 111111 0
93.5902 9.99606 30.9488 -0.258215 -0.83802 0.480674 -0.141108 0.524926 0.839369 -0.955727 0.148911 -0.253795
15 4 111111 0
93.5902 9.99607 30.9488 -0.258215 -0.83802 0.480674 -0.141108 0.524926 0.839369 -0.955727 0.148911 -0.253795
15 5 111111 0
93.5902 9.99606 30.9488 -0.258215 -0.83802 0.480674 -0.141108 0.524926 0.839369 -0.955727 0.148911 -0.253795
15 4 111111 0
84.0227 23.302 33.3133 -0.113902 -0.709595 0.695343 -0.430187 0.666108 0.609293 -0.895525 -0.229728 -0.38113
15 4 111111 0
84.0227 23.302 33.3133 -0.113902 -0.709595 0.695343 -0.430187 0.666108 0.609293 -0.895525 -0.229728 -0.38113
15 4 111111 0
84.0227 23.302 33.3133 -0.113902 -0.709595 0.695343 -0.430187 0.666108 0.609293 -0.895525 -0.229728 -0.38113
15 4 111111 0
84.0227 23.302 33.3133 -0.113902 -0.709595 0.695343 -0.430187 0.666108 0.609293 -0.895525 -0.229728 -0.38113
15 5 111111 0
102.568 -8.06692 -60.2903 -0.543657 -0.577587 -0.608959 0.0612734 0.6963 -0.715131 0.837068 -0.426099 -0.343158
15 4 111111 0
12.1174 11.505 -44.5717 0.776607 0.499711 -0.383629 -0.264818 0.811479 0.520935 0.571624 -0.30297 0.762532
15 7 111111 0
79.2237 3.13423 -75.4993 -0.512196 0.850519 -0.119466 0.0844313 0.188285 0.978478 0.854708 0.491086 -0.168249
15 7 111111 0
79.2237 3.13423 -75.4993 -0.512196 0.850519 -0.119466 0.0844313 0.188285 0.978478 0.854708 0.491086 -0.168249
15 4 111111 0
16.8426 -13.974 -44.2672 0.711389 0.401023 -0.577154 0.257477 0.615411 0.744967 0.653936 -0.678565 0.334542
15 5 111111 0
61.4766 -16.1939 -72.1189 -0.214864 0.868152 -0.447377 0.334052 0.495775 0.801634 0.917738 0.0227952 -0.396532
15 5 111111 0
61.4766 -16.1939 -72.1189 -0.214864 0.868152 -0.447376 0.334052 0.495775 0.801634 0.917738 0.0227952 -0.396532
15 4 111111 0
51.7697 -42.0184 -45.671 0.0510899 0.476335 -0.877778 0.758527 0.553221 0.34436 0.649636 -0.683412 -0.333049
15 5 111111 0
51.7697 -42.0184 -45.671 0.0510899 0.476335 -0.877778 0.758527 0.553221 0.34436 0.649636 -0.683412 -0.333049
15 4 111111 0
51.7697 -42.0184 -45.671 0.05109 0.476335 -0.877778 0.758527 0.553221 0.34436 0.649636 -0.683412 -0.333049
15 5 111111 0
51.7697 -42.0184 -45.671 0.05109 0.476335 -0.877778 0.758527 0.553221 0.34436 0.649636 -0.683412 -0.333049
15 4 111111 0
26.5124 -24.5206 -48.8126 0.736892 -0.297309 -0.607123 0.313334 0.946013 -0.0829564 0.599009 -0.129102 0.790266
15 4 111111 0
23.0546 28.5908 -54.9073 0.575186 0.47418 -0.666569 -0.58975 0.805062 0.0638027 0.566883 0.356411 0.742708
15 5 111111 0
76.0609 -9.50138 -73.6107 0.0193078 -0.8691 -0.49426 0.138782 0.491896 -0.859522 0.990135 -0.0519989 0.130113
15 4 111111 0
23.0546 28.5908 -54.9073 0.575186 0.47418 -0.666569 -0.58975 0.805062 0.0638026 0.566883 0.356411 0.742708
15 5 111111 0
76.0609 -9.50139 -73.6107 0.0193078 -0.8691 -0.49426 0.138782 0.491896 -0.859522 0.990135 -0.0519989 0.130113
15 7 111111 0
108.647 19.4323 -55.7085 -0.898478 0.406828 0.165008 -0.0321556 -0.435831 0.899454 0.437839 0.802834 0.404667
15 7 111111 0
108.647 19.4323 -55.7085 -0.898478 0.406828 0.165008 -0.0321555 -0.435832 0.899454 0.437839 0.802834 0.404667
15 5 111111 0
87.8477 47.152 -55.9865 -0.578784 0.454205 -0.67728 -0.703075 0.142842 0.696622 0.413153 0.879372 0.236665
15 7 111111 0
120.22 17.0917 -33.8107 -0.991132 0.00197537 0.132863 0.0871923 -0.744851 0.66151 0.10027 0.667228 0.738073
15 7 111111 0
120.22 17.0917 -33.8107 -0.991132 0.0019753 0.132864 0.0871924 -0.744851 0.661509 0.10027 0.667228 0.738073
15 4 111111 0
107.452 -28.849 -32.0706 -0.582465 -0.712244 -0.391718 0.678072 -0.159979 -0.717374 0.448279 -0.683458 0.576135
15 7 111111 0
58.7867 41.0199 -67.2498 -0.180128 0.940697 -0.287476 -0.585584 0.132272 0.799747 0.790345 0.312398 0.527031
15 4 111111 0
107.452 -28.849 -32.0706 -0.582465 -0.712244 -0.391718 0.678072 -0.159979 -0.717374 0.448279 -0.683458 0.576135
15 7 111111 0
58.7867 41.0199 -67.2498 -0.180128 0.940697 -0.287476 -0.585584 0.132272 0.799747 0.790345 0.312398 0.527031
2 4 111111 0
-0.375296 1.05901 -24.8613 0.963421 0.240045 -0.119154 -0.144202 0.839108 0.524503 0.225887 -0.488135 0.84303
2 4 111111 0
6.88028 -20.3495 -21.8107 0.90338 0.0314297 -0.427687 0.340611 0.553356 0.760119 0.260553 -0.832352 0.489186
2 4 111111 0
2.29091 22.1304 -28.0689 0.845169 0.52329 0.10889 -0.423281 0.530872 0.734172 0.326378 -0.666591 0.670175
2 4 111111 0
18.056 28.8232 -49.347 0.659749 0.447833 -0.603471 -0.605737 0.792184 -0.0743508 0.444763 0.414597 0.793911
2 5 111111 0
68.3576 -2.96711 -76.8937 0.143816 -0.871899 -0.468091 0.0166202 0.475069 -0.879791 0.989465 0.118748 0.0828137
2 4 111111 0
18.056 28.8232 -49.347 0.659749 0.447832 -0.603471 -0.605737 0.792184 -0.0743508 0.444763 0.414597 0.793911
2 5 111111 0
68.3576 -2.96712 -76.8937 0.143816 -0.871899 -0.468091 0.0166202 0.475069 -0.879791 0.989465 0.118748 0.0828138
2 4 111111 0
4.07239 -13.0282 -16.0497 0.991218 -0.0137963 0.131514 0.0435112 0.973189 -0.225852 -0.124872 0.229591 0.965243
2 4 111111 0
3.25896 0.375403 -5.65135 0.956844 0.173517 0.233114 -0.186687 0.981778 0.0355012 -0.222706 -0.0774885 0.971801
2 4 111111 0
18.6556 -20.7189 7.44101 0.835709 -0.316696 -0.448659 0.500369 0.102421 0.859733 -0.226322 -0.942981 0.244059
2 4 111111 0
5.61438 5.82752 3.66369 0.975094 -0.117591 0.188055 -0.10996 0.480036 0.87033 -0.192616 -0.869332 0.45515
2 4 111111 0
80.8676 -45.1609 -2.93583 -0.0638512 -0.933047 0.354043 0.921646 0.080929 0.379498 -0.382742 0.350534 0.854772
2 7 111111 0
90.1649 -42.5911 -32.5895 -0.321132 -0.547864 0.772476 0.947032 -0.18753 0.260696 0.00203626 0.815277 0.579067
2 4 111111 0
38.4589 -49.5507 -17.0709 0.563022 -0.687163 0.459144 0.807164 0.576514 -0.126957 -0.177463 0.442084 0.879243
2 4 111111 0
10.0996 -23.9193 -33.4621 0.956921 -0.27886 0.0808658 0.276249 0.788694 -0.549225 0.0893784 0.547904 0.831753
2 5 111111 0
87.8887 -45.0381 -17.1195 -0.222255 -0.781603 0.582837 0.951793 -0.0443151 0.303522 -0.211406 0.6222 0.753774
2 5 111111 0
87.8887 -45.0381 -17.1195 -0.222255 -0.781603 0.582837 0.951793 -0.0443151 0.303522 -0.211406 0.6222 0.753774
2 4 111111 0
57.2748 -49.986 -7.20895 0.222288 -0.408239 0.885398 0.866531 0.498967 0.0125117 -0.446892 0.764443 0.464666
2 5 111111 0
57.2748 -49.986 -7.20896 0.222288 -0.408238 0.885398 0.866531 0.498967 0.0125116 -0.446892 0.764443 0.464666
2 4 111111 0
49.9128 -26.8102 25.3586 0.426769 -0.716177 0.552231 0.421154 0.697764 0.579443 -0.800311 -0.0147135 0.599405
2 4 111111 0
38.9536 -7.77939 30.8522 0.611905 -0.711222 0.346029 0.140996 0.528576 0.837095 -0.778262 -0.463434 0.423718
2 4 111111 0
25.5743 10.8931 24.8859 0.802763 -0.568571 0.179717 -0.0881605 0.184908 0.978793 -0.589745 -0.801583 0.0983122
16 4 111111 0
22.6363 54.384 23.3211 0.522206 0.00121843 0.852818 -0.663417 0.628955 0.405332 -0.53589 -0.777441 0.329252
18 4 111111 0
13.6719 48.4873 21.7418 0.689824 -0.0164861 0.723789 -0.531915 0.666661 0.522139 -0.49113 -0.745179 0.45111
18 4 111111 0
13.6719 48.4873 21.7418 0.689824 -0.0164861 0.723789 -0.531915 0.666661 0.522139 -0.49113 -0.745179 0.45111
18 6 111111 0
-2.09398 5.74055 -31.598 0.808231 0.363974 -0.462909 0.337126 0.358529 0.870519 0.482813 -0.859639 0.167069
18 7 111111 0
-2.09398 5.74056 -31.598 0.808231 0.363975 -0.462909 0.337126 0.358529 0.870519 0.482813 -0.859639 0.167069
18 7 111111 0
-0.948901 1.05476 -11.664 0.814695 0.260964 -0.517851 0.564495 -0.152499 0.811227 0.132729 -0.953227 -0.271554
18 7 111111 0
-0.948901 1.05476 -11.664 0.814695 0.260964 -0.517851 0.564495 -0.152499 0.811227 0.132729 -0.953227 -0.271554
18 5 111111 0
25.9068 55.0951 26.7186 0.623498 -0.582017 0.522022 -0.504896 0.21005 0.837233 -0.596934 -0.78558 -0.162893
18 5 111111 0
25.9068 55.0951 26.7186 0.623498 -0.582017 0.522022 -0.504896 0.21005 0.837233 -0.596934 -0.78558 -0.162893
18 5 111111 0
25.9068 55.0951 26.7186 0.623498 -0.582017 0.522022 -0.504896 0.21005 0.837233 -0.596934 -0.78558 -0.162893
18 5 111111 0
25.9068 55.0951 26.7186 0.623498 -0.582017 0.522022 -0.504896 0.21005 0.837233 -0.596934 -0.78558 -0.162893
18 7 111111 0
32.9544 -27.3648 -14.3996 0.0570076 0.930694 0.361328 0.97276 0.0296744 -0.229909 -0.224697 0.364592 -0.90365
18 7 111111 0
32.9544 -27.3648 -14.3996 0.0570076 0.930694 0.361328 0.97276 0.0296744 -0.229909 -0.224697 0.364592 -0.90365
18 7 111111 0
32.9544 -27.3648 -14.3996 0.0570076 0.930694 0.361328 0.97276 0.0296744 -0.229909 -0.224697 0.364592 -0.90365
18 7 111111 0
32.9544 -27.3648 -14.3996 0.0570076 0.930694 0.361328 0.97276 0.0296744 -0.229909 -0.224697 0.364592 -0.90365
16 4 111111 0
22.6363 54.384 23.3211 0.522206 0.00121843 0.852818 -0.663417 0.628955 0.405332 -0.53589 -0.777441 0.329252
16 7 111111 0
1.03108 -1.98242 -31.0668 0.67614 0.635109 -0.373458 0.620493 -0.217543 0.753434 0.39727 -0.741155 -0.541171
20 5 111111 0
110.219 -17.6454 -36.9818 -0.593037 -0.570823 -0.567863 0.508584 0.281202 -0.813798 0.624219 -0.771418 0.123549
20 4 111111 0
110.218 -17.6464 -36.9816 -0.593027 -0.570818 -0.567879 0.5086 0.281208 -0.813786 0.624216 -0.77142 0.123554
21 6 111111 0
126.27 27.6806 -7.90486 -0.995544 -0.083421 -0.0439778 0.0895061 -0.982706 -0.162102 -0.0296946 -0.165316 0.985794
21 7 111111 0
122.652 9.55086 -36.8902 -0.76644 -0.634068 0.102608 0.214394 -0.403125 -0.889677 0.60548 -0.659885 0.444911
21 7 111111 0
122.652 9.55086 -36.8902 -0.76644 -0.634068 0.102608 0.214394 -0.403125 -0.889677 0.60548 -0.659885 0.444911
21 4 111111 0
42.0437 50.7764 -53.777 0.231581 0.815518 -0.530377 -0.721745 0.509585 0.468409 0.652269 0.274323 0.706606
21 4 111111 0
42.0437 50.7764 -53.777 0.231581 0.815518 -0.530377 -0.721745 0.509585 0.468409 0.652269 0.274323 0.706606
21 6 111111 0
111.504 13.796 25.2673 -0.817485 0.134251 -0.560085 0.261221 -0.780258 -0.568297 -0.513305 -0.61088 0.60278
21 7 111111 0
122.877 13.2454 -37.3427 -0.870773 -0.230089 0.434527 0.345486 -0.915137 0.207759 0.349848 0.331034 0.876369
21 7 111111 0
98.4991 -0.992503 -61.6856 -0.241094 -0.93355 0.265251 0.387432 -0.343173 -0.855645 0.889815 -0.103524 0.444424
21 7 111111 0
98.4991 -0.992503 -61.6856 -0.241094 -0.93355 0.265251 0.387432 -0.343173 -0.855645 0.889815 -0.103524 0.444424
21 4 111111 0
17.2709 25.8705 -39.1852 0.766488 0.519826 -0.377196 -0.373658 0.838598 0.396399 0.522374 -0.162893 0.837013
21 4 111111 0
17.2709 25.8705 -39.1852 0.766488 0.519826 -0.377196 -0.373658 0.838598 0.396399 0.522374 -0.162893 0.837013
21 7 111111 0
108.636 -4.47612 -51.7659 -0.741531 0.239508 0.626712 0.530274 -0.363041 0.766167 0.411025 0.900465 0.142202
21 7 111111 0
100.029 -20.2135 -46.9347 -0.319408 -0.694356 0.644863 0.81991 -0.543688 -0.179306 0.475107 0.471458 0.742967
21 7 111111 0
64.2413 -21.2538 -57.9689 0.359291 -0.88474 0.296894 0.653057 0.011101 -0.757227 0.666653 0.465954 0.581774
21 7 111111 0
64.2413 -21.2538 -57.9689 0.359291 -0.88474 0.296894 0.653057 0.011101 -0.757227 0.666653 0.465954 0.581774
21 4 111111 0
11.9932 8.03365 -12.8499 0.990391 0.116171 -0.0750337 -0.0801459 0.924296 0.373168 0.112704 -0.363568 0.924725
21 4 111111 0
11.9932 8.03365 -12.8499 0.990391 0.116171 -0.0750337 -0.0801459 0.924296 0.373168 0.112704 -0.363568 0.924725
21 5 111111 0
103.524 -17.8244 16.6069 -0.56586 -0.022879 0.824184 0.394288 0.870397 0.294868 -0.724113 0.491819 -0.483501
21 5 111111 0
103.524 -17.8244 16.6069 -0.56586 -0.022879 0.824184 0.394288 0.870397 0.294868 -0.724113 0.491819 -0.483501
21 4 111111 0
39.8503 44.924 27.1383 0.62331 -0.435189 -0.649688 -0.218732 -0.894696 0.389455 -0.75076 -0.100644 -0.652863
21 4 111111 0
39.8503 44.924 27.1383 0.62331 -0.435189 -0.649688 -0.218732 -0.894696 0.389455 -0.75076 -0.100644 -0.652863
21 7 111111 0
96.705 -33.3115 -23.2332 -0.386774 -0.210481 0.897833 0.914376 0.0388181 0.403001 -0.119676 0.976827 0.177445
21 4 111111 0
39.1292 -30.2116 -0.41802 0.706778 -0.49562 0.504802 0.625152 0.771571 -0.117744 -0.331134 0.398796 0.855168
21 4 111111 0
39.1292 -30.2116 -0.41802 0.706778 -0.49562 0.504802 0.625152 0.771571 -0.117744 -0.331134 0.398796 0.855168
21 4 111111 0
27.0047 0.882978 21.5401 0.866853 -0.31629 0.385391 0.0765147 0.848244 0.52405 -0.492657 -0.424786 0.759504
21 4 111111 0
27.0047 0.882978 21.5401 0.866853 -0.31629 0.385391 0.0765147 0.848244 0.52405 -0.492657 -0.424786 0.759504
21 4 111111 0
70.7419 -19.6131 30.1551 0.142301 -0.437715 0.887782 0.439455 0.831605 0.339577 -0.886922 0.341817 0.310694
21 4 111111 0
70.7419 -19.6131 30.1551 0.142301 -0.437715 0.887782 0.439455 0.831605 0.339577 -0.886922 0.341817 0.310694
21 4 111111 0
41.9366 42.4147 30.0329 0.698123 -0.69359 0.177645 -0.367138 -0.133776 0.920497 -0.614683 -0.70784 -0.348035
21 4 111111 0
41.9366 42.4147 30.0329 0.698123 -0.69359 0.177645 -0.367138 -0.133776 0.920497 -0.614683 -0.70784 -0.348035
21 4 111111 0
70.7419 -19.6131 30.1551 0.142302 -0.437715 0.887782 0.439455 0.831605 0.339577 -0.886922 0.341817 0.310694
21 4 111111 0
70.7419 -19.6131 30.1551 0.142302 -0.437715 0.887782 0.439455 0.831605 0.339577 -0.886922 0.341817 0.310694
21 4 111111 0
41.9366 42.4147 30.0329 0.698123 -0.69359 0.177645 -0.367138 -0.133775 0.920497 -0.614683 -0.70784 -0.348035
21 4 111111 0
41.9366 42.4147 30.0329 0.698123 -0.69359 0.177645 -0.367138 -0.133775 0.920497 -0.614683 -0.70784 -0.348035
20 5 111111 0
110.219 -17.6463 -36.9821 -0.593027 -0.570824 -0.567872 0.508594 0.281206 -0.813791 0.62422 -0.771417 0.123555
20 5 111111 0
110.219 -17.6463 -36.9821 -0.593027 -0.570824 -0.567872 0.508594 0.281206 -0.813791 0.62422 -0.771417 0.123555
20 5 111111 0
110.219 -17.6463 -36.9821 -0.593027 -0.570824 -0.567872 0.508594 0.281206 -0.813791 0.62422 -0.771417 0.123555
20 5 111111 0
110.219 -17.6463 -36.9821 -0.593027 -0.570824 -0.567872 0.508594 0.281206 -0.813791 0.62422 -0.771417 0.123555
20 7 111111 0
95.1163 69.5857 -15.2015 -0.547357 0.17312 -0.818798 -0.803094 -0.383911 0.455688 -0.235457 0.906996 0.349168
20 7 111111 0
95.1163 69.5857 -15.2015 -0.547357 0.17312 -0.818798 -0.803094 -0.383911 0.455688 -0.235457 0.906996 0.349168
20 7 111111 0
95.1163 69.5857 -15.2015 -0.547357 0.17312 -0.818798 -0.803094 -0.383911 0.455688 -0.235457 0.906996 0.349168
20 7 111111 0
95.1163 69.5857 -15.2015 -0.547357 0.17312 -0.818798 -0.803094 -0.383911 0.455688 -0.235457 0.906996 0.349168
20 5 111111 0
103.241 26.6395 -61.1861 -0.332893 -0.940068 0.0738549 -0.210092 -0.00241308 -0.977679 0.919263 -0.340978 -0.196697
20 6 111111 0
104.738 16.1013 31.4728 -0.673065 0.0237671 -0.739202 0.27352 -0.92062 -0.278648 -0.687147 -0.389735 0.613136
20 5 111111 0
115.259 29.914 -48.3224 -0.60457 -0.780033 -0.16138 -0.395092 0.46957 -0.789561 0.691663 -0.413585 -0.592073
20 7 111111 0
102.71 25.3429 -61.8065 -0.776892 0.629346 -0.0190175 -0.0777182 -0.0658781 0.994796 0.624819 0.774328 0.100092
20 4 111111 0
22.6348 -0.585471 -44.3635 0.786202 0.0776662 -0.61307 0.0492434 0.981042 0.187432 0.616005 -0.177549 0.767473
20 4 111111 0
22.6348 -0.585479 -44.3635 0.786202 0.0776661 -0.61307 0.0492435 0.981042 0.187432 0.616005 -0.177549 0.767473
20 6 111111 0
100.793 -1.51374 30.4655 -0.619806 0.0775316 -0.780916 0.518143 -0.706931 -0.481432 -0.589379 -0.703021 0.397987
20 4 111111 0
73.8282 -40.2529 -7.98319 -0.111916 -0.0455993 -0.992671 0.980346 0.158261 -0.117796 0.162473 -0.986344 0.0269912
20 7 111111 0
87.713 12.1734 -69.7475 -0.565802 0.800284 -0.198532 0.0576344 0.278575 0.958684 0.822525 0.530983 -0.203742
20 4 111111 0
44.1422 -31.4735 -33.7821 0.404986 0.0166733 -0.914171 0.710626 0.62339 0.326183 0.575324 -0.781733 0.240616
20 4 111111 0
18.3172 20.3707 -42.4672 0.751081 0.499458 -0.431763 -0.267893 0.828279 0.492126 0.603416 -0.25396 0.755905
20 4 111111 0
18.3172 20.3707 -42.4672 0.751081 0.499458 -0.431763 -0.267892 0.828279 0.492126 0.603416 -0.253961 0.755905
20 5 111111 0
122.818 10.0623 -36.6649 -0.87453 -0.339206 -0.346607 -0.137715 0.85897 -0.493158 0.465007 -0.383549 -0.797909
20 6 111111 0
96.8041 -20.0573 20.3845 -0.575217 0.167895 -0.800585 0.73492 -0.323687 -0.595919 -0.359191 -0.931149 0.0628008
20 5 111111 0
102.735 -0.115174 -59.1346 -0.738135 0.408943 -0.536584 0.0936896 0.849775 0.518753 0.668116 0.332637 -0.665563
20 5 111111 0
114.516 0.750785 -47.542 -0.836182 0.0132172 -0.548292 0.0115846 0.999912 0.00643676 0.548329 -0.000969418 -0.836262
20 5 111111 0
114.516 0.750785 -47.542 -0.836182 0.0132172 -0.548292 0.0115846 0.999912 0.00643676 0.548329 -0.000969418 -0.836262
20 4 111111 0
62.7079 -32.1783 -44.519 -0.0699881 0.526408 -0.847347 0.727134 0.608438 0.317929 0.682918 -0.593884 -0.425352
20 5 111111 0
66.2121 -18.9473 -60.1068 -0.184537 0.739886 -0.646927 0.494266 0.638802 0.589604 0.849498 -0.21095 -0.483583
20 4 111111 0
37.7583 -2.63566 -59.3037 0.325479 0.747475 -0.579089 0.24553 0.524616 0.815164 0.913115 -0.407503 -0.0127764
20 4 111111 0
94.013 -35.3538 -15.4199 -0.57341 0.345328 -0.742933 0.78959 0.47481 -0.38872 0.218516 -0.809508 -0.544928
20 5 111111 0
95.5098 -30.321 -35.4884 -0.614526 0.406162 -0.676306 0.62776 0.770961 -0.107406 0.477782 -0.490562 -0.728748
20 4 111111 0
110.63 -18.1182 5.91517 -0.844663 0.30297 -0.441309 0.520256 0.270562 -0.810018 -0.126009 -0.913786 -0.386156
20 5 111111 0
114.033 -19.9697 -14.4639 -0.874561 0.194244 -0.444311 0.452844 0.654844 -0.605072 0.173423 -0.730376 -0.660663
20 4 111111 0
110.63 -18.1182 5.91517 -0.844663 0.30297 -0.441309 0.520256 0.270562 -0.810018 -0.126009 -0.913786 -0.386156
20 5 111111 0
114.033 -19.9697 -14.4639 -0.874561 0.194244 -0.444311 0.452844 0.654844 -0.605072 0.173423 -0.730376 -0.660663
20 4 111111 0
63.6586 -26.129 -52.9736 -0.116866 0.645715 -0.754582 0.615206 0.643529 0.455403 0.779656 -0.411002 -0.472455
20 5 111111 0
63.6586 -26.129 -52.9736 -0.116866 0.645715 -0.754582 0.615206 0.643529 0.455403 0.779656 -0.411002 -0.472455
20 4 111111 0
41.4377 5.68055 -64.4302 0.230699 0.872562 -0.430598 0.133591 0.409941 0.902276 0.963811 -0.265678 -0.0219937
20 5 111111 0
41.4377 5.68055 -64.4302 0.230699 0.872562 -0.430597 0.133591 0.409941 0.902276 0.963811 -0.265678 -0.0219937
20 4 111111 0
94.5154 -33.9552 -25.7529 -0.590887 0.380036 -0.711636 0.723138 0.640566 -0.258355 0.357665 -0.66727 -0.65332
20 5 111111 0
94.5154 -33.9552 -25.7529 -0.590887 0.380036 -0.711636 0.723138 0.640566 -0.258355 0.357665 -0.66727 -0.65332
20 4 111111 0
112.556 -20.1967 -4.13225 -0.863673 0.249589 -0.43792 0.503324 0.473715 -0.722675 0.0270776 -0.844571 -0.534759
20 5 111111 0
112.556 -20.1967 -4.13225 -0.863673 0.249589 -0.43792 0.503324 0.473715 -0.722675 0.0270776 -0.844571 -0.534759
20 4 111111 0
112.556 -20.1967 -4.13225 -0.863673 0.249589 -0.43792 0.503324 0.473715 -0.722675 0.0270776 -0.844571 -0.534759
20 5 111111 0
112.556 -20.1967 -4.13225 -0.863673 0.249589 -0.43792 0.503324 0.473715 -0.722675 0.0270776 -0.844571 -0.534759
20 7 111111 0
122.324 32.3158 -33.8084 -0.987126 0.149907 0.0557671 -0.051563 -0.628314 0.776249 0.151404 0.76338 0.627955
20 4 111111 0
27.3985 32.8693 -51.9343 0.687046 0.109365 -0.718336 -0.515031 0.770662 -0.375265 0.512553 0.62779 0.585807
20 5 111111 0
89.2894 20.0316 -69.3813 -0.0870815 -0.973108 -0.213253 -0.156162 0.224754 -0.961821 0.983885 -0.0504548 -0.171534
20 6 111111 0
108.462 32.1959 25.7666 -0.730158 -0.000552885 -0.683279 0.0200822 -0.999585 -0.0206512 -0.682984 -0.0288004 0.729866
20 6 111111 0
46.2797 58.4272 -48.9168 0.344668 0.0905469 -0.934348 -0.865994 0.414815 -0.279254 0.362296 0.905389 0.221386
20 5 111111 0
66.7875 46.0971 -65.302 0.135416 -0.451749 -0.881808 -0.70031 0.585942 -0.407722 0.700877 0.672751 -0.237019
20 6 111111 0
122.036 7.59477 8.07224 -0.825894 -0.45748 -0.329563 0.435975 -0.888809 0.141227 -0.357527 -0.0270427 0.933511
20 7 111111 0
126.935 26.0925 -13.7202 -0.98604 -0.159025 -0.0493646 0.110412 -0.846358 0.521044 -0.124639 0.508319 0.852101
20 4 111111 0
40.9048 22.6421 -65.2198 0.573836 -0.343376 -0.743508 -0.331349 0.73289 -0.594206 0.748946 0.587338 0.306781
20 5 111111 0
68.2781 16.9642 -72.9364 0.231454 -0.822134 -0.520119 -0.172628 0.491445 -0.853629 0.957407 0.287363 -0.028177
20 4 111111 0
110.339 -23.9485 -12.9864 -0.499045 -0.845672 -0.189191 0.861974 -0.46195 -0.208813 0.0891906 -0.267285 0.959481
20 7 111111 0
123.406 -1.37111 -25.6589 -0.79642 -0.553837 0.242859 0.570442 -0.821335 -0.00236626 0.200779 0.136652 0.970059
20 4 111111 0
69.1382 -26.2252 -53.2934 0.248576 -0.906771 -0.340553 0.630174 0.418402 -0.65408 0.735589 -0.0520191 0.675428
20 7 111111 0
95.0681 -13.6993 -56.7317 -0.173987 -0.978615 0.109732 0.574049 -0.191332 -0.796153 0.800123 -0.0755294 0.595062
20 4 111111 0
69.1382 -26.2252 -53.2934 0.248576 -0.906771 -0.340553 0.630174 0.418402 -0.65408 0.735589 -0.0520192 0.675428
20 7 111111 0
95.0681 -13.6993 -56.7317 -0.173988 -0.978615 0.109732 0.574049 -0.191332 -0.796153 0.800123 -0.0755294 0.595062
20 6 111111 0
70.5325 75.2945 -20.3578 -0.153011 0.31288 -0.937387 -0.9767 -0.192318 0.0952363 -0.150479 0.930118 0.335017
20 6 111111 0
112.145 47.3721 10.9464 -0.796003 0.0118481 -0.605177 -0.261527 -0.908401 0.326207 -0.545879 0.417932 0.726188
20 6 111111 0
93.1809 68.5977 -0.6746 -0.534498 0.251066 -0.807018 -0.722762 -0.630734 0.282471 -0.438095 0.734262 0.518587
20 5 111111 0
97.9384 66.0091 -29.1657 -0.576297 0.0990615 -0.811214 -0.817008 -0.0934871 0.568997 -0.0194723 0.99068 0.13481
20 6 111111 0
93.1809 68.5977 -0.6746 -0.534498 0.251066 -0.807018 -0.722762 -0.630734 0.282471 -0.438095 0.734262 0.518587
20 5 111111 0
97.9384 66.0091 -29.1657 -0.576297 0.0990615 -0.811214 -0.817008 -0.0934871 0.568997 -0.0194723 0.99068 0.13481
20 5 111111 0
55.1298 52.4105 -58.978 0.267538 -0.19466 -0.943679 -0.789857 0.516622 -0.330496 0.55186 0.833792 -0.0155373
20 5 111111 0
55.1298 52.4105 -58.978 0.267538 -0.19466 -0.943679 -0.789857 0.516622 -0.330496 0.55186 0.833792 -0.0155373
20 6 111111 0
126.072 17.9645 -1.51594 -0.926549 -0.333134 -0.174724 0.264273 -0.906998 0.327894 -0.267707 0.257635 0.928417
20 6 111111 0
126.072 17.9645 -1.51594 -0.926549 -0.333134 -0.174724 0.264273 -0.906998 0.327894 -0.267707 0.257635 0.928417
20 5 111111 0
53.8182 18.4334 -70.8132 0.423799 -0.613846 -0.666023 -0.234761 0.635752 -0.735328 0.874804 0.467987 0.125324
20 5 111111 0
53.8182 18.4334 -70.8132 0.423799 -0.613846 -0.666023 -0.234761 0.635752 -0.735328 0.874804 0.467987 0.125324
20 6 111111 0
118.84 -13.1382 -18.1461 -0.670645 -0.740765 0.038765 0.731404 -0.669071 -0.131878 0.123627 -0.0600905 0.990508
20 6 111111 0
118.84 -13.1382 -18.1461 -0.670645 -0.740765 0.038765 0.731404 -0.669071 -0.131878 0.123627 -0.0600905 0.990508
20 4 111111 0
83.0846 -22.0703 -55.291 0.0331215 -0.991338 -0.127088 0.636573 0.118954 -0.761987 0.770505 -0.0556626 0.634999
20 4 111111 0
83.0846 -22.0703 -55.291 0.0331215 -0.991338 -0.127088 0.636573 0.118954 -0.761987 0.770505 -0.0556626 0.634999
20 4 111111 0
83.0846 -22.0703 -55.291 0.0331214 -0.991338 -0.127088 0.636573 0.118954 -0.761987 0.770505 -0.0556627 0.634999
20 4 111111 0
83.0846 -22.0703 -55.291 0.0331214 -0.991338 -0.127088 0.636573 0.118954 -0.761987 0.770505 -0.0556627 0.634999
20 4 111111 0
74.7103 72.0245 -34.0548 -0.174929 0.121943 -0.977 -0.982319 0.0456117 0.181575 0.0667044 0.991489 0.111808
20 4 111111 0
74.7103 72.0245 -34.0548 -0.174929 0.121943 -0.977 -0.982319 0.0456117 0.181575 0.0667044 0.991489 0.111808
20 7 111111 0
113.679 53.1033 -2.49077 -0.830844 0.0458786 -0.554612 -0.403284 -0.736386 0.54323 -0.383485 0.675005 0.630323
20 7 111111 0
113.679 53.1033 -2.49077 -0.830844 0.0458786 -0.554612 -0.403284 -0.736386 0.54323 -0.383485 0.675005 0.630323
20 7 111111 0
95.1163 69.5857 -15.2015 -0.547357 0.17312 -0.818798 -0.803094 -0.383911 0.455688 -0.235457 0.906996 0.349168
20 7 111111 0
95.1163 69.5857 -15.2015 -0.547357 0.17312 -0.818798 -0.803094 -0.383911 0.455688 -0.235457 0.906996 0.349168
20 7 111111 0
95.1163 69.5857 -15.2015 -0.547357 0.17312 -0.818798 -0.803094 -0.383911 0.455688 -0.235457 0.906996 0.349168
20 7 111111 0
95.1163 69.5857 -15.2015 -0.547357 0.17312 -0.818798 -0.803094 -0.383911 0.455688 -0.235457 0.906996 0.349168
20 4 111111 0
36.1167 -27.8534 -30.0123 0.769442 -0.627139 -0.121064 0.577275 0.763932 -0.288377 0.273337 0.152002 0.949833
20 4 111111 0
36.1167 -27.8534 -30.0123 0.769442 -0.627139 -0.121064 0.577275 0.763932 -0.288377 0.273337 0.152002 0.949833
20 6 111111 0
85.3874 37.1866 37.584 -0.297862 -0.111273 -0.948101 -0.0651284 -0.9885 0.136475 -0.952385 0.102399 0.28719
20 6 111111 0
73.3808 53.121 31.0037 -0.155047 0.135318 -0.978596 -0.37832 -0.923195 -0.0677171 -0.912598 0.359723 0.194332
20 6 111111 0
73.3808 53.121 31.0037 -0.155047 0.135318 -0.978596 -0.37832 -0.923195 -0.0677171 -0.912598 0.359723 0.194332
20 5 111111 0
100.389 58.2531 -42.2484 -0.304461 -0.915478 -0.263064 -0.85699 0.383822 -0.343873 0.415778 0.120748 -0.901415
20 5 111111 0
122.151 7.31725 -37.1856 -0.96708 0.118029 0.225444 0.226432 -0.00514795 0.974013 0.116123 0.992997 -0.0217471
20 7 111111 0
112.217 -1.35728 -49.4332 -0.779759 0.146311 0.608744 0.497235 -0.446103 0.744143 0.380439 0.882941 0.275102
20 4 111111 0
24.4255 -18.925 -21.5245 0.904889 -0.380755 -0.190269 0.384481 0.922949 -0.0184229 0.182623 -0.056484 0.981559
20 4 111111 0
24.4255 -18.925 -21.5245 0.904889 -0.380755 -0.190269 0.384481 0.922949 -0.0184229 0.182623 -0.056484 0.981559
20 5 111111 0
115.967 48.6534 -30.2647 -0.68188 -0.596409 -0.423481 -0.7254 0.625766 0.286726 0.0939943 0.502706 -0.859332
20 6 111111 0
77.5777 22.9626 42.5968 -0.216468 0.0886004 -0.972261 0.173723 -0.976485 -0.127664 -0.960709 -0.19654 0.195986
20 5 111111 0
125.227 26.9794 -28.1104 -0.963834 -0.156637 -0.215614 -0.264389 0.460254 0.847505 -0.0335133 0.87386 -0.485022
20 5 111111 0
122.062 38.6066 -27.5338 -0.852241 -0.373036 -0.366782 -0.523105 0.598559 0.606702 -0.00678083 0.708922 -0.705254
20 5 111111 0
122.062 38.6066 -27.5338 -0.852241 -0.373036 -0.366782 -0.523105 0.598559 0.606702 -0.00678084 0.708922 -0.705254
20 5 111111 0
112.719 52.2684 -31.8791 -0.531896 -0.846669 0.015443 -0.780794 0.48329 -0.395968 0.32779 -0.222672 -0.918135
20 7 111111 0
112.822 -1.59068 -48.5426 -0.883282 0.408986 0.229222 0.327881 0.189388 0.925541 0.335122 0.892671 -0.301382
20 4 111111 0
54.644 -31.3993 13.3495 0.344099 -0.415394 -0.842047 0.91114 -0.0688616 0.406304 -0.226761 -0.907032 0.354786
20 4 111111 0
31.0349 -25.7893 -7.59534 0.778809 -0.400535 -0.48273 0.619209 0.613836 0.489679 0.100183 -0.680277 0.726076
20 4 111111 0
15.7763 -5.19966 -15.8524 0.979118 -0.0975573 -0.178356 0.143004 0.954089 0.263179 0.144493 -0.283189 0.948117
20 4 111111 0
15.7763 -5.19966 -15.8524 0.979118 -0.0975573 -0.178356 0.143004 0.954089 0.263179 0.144493 -0.283189 0.948117
20 5 111111 0
123.905 33.7912 -26.8789 -0.84274 -0.496047 -0.209111 -0.527396 0.838661 0.136019 0.107902 0.224913 -0.968386
20 5 111111 0
123.949 10.8734 -33.9695 -0.992259 0.0382521 -0.118145 -0.0556394 0.713602 0.698339 0.111022 0.699507 -0.705949
20 5 111111 0
125.679 21.86 -28.8871 -0.950469 -0.230477 -0.208542 -0.301737 0.845206 0.441114 0.0745948 0.48219 -0.872885
20 5 111111 0
125.679 21.86 -28.8871 -0.950469 -0.230477 -0.208542 -0.301737 0.845206 0.441114 0.0745948 0.48219 -0.872885
20 4 111111 0
57.5018 -30.1193 16.6982 0.119979 0.166966 -0.978636 0.944768 -0.322034 0.0608843 -0.304988 -0.931889 -0.196381
20 7 111111 0
98.2139 -13.4351 -54.8428 -0.708211 0.694192 0.128586 0.488063 0.3498 0.799647 0.510129 0.629077 -0.586542
20 4 111111 0
40.154 -30.7766 -0.179415 0.48901 -0.0208094 -0.87203 0.87186 0.0426027 0.487898 0.0269979 -0.998875 0.038976
20 4 111111 0
18.9791 -11.6766 -14.5862 0.88332 -0.00985845 -0.468666 0.392238 0.563025 0.727429 0.256699 -0.826381 0.501198
20 5 111111 0
127.545 16.851 -17.2268 -0.962532 -0.271165 0.00103124 -0.269511 0.956227 -0.113988 0.0299234 -0.109995 -0.993482
20 5 111111 0
118.031 -8.05645 -34.1225 -0.955278 0.285656 -0.0764512 0.225727 0.871424 0.435508 0.191027 0.398774 -0.896932
20 5 111111 0
124.892 2.60124 -24.2116 -0.996941 0.00211626 -0.0781287 -0.0105876 0.986762 0.161828 0.077437 0.16216 -0.983721
20 5 111111 0
124.892 2.60124 -24.2117 -0.996941 0.0021163 -0.0781288 -0.0105875 0.986762 0.161828 0.077437 0.16216 -0.983721
20 6 111111 0
53.2867 -38.4778 -12.0846 0.0675146 0.649373 -0.757467 0.987875 0.0628724 0.141952 0.139803 -0.757866 -0.637255
20 7 111111 0
73.8205 -30.0628 -48.1675 -0.350196 0.915288 -0.199022 0.757528 0.401723 0.514558 0.550921 0.0294317 -0.834038
20 4 111111 0
31.6557 -24.6994 -28.5859 0.477716 0.584697 -0.655681 0.748696 0.119505 0.652052 0.45961 -0.802402 -0.380671
20 5 111111 0
102.284 -30.2475 -20.8687 -0.771494 0.612283 -0.172939 0.627426 0.777245 -0.0471932 0.10552 -0.144915 -0.983801
20 5 111111 0
113.915 -19.13 -6.22973 -0.913808 0.404537 -0.0361114 0.392506 0.856773 -0.334485 -0.104372 -0.319829 -0.941709
20 5 111111 0
113.915 -19.13 -6.22973 -0.913808 0.404537 -0.0361114 0.392506 0.856773 -0.334485 -0.104372 -0.319829 -0.941709
20 5 111111 0
63.9151 66.7405 -45.087 0.235167 -0.601617 -0.763383 -0.927355 0.0963048 -0.361577 0.291048 0.792958 -0.535265
20 7 111111 0
52.4806 45.9429 -62.5495 0.494159 -0.741776 -0.453404 -0.579218 0.108008 -0.807985 0.648316 0.661893 -0.376277
20 7 111111 0
121.084 -9.36304 -13.8276 -0.739909 -0.594492 0.314825 0.654925 -0.529701 0.538972 -0.153652 0.604976 0.781278
20 4 111111 0
80.4145 -39.5848 -19.3033 0.0910441 -0.991714 0.090638 0.990952 0.0812072 -0.106865 0.0986191 0.0995473 0.990134
20 7 111111 0
98.4039 -25.8581 -40.7588 -0.270174 -0.777139 0.568385 0.888649 -0.428476 -0.163437 0.370552 0.460938 0.806367
20 4 111111 0
52.8693 -30.7286 -43.0208 0.539172 -0.839604 0.0660161 0.715841 0.415574 -0.561132 0.443694 0.349804 0.82509
20 4 111111 0
52.8693 -30.7286 -43.0208 0.539172 -0.839604 0.0660161 0.715841 0.415574 -0.561132 0.443694 0.349804 0.82509
20 6 111111 0
67.0371 72.8095 2.81976 0.00294866 -0.0235634 -0.999718 -0.832754 -0.553542 0.0105908 -0.553635 0.832488 -0.0212548
20 6 111111 0
83.4691 64.688 16.0849 -0.256352 -0.137786 -0.956712 -0.624258 -0.732075 0.272704 -0.73796 0.667144 0.101655
20 6 111111 0
83.4691 64.688 16.0849 -0.256352 -0.137786 -0.956712 -0.624258 -0.732075 0.272705 -0.73796 0.667144 0.101655
20 6 111111 0
49.9261 67.1887 -37.6982 0.401572 -0.323661 -0.856728 -0.907125 -0.0119169 -0.420693 0.125952 0.946098 -0.298386
20 7 111111 0
49.9261 67.1887 -37.6982 0.401572 -0.323661 -0.856728 -0.907125 -0.0119169 -0.420693 0.125952 0.946098 -0.298386
20 4 111111 0
91.4264 -34.4473 -29.4439 -0.110802 -0.935225 0.33627 0.969721 -0.175829 -0.169484 0.217632 0.307309 0.92639
20 5 111111 0
91.4264 -34.4473 -29.4439 -0.110802 -0.935225 0.33627 0.969721 -0.175829 -0.169484 0.217632 0.307309 0.92639
20 6 111111 0
64.6487 -26.4848 -52.7019 0.354403 -0.90019 0.253094 0.726292 0.0945127 -0.680858 0.588981 0.425118 0.687296
20 7 111111 0
64.6487 -26.4848 -52.7019 0.354403 -0.90019 0.253094 0.726292 0.0945126 -0.680858 0.588981 0.425118 0.687296
20 6 111111 0
64.6487 -26.4848 -52.7019 0.354403 -0.90019 0.253094 0.726292 0.0945127 -0.680858 0.588981 0.425118 0.687296
20 7 111111 0
64.6487 -26.4848 -52.7019 0.354403 -0.90019 0.253094 0.726292 0.0945126 -0.680858 0.588981 0.425118 0.687296
20 4 111111 0
76.9122 74.8392 -9.38072 -0.103872 -0.261147 -0.959694 -0.925035 -0.329137 0.189684 -0.365406 0.907453 -0.207382
20 5 111111 0
76.9122 74.8392 -9.38072 -0.103872 -0.261147 -0.959694 -0.925035 -0.329137 0.189684 -0.365406 0.907453 -0.207382
20 4 111111 0
88.4295 -36.3778 -3.13082 -0.0824715 -0.806775 0.585075 0.937494 0.136357 0.320175 -0.338088 0.57491 0.745101
20 5 111111 0
88.4295 -36.3778 -3.13082 -0.0824715 -0.806775 0.585075 0.937494 0.136357 0.320175 -0.338088 0.57491 0.745101
20 5 111111 0
94.029 69.2723 -5.39481 -0.180186 -0.950502 -0.253136 -0.938508 0.0890771 0.333568 -0.294509 0.297675 -0.908105
20 5 111111 0
123.727 13.25 5.71212 -0.803218 -0.553959 0.219022 0.0187201 0.344025 0.938774 -0.595391 0.75814 -0.265957
20 4 111111 0
70.0948 -0.44301 40.6445 0.203561 -0.836427 -0.508874 0.463382 -0.375548 0.802646 -0.862462 -0.399191 0.311138
20 5 111111 0
113.746 -20.3094 -14.3253 -0.683628 -0.274182 0.67637 0.675628 0.112726 0.728574 -0.276006 0.955048 0.108182
20 4 111111 0
35.3689 -27.8601 -1.26358 0.769285 -0.495276 0.403611 0.571821 0.815519 -0.0891592 -0.284994 0.299382 0.910576
20 4 111111 0
35.3689 -27.8601 -1.26358 0.769285 -0.495276 0.403611 0.571821 0.815519 -0.0891592 -0.284994 0.299382 0.910576
20 5 111111 0
110.746 55.2954 0.741256 -0.48639 -0.865568 0.119235 -0.805792 0.49713 0.321809 -0.337822 0.0604458 -0.939267
20 6 111111 0
45.691 13.1698 38.2281 0.381359 0.000755064 -0.924427 0.347197 -0.926906 0.142474 -0.856749 -0.375292 -0.353747
20 5 111111 0
122.373 -5.4413 -6.98666 -0.883083 -0.154191 0.443159 0.268669 0.60815 0.746975 -0.384684 0.778703 -0.49562
20 4 111111 0
48.0676 -2.20141 35.7284 0.490574 -0.495846 -0.716571 0.522843 -0.490366 0.697264 -0.697117 -0.716713 0.0186894
20 4 111111 0
41.8192 -13.3578 26.2508 0.681212 -0.693578 -0.234306 0.520767 0.234142 0.820962 -0.514541 -0.681268 0.520693
20 4 111111 0
27.4675 -12.0385 12.868 0.86945 -0.362266 0.335885 0.275805 0.920027 0.278356 -0.409863 -0.149378 0.899833
20 4 111111 0
27.4675 -12.0385 12.868 0.86945 -0.362266 0.335885 0.275805 0.920027 0.278356 -0.409863 -0.149378 0.899833
20 5 111111 0
123.884 25.4142 4.06828 -0.807679 -0.548688 0.215863 -0.319801 0.715232 0.621426 -0.495361 0.432879 -0.753149
20 5 111111 0
123.884 25.4142 4.06828 -0.807679 -0.548688 0.215863 -0.319801 0.715232 0.621426 -0.495361 0.432879 -0.753149
20 5 111111 0
118.322 35.3551 11.145 -0.697076 -0.547712 0.462706 -0.550327 0.822372 0.144374 -0.459591 -0.154 -0.874677
20 5 111111 0
110.211 -24.1111 -15.1586 -0.798701 0.321727 0.508496 0.563688 0.695743 0.445193 -0.210552 0.642209 -0.737045
20 4 111111 0
30.5662 -7.63144 20.6461 0.663622 -0.0115724 -0.747978 0.627095 -0.53656 0.564673 -0.40787 -0.843783 -0.348816
20 4 111111 0
23.8505 -1.68965 16.0409 0.888323 -0.310771 -0.338088 0.370069 0.048539 0.927735 -0.271902 -0.949245 0.158125
20 5 111111 0
122.114 1.74859 4.32993 -0.886102 -0.127048 0.445738 0.0226563 0.948675 0.315439 -0.462936 0.28961 -0.837745
20 5 111111 0
122.114 1.74859 4.32993 -0.886102 -0.127048 0.445738 0.0226563 0.948675 0.315439 -0.462936 0.28961 -0.837745
31 5 111111 0
108.487 28.2654 -56.0779 -0.68994 -0.25375 -0.677933 -0.409902 0.908876 0.07697 0.596626 0.330991 -0.731083
31 5 111111 0
115.878 48.5604 -30.5159 -0.755107 -0.454906 -0.472096 -0.654552 0.563853 0.503619 0.0370934 0.689297 -0.723529
31 5 111111 0
121.332 35.9783 -30.9057 -0.923856 -0.18421 -0.335496 -0.382735 0.44957 0.807094 0.00215382 0.874045 -0.485841
31 5 111111 0
120.539 40.3233 -29.2499 -0.861348 -0.321652 -0.393217 -0.508013 0.543298 0.668394 -0.00135616 0.775479 -0.631372
31 5 111111 0
120.539 40.3233 -29.2499 -0.861348 -0.321652 -0.393217 -0.508013 0.543298 0.668394 -0.00135617 0.775479 -0.631372
31 4 111111 0
53.9307 -31.5933 2.83045 0.333026 -0.571311 -0.750132 0.93932 0.131585 0.3168 -0.0822852 -0.810117 0.580465
31 4 111111 0
53.9307 -31.5933 2.83044 0.333026 -0.571311 -0.750132 0.93932 0.131585 0.3168 -0.0822852 -0.810117 0.580465
30 4 111111 0
27.8071 -28.2952 -32.1949 0.61268 -0.23915 -0.75328 0.660711 0.678002 0.322139 0.433686 -0.695068 0.573408
30 4 111111 0
27.8071 -28.2952 -32.1949 0.61268 -0.23915 -0.75328 0.660711 0.678002 0.322139 0.433686 -0.695069 0.573408
35 6 111111 0
124.125 30.1115 -13.8476 -0.980025 -0.141239 0.140012 -0.00432465 -0.688714 -0.72502 0.198829 -0.711143 0.674346
35 7 111111 0
124.126 30.1114 -13.8485 -0.980022 -0.141251 0.140021 -0.00432371 -0.688709 -0.725025 0.198844 -0.711145 0.674339
35 6 111111 0
67.9004 73.7084 -39.8886 -0.29564 0.915472 -0.272963 -0.883643 -0.153487 0.442286 0.363004 0.371959 0.854327
35 7 111111 0
67.9013 73.7083 -39.8888 -0.295654 0.91547 -0.272953 -0.883636 -0.153501 0.442294 0.363008 0.371958 0.854326
35 6 111111 0
99.9091 69.3451 -14.3898 -0.793816 0.503661 0.340855 -0.596077 -0.755518 -0.271818 0.120618 -0.418949 0.899963
35 7 111111 0
99.9094 69.3448 -14.3905 -0.793818 0.503649 0.340867 -0.596071 -0.755523 -0.271817 0.120632 -0.418954 0.899959
35 6 111111 0
85.2371 78.2838 -18.1481 -0.610376 0.760569 0.221307 -0.78233 -0.622604 -0.0179911 0.124103 -0.184116 0.975038
35 7 111111 0
85.2377 78.2836 -18.1487 -0.610382 0.76056 0.221318 -0.782323 -0.622614 -0.0179873 0.124115 -0.184121 0.975036
35 6 111111 0
92.4547 74.6988 -15.7414 -0.705471 0.643722 0.296534 -0.699344 -0.700158 -0.143861 0.115015 -0.308869 0.944125
35 7 111111 0
92.4552 74.6985 -15.7421 -0.705476 0.643712 0.296546 -0.699337 -0.700166 -0.143858 0.115028 -0.308874 0.944121
35 6 111111 0
92.4547 74.6988 -15.7414 -0.705471 0.643722 0.296534 -0.699344 -0.700158 -0.143861 0.115015 -0.308869 0.944125
35 7 111111 0
92.4552 74.6985 -15.7421 -0.705476 0.643712 0.296546 -0.699337 -0.700166 -0.143858 0.115028 -0.308874 0.944121
35 6 111111 0
91.4571 49.1127 28.5244 -0.614698 0.503956 -0.606773 -0.281862 -0.858825 -0.427755 -0.736682 -0.0919139 0.669964
35 7 111111 0
97.1728 33.8411 -63.6811 -0.274037 -0.884937 0.376551 -0.18086 -0.337133 -0.923921 0.94456 -0.321292 -0.067663
35 6 111111 0
17.8366 48.4929 -30.8638 0.704953 0.514178 -0.488531 -0.694901 0.638586 -0.330636 0.141963 0.572564 0.807476
35 7 111111 0
107.543 35.7798 -54.5041 -0.799811 0.324455 0.505006 -0.00317314 -0.843598 0.536966 0.600243 0.427869 0.675748
35 6 111111 0
51.9128 71.6762 15.8522 -0.0865538 0.913758 -0.396932 -0.777687 -0.310992 -0.54634 -0.622665 0.261401 0.737535
35 6 111111 0
33.5041 70.5619 3.93636 0.249323 0.895487 -0.368702 -0.851933 0.0217784 -0.523197 -0.460486 0.444555 0.768325
35 6 111111 0
42.1638 72.0332 10.4763 0.0833341 0.922892 -0.375934 -0.828773 -0.145291 -0.540395 -0.553346 0.356597 0.75276
35 6 111111 0
42.1638 72.0332 10.4763 0.0833341 0.922892 -0.375934 -0.828773 -0.145291 -0.540395 -0.553346 0.356597 0.75276
35 6 111111 0
55.7055 62.5992 23.0288 0.0325859 0.429519 -0.90247 -0.553514 -0.744081 -0.374121 -0.832202 0.511721 0.213498
35 7 111111 0
61.2954 47.6635 -67.1487 0.365754 -0.928825 0.0592263 -0.454734 -0.233864 -0.859375 0.81206 0.287388 -0.507905
35 6 111111 0
12.5627 10.4225 -34.482 0.986615 -0.0839904 -0.139775 -0.0450205 0.683543 -0.728521 0.156731 0.725062 0.670612
35 6 111111 0
18.5444 56.7529 3.43805 0.589616 0.617094 -0.521103 -0.573204 -0.134838 -0.808243 -0.569026 0.775251 0.274218
35 7 111111 0
57.3875 28.415 -74.5008 0.312157 -0.644965 0.697551 0.102581 -0.707066 -0.699668 0.944476 0.289962 -0.154555
35 6 111111 0
8.47727 44.59 -9.82543 0.821208 0.468774 -0.325373 -0.447591 0.175482 -0.876851 -0.353948 0.865712 0.353927
35 6 111111 0
12.5622 51.2263 -2.98066 0.714911 0.55962 -0.4192 -0.519329 0.0235373 -0.85425 -0.468188 0.828415 0.307454
35 6 111111 0
12.5622 51.2263 -2.98066 0.714911 0.55962 -0.4192 -0.519329 0.0235374 -0.85425 -0.468188 0.828415 0.307454
35 6 111111 0
30.9834 65.6224 -25.5033 0.693615 -0.29511 -0.657121 -0.713694 -0.40522 -0.571348 -0.0976682 0.865279 -0.491684
35 7 111111 0
30.9834 65.6224 -25.5033 0.693615 -0.29511 -0.657121 -0.713694 -0.40522 -0.571348 -0.0976681 0.865279 -0.491684
35 6 111111 0
51.6193 -24.9373 -48.6224 0.479903 -0.634749 0.605629 0.786709 0.00581661 -0.617296 0.388305 0.772697 0.502154
35 7 111111 0
51.6193 -24.9373 -48.6224 0.479903 -0.634749 0.605629 0.78671 0.00581653 -0.617296 0.388305 0.772697 0.502154
35 6 111111 0
11.9926 31.3628 -44.3961 0.972801 -0.230966 -0.0177085 -0.0840411 -0.280664 -0.95612 0.215861 0.931602 -0.292441
35 7 111111 0
11.9926 31.3628 -44.3961 0.972801 -0.230966 -0.0177084 -0.0840411 -0.280664 -0.95612 0.215861 0.931602 -0.292441
35 6 111111 0
18.4146 11.5197 -52.0544 0.898468 -0.321649 0.298827 0.246423 -0.193862 -0.949575 0.363361 0.926801 -0.0949173
35 7 111111 0
18.4146 11.5197 -52.0544 0.898468 -0.321649 0.298827 0.246423 -0.193862 -0.949575 0.363361 0.926801 -0.0949173
35 6 111111 0
14.0297 21.4097 -48.637 0.951837 -0.268371 0.148266 0.0836843 -0.237817 -0.967698 0.294962 0.933499 -0.203905
35 7 111111 0
14.0297 21.4097 -48.637 0.951837 -0.268371 0.148266 0.0836844 -0.237817 -0.967698 0.294962 0.933499 -0.203905
35 6 111111 0
14.0297 21.4097 -48.637 0.951837 -0.268371 0.148266 0.0836844 -0.237817 -0.967698 0.294962 0.933499 -0.203905
35 7 111111 0
14.0297 21.4097 -48.637 0.951837 -0.268371 0.148266 0.0836844 -0.237817 -0.967698 0.294962 0.933499 -0.203905
35 6 111111 0
124.125 30.1115 -13.848 -0.980023 -0.141245 0.140016 -0.00432418 -0.688712 -0.725022 0.198837 -0.711144 0.674343
35 7 111111 0
124.125 30.1115 -13.848 -0.980023 -0.141245 0.140016 -0.00432418 -0.688712 -0.725022 0.198837 -0.711144 0.674343
35 6 111111 0
67.9009 73.7083 -39.8887 -0.295647 0.915471 -0.272958 -0.88364 -0.153494 0.44229 0.363006 0.371958 0.854326
35 7 111111 0
67.9009 73.7083 -39.8887 -0.295647 0.915471 -0.272958 -0.88364 -0.153494 0.44229 0.363006 0.371958 0.854326
35 6 111111 0
99.9093 69.3449 -14.3901 -0.793817 0.503655 0.340861 -0.596074 -0.75552 -0.271817 0.120625 -0.418951 0.899961
35 7 111111 0
99.9093 69.3449 -14.3902 -0.793817 0.503655 0.340861 -0.596074 -0.75552 -0.271817 0.120625 -0.418951 0.899961
35 6 111111 0
85.2374 78.2837 -18.1484 -0.610379 0.760564 0.221312 -0.782326 -0.622609 -0.0179892 0.124109 -0.184119 0.975037
35 7 111111 0
85.2374 78.2837 -18.1484 -0.610379 0.760564 0.221312 -0.782326 -0.622609 -0.0179892 0.124109 -0.184119 0.975037
35 6 111111 0
92.455 74.6986 -15.7417 -0.705473 0.643717 0.29654 -0.699341 -0.700162 -0.14386 0.115021 -0.308872 0.944123
35 7 111111 0
92.455 74.6986 -15.7417 -0.705473 0.643717 0.29654 -0.699341 -0.700162 -0.14386 0.115021 -0.308872 0.944123
35 6 111111 0
92.455 74.6986 -15.7417 -0.705473 0.643717 0.29654 -0.699341 -0.700162 -0.14386 0.115021 -0.308872 0.944123
35 7 111111 0
92.455 74.6986 -15.7417 -0.705473 0.643717 0.29654 -0.699341 -0.700162 -0.143859 0.115021 -0.308872 0.944123
35 6 111111 0
6.93898 15.6727 -37.9458 0.954056 0.0330021 0.297806 0.282387 -0.43133 -0.856862 0.100174 0.90159 -0.420832
35 6 111111 0
6.93898 15.6727 -37.9458 0.954056 0.0330021 0.297806 0.282387 -0.43133 -0.856862 0.100174 0.90159 -0.420832
35 6 111111 0
6.93898 15.6727 -37.9458 0.954056 0.0330021 0.297806 0.282387 -0.43133 -0.856862 0.100174 0.90159 -0.420832
35 6 111111 0
6.93898 15.6727 -37.9458 0.954056 0.0330021 0.297806 0.282387 -0.43133 -0.856862 0.100174 0.90159 -0.420832
35 7 111111 0
33.7519 68.0765 -8.29993 0.65644 -0.340836 -0.672992 -0.667065 -0.678876 -0.306842 -0.352295 0.650352 -0.673001
35 7 111111 0
33.7519 68.0765 -8.29993 0.65644 -0.340836 -0.672992 -0.667065 -0.678876 -0.306842 -0.352295 0.650352 -0.673001
35 7 111111 0
58.5661 -34.2241 -33.2097 0.326541 -0.501651 0.801073 0.941113 0.0939994 -0.324761 0.0876163 0.859948 0.502805
35 7 111111 0
58.5661 -34.2241 -33.2097 0.326541 -0.501651 0.801073 0.941113 0.0939994 -0.324761 0.0876163 0.859948 0.502805
35 6 111111 0
12.2242 53.552 -17.8586 0.907704 -0.0815098 -0.411618 -0.357071 -0.665272 -0.655677 -0.220394 0.742138 -0.632975
35 6 111111 0
12.2242 53.552 -17.8586 0.907704 -0.0815098 -0.411618 -0.357071 -0.665272 -0.655677 -0.220394 0.742138 -0.632975
35 6 111111 0
36.9802 -19.1074 -45.1417 0.567381 -0.246907 0.785567 0.787734 -0.115187 -0.60515 0.239903 0.962169 0.129142
35 6 111111 0
36.9802 -19.1074 -45.1417 0.567381 -0.246907 0.785567 0.787734 -0.115187 -0.60515 0.239903 0.962169 0.129142
35 6 111111 0
6.93898 15.6727 -37.9458 0.954056 0.0330021 0.297806 0.282387 -0.43133 -0.856862 0.100174 0.90159 -0.420832
35 6 111111 0
6.93898 15.6727 -37.9458 0.954056 0.0330021 0.297806 0.282387 -0.43133 -0.856862 0.100174 0.90159 -0.420832
35 6 111111 0
6.93898 15.6727 -37.9458 0.954056 0.0330021 0.297806 0.282387 -0.43133 -0.856862 0.100174 0.90159 -0.420832
35 6 111111 0
6.93898 15.6727 -37.9458 0.954056 0.0330021 0.297806 0.282387 -0.43133 -0.856862 0.100174 0.90159 -0.420832
35 6 111111 0
95.637 27.6399 34.1809 -0.670765 0.440163 -0.596935 0.0660367 -0.766212 -0.639186 -0.738725 -0.468163 0.484881
35 5 111111 0
102.815 46.6119 -53.4553 -0.384297 -0.858287 0.340086 -0.463782 -0.139039 -0.874971 0.798262 -0.493975 -0.344626
35 4 111111 0
12.3772 37.2841 -28.4491 0.819277 0.485601 -0.304922 -0.540287 0.831858 -0.126897 0.192031 0.268709 0.943885
35 7 111111 0
94.858 36.3714 -64.3331 -0.66645 0.633397 0.393258 -0.07595 -0.582409 0.80934 0.741671 0.509517 0.436253
35 6 111111 0
81.032 50.0665 32.3691 -0.561367 0.766035 -0.313141 -0.331304 -0.554767 -0.763198 -0.758357 -0.324689 0.565219
35 6 111111 0
13.0217 53.4336 -7.28295 0.675339 0.730798 -0.0992555 -0.704148 0.598907 -0.381426 -0.219301 0.327482 0.919055
35 6 111111 0
41.0521 65.4284 22.305 0.0528474 0.998445 -0.0177248 -0.730779 0.0265711 -0.682097 -0.680566 0.049 0.731047
35 6 111111 0
41.0521 65.4284 22.305 0.0528474 0.998445 -0.0177248 -0.730779 0.0265711 -0.682097 -0.680566 0.049 0.731047
35 6 111111 0
65.1016 41.0941 38.6392 -0.136839 0.436252 -0.889359 -0.126843 -0.89813 -0.421038 -0.982439 0.0551944 0.178235
35 5 111111 0
72.9093 61.7292 -56.6792 0.17474 -0.976021 0.129802 -0.703106 -0.215979 -0.677492 0.689281 0.0271199 -0.723987
35 4 111111 0
11.0461 4.52893 -20.7922 0.999847 -0.0106684 0.0138382 0.0159647 0.879664 -0.475327 -0.00710194 0.475476 0.8797
35 7 111111 0
100.757 3.53624 -59.8218 -0.61612 0.150084 0.773221 0.521005 -0.658579 0.54298 0.59072 0.737393 0.327569
35 6 111111 0
47.4007 49.4129 33.7129 0.0246072 0.768306 -0.639609 -0.304399 -0.603664 -0.736839 -0.952227 0.212828 0.219017
35 7 111111 0
54.8148 58.3735 -63.4319 0.389386 -0.790106 0.473404 -0.458066 -0.612017 -0.644678 0.799096 0.0341779 -0.600232
35 6 111111 0
5.17831 20.7342 -8.8729 0.940718 0.325352 0.0958916 -0.152557 0.658347 -0.737093 -0.302945 0.678768 0.668954
35 6 111111 0
16.0022 43.4899 17.3552 0.544447 0.826224 -0.144678 -0.364206 0.0774807 -0.92809 -0.7556 0.557988 0.3431
35 6 111111 0
16.0022 43.4899 17.3552 0.544447 0.826224 -0.144678 -0.364206 0.0774807 -0.92809 -0.7556 0.557988 0.3431
35 6 111111 0
33.6086 67.5216 -5.86151 0.647443 -0.304577 -0.698606 -0.651912 -0.696139 -0.300667 -0.394751 0.650094 -0.649268
35 7 111111 0
34.0083 68.5779 -10.7407 0.663392 -0.376868 -0.646437 -0.68141 -0.661221 -0.313794 -0.309179 0.648657 -0.695451
35 6 111111 0
56.2658 -34.1374 -32.2221 0.367684 -0.504849 0.780984 0.927109 0.133396 -0.350249 0.072643 0.852838 0.517098
35 7 111111 0
60.8579 -34.1882 -34.22 0.284966 -0.496621 0.819855 0.952961 0.0546562 -0.298124 0.103244 0.866245 0.488835
35 6 111111 0
12.0967 53.3232 -15.3675 0.897245 -0.0415107 -0.439578 -0.353177 -0.664967 -0.658092 -0.264987 0.745719 -0.611298
35 7 111111 0
12.4762 53.7819 -20.3401 0.915917 -0.121282 -0.382605 -0.361043 -0.665394 -0.653375 -0.17534 0.736574 -0.653234
35 6 111111 0
35.0732 -18.9666 -43.5238 0.598931 -0.241489 0.763521 0.772773 -0.0757453 -0.630146 0.210007 0.967443 0.14125
35 7 111111 0
38.9053 -19.1254 -46.7442 0.535026 -0.250781 0.806757 0.800551 -0.15462 -0.578974 0.269936 0.955616 0.118037
35 6 111111 0
6.03985 15.8182 -35.6124 0.960826 0.0611197 0.270329 0.271426 -0.404761 -0.87321 0.0560486 0.912377 -0.405495
35 7 111111 0
7.92624 15.6099 -40.247 0.945492 0.00569178 0.325595 0.291917 -0.457932 -0.839692 0.144321 0.888969 -0.434633
35 6 111111 0
6.03985 15.8182 -35.6124 0.960826 0.0611197 0.270329 0.271426 -0.404761 -0.87321 0.0560486 0.912377 -0.405495
35 7 111111 0
7.92624 15.6099 -40.247 0.945492 0.00569178 0.325595 0.291917 -0.457932 -0.839692 0.144321 0.888969 -0.434633
35 6 111111 0
33.7519 68.0765 -8.29993 0.65644 -0.340836 -0.672992 -0.667065 -0.678876 -0.306842 -0.352295 0.650352 -0.673001
35 7 111111 0
33.7519 68.0765 -8.29993 0.65644 -0.340837 -0.672992 -0.667065 -0.678876 -0.306842 -0.352295 0.650352 -0.673001
35 6 111111 0
58.5661 -34.2241 -33.2097 0.326541 -0.501651 0.801073 0.941113 0.0939994 -0.324761 0.0876163 0.859948 0.502805
35 7 111111 0
58.5661 -34.2241 -33.2097 0.326541 -0.501651 0.801073 0.941113 0.0939994 -0.324761 0.0876163 0.859948 0.502805
35 6 111111 0
12.2242 53.552 -17.8586 0.907704 -0.0815098 -0.411618 -0.357071 -0.665272 -0.655677 -0.220394 0.742138 -0.632975
35 7 111111 0
12.2242 53.552 -17.8586 0.907704 -0.0815098 -0.411618 -0.357071 -0.665272 -0.655677 -0.220394 0.742138 -0.632975
35 6 111111 0
36.9802 -19.1074 -45.1417 0.567381 -0.246907 0.785567 0.787734 -0.115187 -0.60515 0.239903 0.962169 0.129142
35 7 111111 0
36.9802 -19.1074 -45.1417 0.567381 -0.246907 0.785567 0.787734 -0.115187 -0.60515 0.239903 0.962169 0.129142
35 6 111111 0
6.93898 15.6727 -37.9458 0.954056 0.0330021 0.297806 0.282387 -0.43133 -0.856862 0.100174 0.90159 -0.420832
35 7 111111 0
6.93898 15.6727 -37.9458 0.954056 0.0330021 0.297806 0.282387 -0.43133 -0.856862 0.100174 0.90159 -0.420832
35 6 111111 0
6.93898 15.6727 -37.9458 0.954056 0.0330021 0.297806 0.282387 -0.43133 -0.856862 0.100174 0.90159 -0.420832
35 7 111111 0
6.93898 15.6727 -37.9458 0.954056 0.0330021 0.297806 0.282387 -0.43133 -0.856862 0.100174 0.90159 -0.420832
35 4 111111 0
124.22 5.87624 -2.77704 -0.984194 -0.0577417 -0.167416 0.165204 0.0411874 -0.985399 0.0637941 -0.997482 -0.0309972
35 5 111111 0
124.22 5.87624 -2.77705 -0.984194 -0.0577418 -0.167416 0.165204 0.0411875 -0.985399 0.0637941 -0.997482 -0.0309973
35 4 111111 0
44.9438 39.7526 -63.6903 0.142076 0.939034 -0.313097 -0.443637 0.343166 0.827903 0.884873 0.0212764 0.465345
35 5 111111 0
44.9438 39.7526 -63.6903 0.142076 0.939034 -0.313097 -0.443637 0.343165 0.827903 0.884874 0.0212764 0.465345
35 6 111111 0
121.004 32.2323 -3.84782 -0.979542 -0.0476096 0.195529 -0.190229 -0.0979531 -0.976841 0.0656596 -0.994052 0.0868925
35 7 111111 0
121.004 32.2323 -3.84782 -0.979542 -0.0476096 0.195529 -0.190229 -0.0979531 -0.976841 0.0656597 -0.994052 0.0868924
35 6 111111 0
36.127 59.5051 -50.779 0.235295 0.968302 -0.083834 -0.694889 0.227907 0.682046 0.679533 -0.102227 0.726488
35 7 111111 0
36.127 59.5051 -50.779 0.235295 0.968302 -0.083834 -0.694889 0.227907 0.682046 0.679533 -0.102227 0.726488
35 6 111111 0
103.983 62.4503 -2.43987 -0.785601 0.141413 0.602357 -0.617965 -0.227837 -0.752469 0.0308304 -0.963376 0.266377
35 7 111111 0
103.983 62.4503 -2.43987 -0.785601 0.141413 0.602357 -0.617965 -0.227837 -0.752469 0.0308305 -0.963376 0.266377
35 6 111111 0
36.3415 77.7329 -28.4115 0.186633 0.927643 0.32349 -0.916759 0.04608 0.396774 0.353158 -0.370613 0.859026
35 7 111111 0
36.3415 77.7329 -28.4115 0.186633 0.927643 0.32349 -0.916759 0.0460799 0.396774 0.353158 -0.370613 0.859026
35 6 111111 0
65.0592 84.5642 -5.38995 -0.257794 0.605958 0.752567 -0.965131 -0.198119 -0.171086 0.0454264 -0.770431 0.635903
35 7 111111 0
65.0592 84.5642 -5.38995 -0.257794 0.605958 0.752567 -0.965131 -0.198119 -0.171086 0.0454264 -0.770431 0.635903
35 6 111111 0
65.0591 84.5642 -5.38995 -0.257794 0.605958 0.752567 -0.965131 -0.198119 -0.171086 0.0454264 -0.770431 0.635903
35 7 111111 0
65.0591 84.5642 -5.38995 -0.257794 0.605958 0.752567 -0.965131 -0.198119 -0.171086 0.0454265 -0.770431 0.635903
35 6 111111 0
89.0822 -0.765476 35.9805 -0.503495 0.35943 -0.785687 0.493011 -0.627264 -0.602894 -0.70953 -0.690906 0.138621
35 5 111111 0
115.501 45.933 -35.9485 -0.608624 -0.762547 0.219313 -0.605356 0.267564 -0.749636 0.512953 -0.589009 -0.624459
35 4 111111 0
11.883 20.4302 -27.4338 0.905336 0.350765 -0.239437 -0.290283 0.922615 0.254002 0.310003 -0.160453 0.937098
35 7 111111 0
91.4747 15.4231 -68.5745 -0.609027 0.747833 0.264259 0.157082 -0.212852 0.964375 0.777439 0.628841 0.0121615
35 6 111111 0
89.7346 18.0411 36.1736 -0.631097 0.573878 -0.521901 0.195426 -0.533482 -0.822925 -0.750684 -0.621338 0.224528
35 5 111111 0
99.2802 62.4191 -41.234 -0.363518 -0.795246 0.48522 -0.718734 -0.0919587 -0.689177 0.592686 -0.599272 -0.538142
35 4 111111 0
7.91174 33.7645 -14.4167 0.890051 0.45565 -0.0138852 -0.455788 0.890042 -0.00912183 0.00820209 0.0144476 0.999862
35 7 111111 0
76.4298 33.2212 -72.36 -0.417662 0.810225 0.41121 -0.0182671 -0.45997 0.887746 0.908419 0.363266 0.206913
35 6 111111 0
77.2777 40.1909 37.212 -0.539263 0.833782 -0.118332 -0.215503 -0.272464 -0.937722 -0.814097 -0.480178 0.326612
35 6 111111 0
12.4495 47.5222 7.60781 0.678803 0.689907 0.251504 -0.603157 0.719189 -0.344918 -0.418841 0.0824351 0.90431
35 6 111111 0
41.8752 55.2515 31.8145 0.0360914 0.954643 0.295558 -0.598248 0.257541 -0.758796 -0.800498 -0.149431 0.580408
35 6 111111 0
41.8752 55.2515 31.8145 0.0360915 0.954643 0.295558 -0.598248 0.257541 -0.758796 -0.800498 -0.149431 0.580408
35 6 111111 0
61.8441 16.8386 42.6809 0.00895999 0.241824 -0.970279 0.282355 -0.931444 -0.229538 -0.959268 -0.271907 -0.0766261
35 5 111111 0
90.7526 67.9383 -36.0272 -0.106078 -0.985897 0.12944 -0.919531 0.0477191 -0.39011 0.378432 -0.160406 -0.911625
35 4 111111 0
16.116 -5.20581 -6.90107 0.983905 -0.129929 0.122676 0.135564 0.990011 -0.038733 -0.116418 0.0547401 0.991691
35 7 111111 0
103.209 -10.6848 -51.9191 -0.673184 0.304561 0.673844 0.625093 -0.252471 0.738592 0.395073 0.918423 -0.0204195
35 6 111111 0
57.8759 25.4303 41.3833 -0.0720767 0.56363 -0.822877 0.153838 -0.808868 -0.567509 -0.985464 -0.167494 -0.0284075
35 5 111111 0
68.3212 73.9908 -43.3198 0.220721 -0.934532 0.279164 -0.846479 -0.325732 -0.421155 0.484516 -0.143348 -0.862958
35 4 111111 0
11.847 2.95579 -2.92537 0.952741 0.0414081 0.300947 0.0663335 0.938403 -0.339117 -0.296452 0.343054 0.891308
35 6 111111 0
45.1495 32.3406 38.9049 0.00465185 0.886003 -0.463656 -0.0179816 -0.463512 -0.885908 -0.999827 0.0124584 0.0137756
35 7 111111 0
44.2011 69.5176 -51.9731 0.509918 -0.655386 0.557183 -0.578675 -0.740598 -0.341541 0.63649 -0.14827 -0.756899
35 6 111111 0
9.80332 14.53 8.71586 0.812693 0.413224 0.410824 -0.0331664 0.736706 -0.675399 -0.581748 0.535267 0.612421
35 6 111111 0
21.6676 29.2513 28.2993 0.40443 0.904751 0.133648 -0.126448 0.200045 -0.971593 -0.905786 0.376042 0.195308
35 6 111111 0
21.6675 29.2513 28.2993 0.40443 0.904751 0.133648 -0.126448 0.200045 -0.971593 -0.905786 0.376042 0.195308
35 6 111111 0
42.293 58.3131 17.9022 0.554015 -0.401541 -0.729269 -0.457935 -0.878545 0.135847 -0.695243 0.258697 -0.670606
35 5 111111 0
50.1874 72.2674 -3.59141 0.5226 -0.736807 -0.428957 -0.786146 -0.611155 0.0919979 -0.329944 0.289145 -0.898628
35 4 111111 0
57.0029 -37.1151 -1.76147 0.389952 -0.506239 0.769194 0.830311 0.554479 -0.0560104 -0.398147 0.660512 0.636556
35 7 111111 0
80.7863 -38.6113 -14.055 -0.0625656 -0.387588 0.919707 0.963991 0.215182 0.156261 -0.258469 0.896366 0.360169
35 6 111111 0
25.3516 54.0431 12.4032 0.695368 -0.0673514 -0.715491 -0.307644 -0.92766 -0.211668 -0.649476 0.367303 -0.665785
35 7 111111 0
28.204 67.304 -10.7275 0.775325 -0.476469 -0.414546 -0.58081 -0.795725 -0.171701 -0.248054 0.373897 -0.893684
35 6 111111 0
47.3823 -32.9167 -15.8395 0.433876 -0.277273 0.857246 0.867958 0.383839 -0.315147 -0.241663 0.880788 0.4072
35 7 111111 0
67.8567 -33.0791 -33.154 0.0431093 -0.17132 0.984272 0.998696 -0.0195682 -0.047147 0.0273376 0.985021 0.170253
35 6 111111 0
7.60494 38.6265 3.30634 0.842434 0.309396 -0.441111 -0.0212826 -0.798945 -0.601027 -0.538379 0.515714 -0.666474
35 7 111111 0
7.34596 48.7787 -21.5106 0.980412 -0.111526 -0.162341 -0.174397 -0.874612 -0.452371 -0.0915339 0.471822 -0.87693
35 6 111111 0
28.0246 -21.2852 -24.4748 0.594923 0.0975189 0.797845 0.790292 0.110126 -0.602752 -0.146643 0.989122 -0.0115522
35 7 111111 0
42.0872 -19.7413 -47.2537 0.348713 0.100326 0.931844 0.89888 -0.3173 -0.302216 0.265355 0.943003 -0.200828
35 6 111111 0
4.32911 6.43481 -15.234 0.846927 0.463107 0.261241 0.449726 -0.361806 -0.816604 -0.283657 0.809091 -0.514695
35 6 111111 0
4.32911 6.4348 -15.234 0.846927 0.463107 0.261241 0.449726 -0.361806 -0.816604 -0.283657 0.809091 -0.514695
35 4 111111 0
44.7965 66.3902 7.33928 0.566494 -0.578642 -0.586735 -0.636615 -0.759402 0.134274 -0.523264 0.297459 -0.798569
35 4 111111 0
44.7965 66.3902 7.33928 0.566494 -0.578642 -0.586735 -0.636615 -0.759402 0.134274 -0.523264 0.297459 -0.798569
35 5 111111 0
69.338 -39.3002 -6.87552 0.164093 -0.472572 0.86588 0.921974 0.385601 0.0357262 -0.350768 0.792456 0.498974
35 5 111111 0
69.338 -39.3002 -6.87552 0.164093 -0.472572 0.86588 0.921974 0.385601 0.0357262 -0.350768 0.792456 0.498974
35 7 111111 0
25.0334 61.2001 0.924621 0.767094 -0.276063 -0.579099 -0.448929 -0.875832 -0.177149 -0.458289 0.395864 -0.795778
35 7 111111 0
25.0334 61.2001 0.924621 0.767094 -0.276063 -0.579099 -0.448929 -0.875832 -0.177149 -0.458289 0.395864 -0.795778
35 6 111111 0
58.0174 -34.7104 -24.0102 0.238552 -0.246375 0.939357 0.963471 0.181288 -0.197127 -0.121727 0.952068 0.280622
35 6 111111 0
58.0174 -34.7104 -24.0102 0.238552 -0.246375 0.939357 0.963471 0.181288 -0.197127 -0.121727 0.952068 0.280622
35 6 111111 0
5.68879 43.3555 -9.22549 0.94284 0.0981486 -0.318464 -0.0882104 -0.848052 -0.52252 -0.321358 0.520744 -0.79092
35 6 111111 0
5.68879 43.3555 -9.22549 0.94284 0.0981486 -0.318464 -0.0882104 -0.848052 -0.52252 -0.321358 0.520744 -0.79092
35 6 111111 0
35.0321 -22.3321 -36.0022 0.477098 0.0835799 0.874867 0.877195 -0.106358 -0.468207 0.0539166 0.990809 -0.124059
35 6 111111 0
35.0321 -22.3321 -36.0022 0.477098 0.0835799 0.874867 0.877195 -0.106358 -0.468207 0.0539166 0.990809 -0.124059
35 7 111111 0
5.23376 7.42803 -28.6979 0.87295 0.331258 0.358087 0.486214 -0.531533 -0.693591 -0.0394227 0.779578 -0.625064
35 7 111111 0
5.23376 7.42803 -28.6979 0.87295 0.331258 0.358087 0.486214 -0.531533 -0.693591 -0.0394227 0.779578 -0.625064
35 7 111111 0
5.23376 7.42802 -28.6979 0.87295 0.331258 0.358087 0.486214 -0.531533 -0.693591 -0.0394226 0.779578 -0.625064
35 7 111111 0
5.23376 7.42802 -28.6979 0.87295 0.331258 0.358087 0.486214 -0.531533 -0.693591 -0.0394226 0.779578 -0.625064
35 4 111111 0
118.65 -6.01926 3.6057 -0.953677 0.18964 -0.233531 0.287827 0.349415 -0.891664 -0.087496 -0.917576 -0.387812
35 5 111111 0
118.65 -6.01926 3.60569 -0.953677 0.18964 -0.233531 0.287827 0.349415 -0.891664 -0.0874959 -0.917576 -0.387812
35 4 111111 0
37.3845 19.2522 -63.8206 0.291299 0.909287 -0.297223 -0.0745838 0.331339 0.940559 0.95372 -0.251816 0.164337
35 5 111111 0
37.3845 19.2522 -63.8206 0.291299 0.909287 -0.297223 -0.0745838 0.331339 0.940559 0.95372 -0.251816 0.164337
35 6 111111 0
119.668 21.7764 4.50227 -0.987904 0.0747204 0.135878 -0.111685 0.265032 -0.95775 -0.107576 -0.96134 -0.253481
35 7 111111 0
119.668 21.7764 4.50227 -0.987904 0.0747203 0.135878 -0.111685 0.265032 -0.95775 -0.107575 -0.96134 -0.253481
35 6 111111 0
25.7677 42.7929 -53.6842 0.448688 0.890092 -0.0800919 -0.408966 0.284186 0.867171 0.794623 -0.356334 0.491528
35 7 111111 0
25.7677 42.7929 -53.6842 0.448688 0.890092 -0.0800919 -0.408966 0.284186 0.867171 0.794623 -0.356334 0.491528
35 6 111111 0
107.106 52.663 6.82635 -0.816138 0.0694987 0.573662 -0.559488 0.15328 -0.814542 -0.144541 -0.985736 -0.0862139
35 7 111111 0
107.106 52.663 6.82634 -0.816138 0.0694986 0.573662 -0.559488 0.15328 -0.814542 -0.14454 -0.985736 -0.086214
35 6 111111 0
20.7587 64.8673 -32.3815 0.503851 0.810589 0.298463 -0.726538 0.210802 0.653991 0.467201 -0.546359 0.695137
35 7 111111 0
20.7587 64.8673 -32.3815 0.503851 0.810589 0.298463 -0.726538 0.210802 0.653992 0.467201 -0.546359 0.695136
35 6 111111 0
54.841 82.7962 3.85489 -0.0333973 0.430738 0.901859 -0.995216 0.0685607 -0.0695999 -0.0918114 -0.899869 0.426388
35 7 111111 0
54.841 82.7962 3.85489 -0.0333973 0.430738 0.901859 -0.995216 0.0685607 -0.0695998 -0.0918113 -0.899869 0.426388
35 6 111111 0
54.841 82.7962 3.85489 -0.0333973 0.430738 0.901859 -0.995216 0.0685607 -0.0695999 -0.0918114 -0.899869 0.426388
35 7 111111 0
54.841 82.7962 3.85489 -0.0333973 0.430738 0.901859 -0.995216 0.0685607 -0.0695998 -0.0918113 -0.899869 0.426388
35 6 111111 0
71.1405 -17.2893 31.2927 -0.207938 0.451619 -0.867641 0.75176 -0.493716 -0.437152 -0.625795 -0.743158 -0.236847
35 5 111111 0
119.63 46.6069 -15.8957 -0.712678 -0.624329 0.319849 -0.686401 0.526577 -0.501567 0.144718 -0.577 -0.80382
35 4 111111 0
10.9657 13.3759 -14.6445 0.974531 0.207984 -0.0838543 -0.127318 0.820969 0.556596 0.184605 -0.531744 0.82654
35 7 111111 0
86.9491 -7.08921 -64.3271 -0.53967 0.80307 0.252655 0.476151 0.0436617 0.878279 0.694288 0.594283 -0.405946
35 6 111111 0
79.0532 -2.7829 34.4697 -0.45568 0.630748 -0.628103 0.521973 -0.382231 -0.762524 -0.721041 -0.67532 -0.155058
35 5 111111 0
101.286 67.5815 -22.233 -0.403549 -0.756932 0.514006 -0.878836 0.164379 -0.447913 0.254548 -0.632482 -0.731554
35 4 111111 0
8.58396 24.7055 -3.40163 0.950801 0.251909 0.180329 -0.294073 0.916986 0.269552 -0.0974569 -0.309321 0.945951
35 7 111111 0
68.5414 12.3141 -73.4888 -0.299195 0.895454 0.329612 0.290112 -0.243716 0.925439 0.90902 0.372511 -0.186863
35 6 111111 0
78.0564 16.1279 38.0048 -0.545159 0.813147 -0.203945 0.168355 -0.132129 -0.976831 -0.821254 -0.566864 -0.0648658
35 5 111111 0
73.936 81.5942 -28.0093 -0.00403193 -0.666825 0.745203 -0.92886 -0.273537 -0.249793 0.370408 -0.693197 -0.618284
35 4 111111 0
12.7505 34.7864 14.3281 0.769799 0.412418 0.487156 -0.420864 0.901773 -0.0983814 -0.479878 -0.129293 0.867756
35 7 111111 0
46.524 35.0966 -72.3893 0.0405194 0.854295 0.518206 0.0243041 -0.519322 0.854233 0.998883 -0.0220185 -0.0418055
35 6 111111 0
46.3825 39.9894 39.1649 -0.0140464 0.835093 0.54993 -0.386135 0.502789 -0.773371 -0.922335 -0.22321 0.315396
35 7 111111 0
34.3123 72.2085 -47.3041 0.417058 0.139521 0.898107 -0.552281 -0.745888 0.372339 0.721837 -0.651294 -0.234023
35 6 111111 0
46.3825 39.9894 39.1649 -0.0140464 0.835093 0.54993 -0.386135 0.502789 -0.773371 -0.922335 -0.22321 0.315396
35 7 111111 0
34.3123 72.2085 -47.3041 0.417058 0.139521 0.898107 -0.552281 -0.745888 0.372339 0.721837 -0.651294 -0.234023
35 6 111111 0
43.7733 6.63357 36.252 0.370454 0.133151 -0.919258 0.459007 -0.886631 0.0565518 -0.807512 -0.442896 -0.389574
35 5 111111 0
92.6257 71.0086 -11.29 -0.138068 -0.950861 0.277131 -0.98993 0.141308 -0.00834581 -0.0312252 -0.275493 -0.960796
35 4 111111 0
24.2039 -5.37057 13.9769 0.893889 -0.26604 0.360812 0.161378 0.941873 0.294673 -0.418234 -0.205178 0.884863
35 7 111111 0
100.757 -25.9891 -36.0781 -0.63166 0.333506 0.699843 0.76937 0.15874 0.618766 0.0952687 0.929288 -0.356859
35 6 111111 0
44.5012 9.36637 36.5706 0.196486 0.474913 -0.857817 0.449228 -0.82125 -0.351771 -0.871543 -0.316237 -0.374709
35 5 111111 0
66.9009 80.2581 -20.557 0.249007 -0.923165 0.29285 -0.962078 -0.270544 -0.0348023 0.111357 -0.273079 -0.955525
35 4 111111 0
23.3103 -3.62279 14.6678 0.811894 -0.120228 0.571291 0.1793 0.982622 -0.0480205 -0.55559 0.14142 0.819342
35 7 111111 0
83.7171 -16.1071 -55.9446 -0.44747 0.528139 0.721692 0.767863 -0.186777 0.612781 0.45843 0.828362 -0.321961
35 6 111111 0
41.7203 11.4401 36.1154 0.0856055 0.822971 -0.561596 0.381902 -0.547717 -0.744417 -0.92023 -0.150748 -0.361182
35 7 111111 0
37.569 77.3969 -30.3933 0.630788 -0.668091 0.394665 -0.723535 -0.690184 -0.0119308 0.280363 -0.278028 -0.918748
35 6 111111 0
22.9985 -0.182954 18.5685 0.65721 0.203667 0.725668 0.194737 0.884222 -0.424533 -0.728115 0.420322 0.541458
35 6 111111 0
29.492 8.67284 30.2291 0.258822 0.9038 0.340819 0.229129 0.285324 -0.93064 -0.938355 0.318962 -0.133238
35 7 111111 0
17.3314 41.1334 -56.8879 0.693157 0.203015 0.691606 0.0617375 -0.972711 0.223656 0.718138 -0.112331 -0.686775
35 6 111111 0
29.492 8.67284 30.2291 0.258822 0.9038 0.340819 0.229129 0.285324 -0.93064 -0.938355 0.318962 -0.133238
35 7 111111 0
17.3314 41.1334 -56.8879 0.693157 0.203015 0.691606 0.0617375 -0.972711 0.223656 0.718138 -0.112331 -0.686775
35 4 111111 0
44.2762 60.0839 16.6896 0.623516 -0.692655 -0.36257 -0.527826 -0.715063 0.458351 -0.576739 -0.094415 -0.811454
35 5 111111 0
44.2762 60.0839 16.6896 0.623516 -0.692655 -0.36257 -0.527826 -0.715063 0.458351 -0.576739 -0.094415 -0.811454
35 4 111111 0
74.3804 -32.2443 13.9724 0.0551566 -0.381446 0.922744 0.721417 0.654139 0.227287 -0.690301 0.653147 0.311262
35 5 111111 0
74.3804 -32.2443 13.9724 0.0551566 -0.381446 0.922744 0.721417 0.654139 0.227288 -0.690301 0.653147 0.311262
35 6 111111 0
25.3685 55.7356 9.66859 0.796826 -0.365836 -0.480867 -0.32506 -0.930432 0.169214 -0.509318 0.021476 -0.86031
35 7 111111 0
25.3685 55.7356 9.66859 0.796826 -0.365836 -0.480867 -0.32506 -0.930431 0.169214 -0.509318 0.021476 -0.86031
35 6 111111 0
66.6706 -34.8348 -4.96844 0.055852 -0.121404 0.991031 0.892077 0.451855 0.00507835 -0.448419 0.883792 0.133539
35 7 111111 0
66.6706 -34.8348 -4.96844 0.0558519 -0.121404 0.991031 0.892077 0.451855 0.00507837 -0.448419 0.883792 0.133539
35 6 111111 0
7.65516 40.5091 0.980712 0.915055 0.0812056 -0.395069 0.0134875 -0.985135 -0.171253 -0.403103 0.151377 -0.902548
35 7 111111 0
7.65516 40.5091 0.980709 0.915055 0.0812055 -0.395069 0.0134874 -0.985135 -0.171253 -0.403103 0.151377 -0.902548
35 6 111111 0
49.1415 -30.7988 -21.6695 0.188355 0.244017 0.951303 0.962188 0.14822 -0.22853 -0.196767 0.958377 -0.206872
35 7 111111 0
49.1415 -30.7988 -21.6695 0.188355 0.244017 0.951303 0.962188 0.14822 -0.22853 -0.196767 0.958377 -0.206872
35 6 111111 0
8.50817 -2.54922 -21.478 0.717536 0.611576 0.333342 0.686318 -0.53918 -0.488111 -0.118785 0.579016 -0.806617
35 7 111111 0
8.50817 -2.54922 -21.478 0.717536 0.611576 0.333342 0.686318 -0.53918 -0.488111 -0.118785 0.579016 -0.806617
35 6 111111 0
8.50817 -2.54922 -21.478 0.717536 0.611576 0.333342 0.686318 -0.53918 -0.488111 -0.118785 0.579016 -0.806617
35 7 111111 0
8.50817 -2.54922 -21.478 0.717536 0.611576 0.333342 0.686318 -0.53918 -0.488111 -0.118785 0.579016 -0.806617
35 4 111111 0
106.976 -18.3796 5.91954 -0.848132 0.498007 -0.180724 0.478071 0.572435 -0.666158 -0.228298 -0.651389 -0.723583
35 4 111111 0
106.976 -18.3796 5.91954 -0.848132 0.498007 -0.180724 0.478071 0.572435 -0.666158 -0.228298 -0.651389 -0.723583
35 5 111111 0
29.4926 0.236104 -54.6831 0.431696 0.850437 -0.30066 0.337557 0.156787 0.928156 0.836477 -0.502171 -0.219387
35 5 111111 0
29.4926 0.236104 -54.6831 0.431696 0.850437 -0.30066 0.337557 0.156787 0.928156 0.836477 -0.502171 -0.219387
35 6 111111 0
113.158 15.1389 13.8573 -0.934514 0.244435 0.258718 -0.0625021 0.60289 -0.795372 -0.350395 -0.759457 -0.548132
35 6 111111 0
113.158 15.1389 13.8573 -0.934514 0.244435 0.258718 -0.0625021 0.60289 -0.795372 -0.350395 -0.759457 -0.548132
35 6 111111 0
13.9165 31.1145 -44.7737 0.691373 0.722228 -0.0197654 -0.139978 0.160737 0.977021 0.708808 -0.672719 0.212225
35 6 111111 0
13.9165 31.1145 -44.7737 0.691373 0.722228 -0.0197654 -0.139978 0.160737 0.977021 0.708808 -0.672719 0.212225
35 7 111111 0
95.8764 53.5472 20.3027 -0.624399 0.0569724 0.779025 -0.650299 0.514578 -0.558857 -0.432708 -0.855549 -0.284253
35 7 111111 0
95.8764 53.5472 20.3027 -0.624399 0.0569724 0.779025 -0.650299 0.514578 -0.558857 -0.432708 -0.855549 -0.284253
35 7 111111 0
12.4452 60.583 -16.0554 0.736174 0.471125 0.48589 -0.628103 0.208213 0.749756 0.25206 -0.85714 0.449196
35 7 111111 0
12.4452 60.583 -16.0554 0.736174 0.471125 0.48589 -0.628103 0.208213 0.749756 0.25206 -0.85714 0.449196
35 6 111111 0
48.0581 75.7503 15.6068 0.176803 0.140086 0.974226 -0.936313 0.329067 0.122606 -0.30341 -0.933858 0.189345
35 6 111111 0
48.0581 75.7503 15.6068 0.176803 0.140086 0.974226 -0.936313 0.329067 0.122606 -0.30341 -0.933858 0.189345
35 6 111111 0
48.0581 75.7503 15.6068 0.176803 0.140086 0.974226 -0.936313 0.329067 0.122606 -0.30341 -0.933858 0.189345
35 6 111111 0
48.0581 75.7503 15.6068 0.176803 0.140086 0.974226 -0.936313 0.329067 0.122606 -0.30341 -0.933858 0.189345
35 6 111111 0
41.2609 -21.4135 16.5521 0.298653 0.496791 -0.814865 0.869185 -0.494185 0.017276 -0.394112 -0.713428 -0.579393
35 5 111111 0
112.384 47.9728 8.90176 -0.610583 -0.548759 0.57101 -0.716632 0.689739 -0.103436 -0.337087 -0.47236 -0.814401
35 4 111111 0
14.815 17.0098 8.11815 0.981399 -0.0757267 0.176413 -0.0961123 0.60166 0.792949 -0.166188 -0.795155 0.58319
35 7 111111 0
88.0847 -28.6971 -41.621 -0.561897 0.760425 0.325616 0.779467 0.354934 0.516191 0.276952 0.543853 -0.792162
35 6 111111 0
56.1841 -17.9899 23.7196 -0.104954 0.762748 -0.638123 0.80529 -0.311319 -0.504567 -0.583517 -0.566831 -0.581559
35 5 111111 0
85.6576 74.4875 1.11854 -0.141461 -0.743738 0.653332 -0.975498 0.217064 0.0358835 -0.168503 -0.632248 -0.75622
35 4 111111 0
19.7542 23.264 21.1436 0.83342 -0.0469702 0.550641 -0.229981 0.876529 0.422855 -0.502514 -0.479052 0.719714
35 7 111111 0
61.1155 -12.6113 -62.1257 -0.199371 0.934683 0.29431 0.697712 -0.0754911 0.71239 0.688077 0.347374 -0.637089
35 6 111111 0
65.9715 -4.94089 31.5107 -0.37699 0.922029 -0.0879787 0.495032 0.120295 -0.860507 -0.782829 -0.367955 -0.501784
35 5 111111 0
44.6893 82.73 -10.8265 0.462208 -0.553799 0.692582 -0.883358 -0.356003 0.304861 0.07773 -0.752707 -0.653751
35 4 111111 0
34.1362 24.0446 35.2791 0.442098 0.205181 0.873184 -0.231173 0.966662 -0.110103 -0.866665 -0.153181 0.474792
35 7 111111 0
27.1674 16.5415 -63.8506 0.356682 0.857997 0.369619 0.36211 -0.491684 0.791911 0.861194 -0.148618 -0.486064
35 6 111111 0
57.4725 14.3361 39.6991 -0.167761 0.708833 0.685137 0.0183565 0.697112 -0.716727 -0.985657 -0.107662 -0.12996
35 7 111111 0
12.0447 57.9236 -37.5537 0.7855 0.201752 0.585053 -0.296981 -0.706516 0.642368 0.542948 -0.67833 -0.495052
35 6 111111 0
57.4725 14.3361 39.6991 -0.167761 0.708833 0.685137 0.0183565 0.697112 -0.716727 -0.985657 -0.107662 -0.12996
35 7 111111 0
12.0447 57.9236 -37.5537 0.7855 0.201752 0.585053 -0.296981 -0.706516 0.642368 0.542948 -0.67833 -0.495052
35 4 111111 0
26.1782 34.0142 22.2674 0.843675 -0.392322 -0.366465 -0.0280739 -0.713922 0.699662 -0.53612 -0.579999 -0.613332
35 5 111111 0
58.2084 65.262 18.8221 0.434205 -0.86318 0.257657 -0.742238 -0.180748 0.6453 -0.510439 -0.471435 -0.719167
35 4 111111 0
60.1679 -2.53382 38.0103 0.302371 -0.429432 0.850976 0.149253 0.903084 0.402694 -0.941433 0.00524768 0.33716
35 5 111111 0
93.1645 -23.1177 15.6106 -0.392645 -0.0528753 0.918169 0.543566 0.791972 0.278058 -0.741867 0.608263 -0.282223
35 6 111111 0
15.7781 22.4811 15.8565 0.816741 0.0789229 -0.571581 0.289925 -0.912604 0.288267 -0.498876 -0.401155 -0.768243
35 5 111111 0
29.0513 64.1279 5.67821 0.800301 -0.599515 0.0100196 -0.512044 -0.67465 0.531656 -0.311976 -0.430616 -0.846901
35 4 111111 0
61.576 -16.2114 26.1457 0.119668 -0.0968743 0.988076 0.454308 0.89026 0.0322619 -0.88277 0.445031 0.150546
35 7 111111 0
80.2028 -32.3676 -11.3542 -0.345444 0.345208 0.872639 0.87209 0.461523 0.162653 -0.346594 0.817207 -0.460483
35 6 111111 0
13.5583 2.32595 8.43615 0.619657 0.662445 -0.420942 0.640052 -0.736908 -0.217485 -0.454267 -0.134659 -0.88063
35 7 111111 0
3.97397 41.8081 -10.6302 0.997585 -0.00218651 -0.06942 0.0193014 -0.951406 0.307332 -0.0667187 -0.30793 -0.949067
35 6 111111 0
53.1301 -24.2877 10.0678 0.031851 0.454032 0.890416 0.728395 0.59949 -0.331741 -0.684417 0.659141 -0.31162
35 7 111111 0
49.9917 -27.6667 -34.5747 -0.00661555 0.748024 0.663638 0.995577 -0.0572691 0.0744758 0.0937157 0.661196 -0.744337
35 6 111111 0
29.7143 -19.1862 1.77662 0.24589 0.931465 0.268162 0.846993 -0.071954 -0.526712 -0.471319 0.356645 -0.806637
35 7 111111 0
9.25608 0.443206 -33.0138 0.675186 0.703104 0.22309 0.704982 -0.704071 0.0853493 0.217081 0.0996478 -0.971054
35 6 111111 0
29.7143 -19.1862 1.77662 0.24589 0.931465 0.268163 0.846993 -0.071954 -0.526712 -0.471319 0.356645 -0.806637
35 7 111111 0
9.25608 0.443204 -33.0138 0.675186 0.703104 0.22309 0.704982 -0.704071 0.0853493 0.217081 0.0996479 -0.971054
35 5 111111 0
38.5835 53.4281 21.3597 0.7218 -0.690479 -0.0473657 -0.433256 -0.504157 0.747071 -0.539716 -0.518715 -0.663055
35 5 111111 0
38.5835 53.4281 21.3597 0.7218 -0.690479 -0.0473657 -0.433256 -0.504157 0.747071 -0.539716 -0.518715 -0.663055
35 5 111111 0
79.2948 -13.5536 31.3513 -0.0717066 -0.301978 0.950614 0.346903 0.886017 0.307625 -0.935156 0.351829 0.0412235
35 5 111111 0
79.2948 -13.5536 31.3513 -0.0717066 -0.301978 0.950614 0.346903 0.886017 0.307625 -0.935156 0.351829 0.0412235
35 6 111111 0
17.3584 44.8739 10.5952 0.905644 -0.28842 -0.310842 -0.113766 -0.871441 0.477124 -0.408492 -0.396741 -0.822028
35 6 111111 0
17.3584 44.8739 10.5952 0.905644 -0.28842 -0.310842 -0.113766 -0.871441 0.477124 -0.408492 -0.396741 -0.822028
35 6 111111 0
74.064 -27.3766 10.3027 -0.157702 0.0908427 0.983299 0.707953 0.704596 0.0484474 -0.688428 0.70377 -0.175429
35 6 111111 0
74.064 -27.3766 10.3027 -0.157702 0.0908427 0.983299 0.707953 0.704596 0.0484474 -0.688428 0.70377 -0.175429
35 7 111111 0
3.91228 20.3129 -2.28943 0.88847 0.34535 -0.30225 0.384282 -0.919867 0.0785667 -0.250897 -0.185953 -0.949985
35 7 111111 0
3.91228 20.3129 -2.28943 0.88847 0.34535 -0.30225 0.384282 -0.919867 0.0785667 -0.250897 -0.185953 -0.949985
35 7 111111 0
53.7404 -30.8004 -12.0416 -0.0276993 0.608267 0.793249 0.945015 0.274615 -0.177577 -0.325853 0.744714 -0.582428
35 7 111111 0
53.7404 -30.8004 -12.0416 -0.0276993 0.608267 0.793249 0.945015 0.274615 -0.177577 -0.325853 0.744714 -0.582428
35 6 111111 0
17.8931 -14.1145 -17.3585 0.476348 0.855018 0.205028 0.871398 -0.427969 -0.23981 -0.117296 0.292894 -0.948923
35 6 111111 0
17.8931 -14.1145 -17.3585 0.476348 0.855018 0.205028 0.871398 -0.427969 -0.23981 -0.117296 0.292894 -0.948923
35 6 111111 0
17.8931 -14.1146 -17.3585 0.476348 0.855018 0.205028 0.871398 -0.427968 -0.23981 -0.117296 0.292894 -0.948923
35 6 111111 0
17.8931 -14.1146 -17.3585 0.476348 0.855018 0.205028 0.871398 -0.427968 -0.23981 -0.117296 0.292894 -0.948923
35 6 111111 0
109.372 60.2914 -14.2399 -0.895273 0.445517 4.3534e-05 -0.445403 -0.895046 0.0225407 0.0100812 0.0201607 0.999746
35 6 111111 0
109.372 60.2914 -14.2399 -0.895273 0.445517 4.3534e-05 -0.445403 -0.895046 0.0225407 0.0100812 0.0201607 0.999746
35 7 111111 0
109.372 60.2914 -14.2399 -0.895273 0.445517 4.35049e-05 -0.445403 -0.895046 0.0225408 0.0100812 0.0201608 0.999746
35 7 111111 0
109.372 60.2914 -14.2399 -0.895273 0.445517 4.35049e-05 -0.445403 -0.895046 0.0225408 0.0100812 0.0201608 0.999746
35 6 111111 0
116.688 50.3992 -12.7055 -0.964255 0.256617 0.0660302 -0.263273 -0.956042 -0.12912 0.0299934 -0.141888 0.989428
35 6 111111 0
116.688 50.3992 -12.7055 -0.964255 0.256617 0.0660302 -0.263273 -0.956042 -0.12912 0.0299934 -0.141888 0.989428
35 6 111111 0
101.815 67.1266 -17.3171 -0.801208 0.588426 -0.10872 -0.598219 -0.783366 0.168736 0.0141216 0.200231 0.979647
35 6 111111 0
101.815 67.1266 -17.3171 -0.801208 0.588426 -0.10872 -0.598219 -0.783366 0.168736 0.0141216 0.200231 0.979647
35 6 111111 0
109.372 60.2914 -14.2399 -0.895273 0.445517 4.3534e-05 -0.445403 -0.895046 0.0225407 0.0100812 0.0201607 0.999746
35 6 111111 0
109.372 60.2914 -14.2399 -0.895273 0.445517 4.3534e-05 -0.445403 -0.895046 0.0225407 0.0100812 0.0201607 0.999746
35 7 111111 0
109.372 60.2914 -14.2399 -0.895273 0.445517 4.35049e-05 -0.445403 -0.895046 0.0225408 0.0100812 0.0201608 0.999746
35 7 111111 0
109.372 60.2914 -14.2399 -0.895273 0.445517 4.35049e-05 -0.445403 -0.895046 0.0225408 0.0100812 0.0201608 0.999746
35 6 111111 0
56.2564 75.4993 0.779791 -0.0302614 0.635806 -0.771255 -0.885271 -0.375309 -0.274661 -0.46409 0.674458 0.574218
35 7 111111 0
97.8002 12.4662 -64.3599 -0.311213 -0.763831 0.565428 0.299361 -0.643478 -0.704499 0.901959 -0.0499819 0.42892
35 6 111111 0
35.0622 69.4552 -18.8879 0.370946 0.564275 -0.737558 -0.915592 0.0894817 -0.392027 -0.155213 0.820723 0.549838
35 7 111111 0
108.423 12.8225 -55.674 -0.580257 -0.471988 0.663724 0.379055 -0.877815 -0.292845 0.720846 0.0816628 0.688267
35 6 111111 0
44.3051 74.3089 -8.44007 0.180607 0.632247 -0.753423 -0.92794 -0.144404 -0.343621 -0.326051 0.761191 0.560606
35 6 111111 0
44.3051 74.3089 -8.44007 0.180607 0.632247 -0.753422 -0.92794 -0.144404 -0.343621 -0.326051 0.761191 0.560606
35 6 111111 0
22.8584 46.4701 -44.1255 0.824347 -0.222013 -0.520732 -0.519563 0.0684591 -0.851685 0.224734 0.972637 -0.0589158
35 7 111111 0
36.2605 26.1355 -65.1396 0.733712 -0.673538 -0.0895162 -0.137399 -0.0180526 -0.990351 0.665423 0.738932 -0.105789
35 6 111111 0
23.9152 19.1689 -55.2421 0.882483 -0.435768 -0.177004 -0.0821751 0.227694 -0.970259 0.463111 0.870782 0.165127
35 7 111111 0
47.5814 0.89911 -67.1094 0.575624 -0.770068 0.275052 0.33548 -0.0843572 -0.938263 0.745728 0.63236 0.209784
35 6 111111 0
21.2201 33.3221 -50.4134 0.884493 -0.317623 -0.341742 -0.307524 0.153941 -0.939005 0.350858 0.935638 0.0384827
35 7 111111 0
40.0822 13.4374 -67.2518 0.683514 -0.721539 0.110414 0.104859 -0.052636 -0.993093 0.722367 0.690371 0.0396825
35 6 111111 0
21.2201 33.3221 -50.4134 0.884493 -0.317624 -0.341742 -0.307524 0.153941 -0.939005 0.350858 0.935637 0.0384827
35 7 111111 0
40.0822 13.4374 -67.2518 0.683514 -0.721539 0.110414 0.104859 -0.052636 -0.993093 0.722367 0.690371 0.0396825
35 6 111111 0
27.1989 35.9209 -55.7684 0.826259 -0.466859 -0.31518 -0.330248 0.0517875 -0.942472 0.456324 0.882814 -0.11139
35 6 111111 0
27.1989 35.9209 -55.7684 0.826259 -0.466859 -0.31518 -0.330248 0.0517875 -0.942472 0.456324 0.882814 -0.11139
35 7 111111 0
33.9584 8.48723 -62.364 0.770511 -0.635194 0.0532974 0.146291 0.0948332 -0.984686 0.620412 0.766508 0.165993
35 7 111111 0
33.9584 8.48723 -62.364 0.770511 -0.635194 0.0532974 0.146291 0.0948332 -0.984686 0.620412 0.766508 0.165993
35 6 111111 0
28.5184 22.3797 -60.0407 0.829499 -0.545728 -0.118799 -0.0920107 0.0762735 -0.992832 0.550877 0.834484 0.013056
35 6 111111 0
28.5184 22.3797 -60.0407 0.829499 -0.545728 -0.118799 -0.0920107 0.0762735 -0.992832 0.550877 0.834484 0.013056
35 7 111111 0
28.5184 22.3797 -60.0407 0.829499 -0.545728 -0.118799 -0.0920107 0.0762735 -0.992833 0.550878 0.834484 0.013056
35 7 111111 0
28.5184 22.3797 -60.0407 0.829499 -0.545728 -0.118799 -0.0920107 0.0762735 -0.992833 0.550878 0.834484 0.013056
38 6 111111 0
18.0361 51.9099 -40.4065 0.229197 0.934165 0.273503 -0.86631 0.0676518 0.494905 0.44382 -0.350369 0.824782
38 6 111111 0
-6.32443 -5.89326 2.34495 0.829966 0.379697 0.408639 -0.0961689 0.819003 -0.565673 -0.549461 0.430191 0.71626
38 4 111111 0
2.70158 6.92913 16.3808 0.65358 0.462475 0.599125 -0.333599 0.886581 -0.320448 -0.679371 0.00957121 0.733732
38 6 111111 0
2.77561 31.7847 -51.3466 0.58916 0.661198 0.464443 -0.3923 -0.268435 0.879798 0.706393 -0.700542 0.101237
38 7 111111 0
2.77561 31.7847 -51.3466 0.58916 0.661198 0.464443 -0.3923 -0.268435 0.879798 0.706393 -0.700542 0.101237
34 7 111111 0
67.1837 41.718 -74.2325 -0.247934 0.408343 0.878513 -0.116156 -0.912815 0.391505 0.961788 -0.00497699 0.273749
34 7 111111 0
67.1837 41.718 -74.2325 -0.247934 0.408343 0.878513 -0.116156 -0.912815 0.391505 0.961788 -0.00497702 0.273749
42 4 111111 0
44.9692 -45.0616 -27.6664 0.112822 0.753079 -0.648185 0.945631 0.118895 0.30273 0.305045 -0.647099 -0.698721
42 5 111111 0
44.9692 -45.0616 -27.6664 0.112822 0.753079 -0.648185 0.945631 0.118895 0.30273 0.305045 -0.647099 -0.698721
42 4 111111 0
44.9692 -45.0616 -27.6664 0.112822 0.753079 -0.648185 0.945631 0.118895 0.30273 0.305045 -0.647099 -0.698721
42 5 111111 0
44.9692 -45.0616 -27.6664 0.112822 0.753079 -0.648185 0.945631 0.118895 0.30273 0.305045 -0.647099 -0.698721
42 4 111111 0
15.6291 0.933715 10.6008 0.933936 -0.222368 -0.279851 0.240566 -0.188037 0.952245 -0.264371 -0.956658 -0.12212
42 5 111111 0
107.806 -29.7713 -11.5861 -0.883173 0.437124 0.170081 0.431442 0.899339 -0.0710486 -0.184018 0.0106319 -0.982865
42 4 111111 0
15.6291 0.933715 10.6008 0.933936 -0.222368 -0.279851 0.240566 -0.188037 0.952245 -0.264371 -0.956658 -0.12212
42 5 111111 0
107.806 -29.7713 -11.5861 -0.883173 0.437124 0.170081 0.431442 0.899339 -0.0710486 -0.184018 0.0106319 -0.982865
42 4 111111 0
60.1959 27.6863 35.7104 0.334125 -0.782663 0.525166 -0.40709 0.382701 0.829348 -0.850082 -0.490895 -0.190744
42 5 111111 0
101.707 13.8584 25.7186 -0.484201 -0.485665 0.727791 -0.32113 0.872396 0.368513 -0.813895 -0.055281 -0.578376
42 4 111111 0
60.1959 27.6863 35.7104 0.334125 -0.782663 0.525166 -0.40709 0.382701 0.829348 -0.850082 -0.490895 -0.190744
42 5 111111 0
101.707 13.8584 25.7186 -0.484201 -0.485665 0.727791 -0.32113 0.872396 0.368513 -0.813895 -0.055281 -0.578376
42 4 111111 0
82.9564 24.4406 33.9675 -0.085506 -0.711462 0.697503 -0.437089 0.655891 0.615435 -0.895344 -0.252248 -0.367055
42 4 111111 0
82.9564 24.4406 33.9675 -0.085506 -0.711462 0.697503 -0.437089 0.655891 0.615435 -0.895344 -0.252248 -0.367055
42 4 111111 0
82.9564 24.4406 33.9675 -0.085506 -0.711462 0.697503 -0.437089 0.655891 0.615435 -0.895344 -0.252248 -0.367055
42 4 111111 0
82.9564 24.4406 33.9675 -0.085506 -0.711462 0.697503 -0.437089 0.655891 0.615435 -0.895344 -0.252248 -0.367055
34 4 111111 0
8.95845 36.9704 -27.6668 0.708306 0.705354 -0.0279098 -0.67879 0.691419 0.247353 0.193769 -0.156257 0.968523
34 5 111111 0
105.512 19.7071 -60.5094 -0.471101 -0.869553 -0.148127 -0.247435 0.29146 -0.924027 0.846664 -0.398659 -0.352465
34 6 111111 0
15.2848 54.5593 -13.7122 0.573076 0.819381 -0.0141201 -0.813375 0.566603 -0.131842 -0.100028 0.0870405 0.99117
34 7 111111 0
70.0404 37.4107 -75.0358 -0.310908 0.512192 0.800622 -0.0708642 -0.852518 0.517872 0.947795 0.104275 0.30135
34 7 111111 0
67.1837 41.718 -74.2325 -0.247934 0.408343 0.878513 -0.116156 -0.912815 0.391505 0.961788 -0.00497699 0.273749
34 7 111111 0
67.1837 41.718 -74.2325 -0.247934 0.408343 0.878513 -0.116156 -0.912815 0.391505 0.961788 -0.00497702 0.273749
34 4 111111 0
7.54136 37.9844 -25.5496 0.724741 0.653742 0.217651 -0.643827 0.530009 0.551886 0.245434 -0.540103 0.805016
34 5 111111 0
121.825 21.5606 -36.923 -0.800541 -0.598949 -0.0198604 -0.266731 0.385792 -0.883187 0.536646 -0.70173 -0.468601
34 6 111111 0
17.6395 58.7884 -7.67716 0.518278 0.791671 0.323488 -0.848856 0.522237 0.081928 -0.104078 -0.317056 0.942679
34 7 111111 0
61.4755 11.8916 -78.3569 -0.221659 0.933593 0.281551 0.115254 -0.261626 0.958263 0.968289 0.244857 -0.0496084
34 7 111111 0
46.3251 55.7037 -66.7342 0.0432736 0.609802 0.791372 -0.389175 -0.719255 0.575512 0.920147 -0.332887 0.206195
34 7 111111 0
46.3251 55.7037 -66.7342 0.0432736 0.609802 0.791372 -0.389175 -0.719255 0.575512 0.920147 -0.332887 0.206195
34 6 111111 0
15.1751 57.3863 -30.8983 0.574 0.636942 0.514616 -0.717767 0.0888798 0.690587 0.394125 -0.765771 0.508193
34 7 111111 0
19.0713 11.5539 -62.8159 0.488243 0.871842 0.0388603 0.0247815 -0.0583608 0.997988 0.872356 -0.486298 -0.0500998
34 7 111111 0
39.9002 80.9393 -19.8861 0.19664 0.409672 0.890787 -0.941633 -0.174282 0.288016 0.27324 -0.89543 0.35149
34 7 111111 0
39.9002 80.9393 -19.886 0.19664 0.409671 0.890787 -0.941633 -0.174282 0.288015 0.27324 -0.89543 0.35149
34 7 111111 0
12.8778 45.0212 -45.6793 0.602298 0.70266 0.378821 -0.490481 -0.0486624 0.870092 0.629813 -0.709859 0.315332
34 7 111111 0
12.8778 45.0212 -45.6793 0.602298 0.70266 0.378821 -0.490481 -0.0486624 0.870092 0.629813 -0.709859 0.315332
34 7 111111 0
58.2182 82.0908 3.19553 -0.0851505 0.364397 0.927342 -0.992461 0.0513185 -0.111295 -0.0881455 -0.929828 0.357281
34 7 111111 0
58.2182 82.0908 3.19553 -0.0851505 0.364397 0.927342 -0.992461 0.0513185 -0.111295 -0.0881455 -0.929828 0.357281
34 7 111111 0
58.2183 82.0908 3.19554 -0.0851507 0.364397 0.927342 -0.992461 0.0513185 -0.111296 -0.0881457 -0.929828 0.35728
34 7 111111 0
58.2183 82.0908 3.19554 -0.0851507 0.364397 0.927342 -0.992461 0.0513185 -0.111296 -0.0881457 -0.929828 0.35728
34 6 111111 0
27.1168 50.6508 -41.5921 0.490911 0.554705 -0.671795 -0.833868 0.522507 -0.177907 0.252332 0.647525 0.719055
34 7 111111 0
61.8343 -5.58496 -77.7715 0.241803 -0.962595 -0.122237 0.183957 0.169167 -0.968268 0.952728 0.211644 0.217981
34 6 111111 0
37.2074 69.7394 -21.369 0.310311 0.620001 -0.720629 -0.944403 0.114397 -0.308247 -0.108676 0.776216 0.62103
34 7 111111 0
99.7244 -6.97287 -61.2888 -0.600272 -0.207222 0.772485 0.545813 -0.812119 0.206279 0.584604 0.545456 0.600597
34 6 111111 0
18.2628 23.8417 -57.4108 0.857345 -0.312297 -0.409183 -0.305834 0.330354 -0.892935 0.414036 0.890695 0.187716
34 7 111111 0
18.2628 23.8416 -57.4108 0.857345 -0.312298 -0.409182 -0.305833 0.330354 -0.892935 0.414036 0.890694 0.187716
34 6 111111 0
18.2628 23.8417 -57.4108 0.857345 -0.312297 -0.409183 -0.305834 0.330354 -0.892935 0.414036 0.890695 0.187716
34 7 111111 0
18.2628 23.8417 -57.4108 0.857345 -0.312298 -0.409183 -0.305833 0.330354 -0.892935 0.414036 0.890694 0.187716
34 6 111111 0
2.39114 12.9656 -23.1923 0.963598 0.258335 -0.0688629 -0.248996 0.773346 -0.583041 -0.0973652 0.578964 0.809519
34 5 111111 0
58.0057 45.095 -68.885 0.346254 -0.879909 -0.325374 -0.590194 0.0652841 -0.804617 0.729232 0.470636 -0.496712
34 4 111111 0
3.55809 19.0086 -7.46433 0.89116 0.429083 0.147385 -0.338991 0.845654 -0.412255 -0.301529 0.317423 0.899068
34 6 111111 0
5.85361 31.2788 -0.4251 0.81348 0.577207 0.0712913 -0.354539 0.589327 -0.725945 -0.461034 0.565266 0.684048
34 7 111111 0
83.699 -16.3455 -66.7885 -0.421016 0.268947 0.866264 0.683442 -0.533851 0.497906 0.596366 0.801667 0.0409499
34 4 111111 0
7.29824 23.1458 3.00673 0.818999 0.422727 0.387998 -0.437183 0.897676 -0.0552054 -0.371633 -0.124413 0.920005
34 5 111111 0
94.715 58.0595 -47.622 -0.247181 -0.963506 0.10275 -0.793165 0.140282 -0.59263 0.556589 -0.227984 -0.798894
34 6 111111 0
10.6507 31.2583 10.8657 0.716383 0.592864 0.367842 -0.412995 0.785258 -0.461309 -0.562344 0.178557 0.807395
34 7 111111 0
86.9267 -17.1379 -64.731 -0.530756 0.607205 0.59127 0.609279 -0.211583 0.764207 0.589133 0.765856 -0.257658
34 4 111111 0
13.6103 35.7058 10.18 0.711212 0.372183 0.596369 -0.573915 0.797315 0.186843 -0.405954 -0.475151 0.780662
34 5 111111 0
102.769 63.7586 -26.2336 -0.437882 -0.793432 0.422759 -0.852872 0.217864 -0.474494 0.284375 -0.568332 -0.772094
34 6 111111 0
22.0981 39.9477 24.5149 0.514473 0.570539 0.640158 -0.508528 0.804091 -0.307958 -0.690447 -0.167102 0.703818
34 7 111111 0
69.6089 -10.883 -70.355 -0.317151 0.889046 0.330171 0.540709 -0.116506 0.833102 0.779133 0.442746 -0.443765
34 7 111111 0
34.4434 25.973 -73.5417 0.233335 0.756253 0.611258 0.135452 -0.647759 0.749707 0.962916 -0.0921365 -0.253581
34 7 111111 0
34.4434 25.973 -73.5417 0.233335 0.756253 0.611258 0.135452 -0.647759 0.749707 0.962916 -0.0921365 -0.253581
34 4 111111 0
5.1372 18.6883 -22.6411 0.943572 0.330567 0.0199425 -0.081363 0.173028 0.981551 0.321018 -0.927786 0.19016
34 4 111111 0
5.1372 18.6883 -22.6411 0.943572 0.330567 0.0199425 -0.081363 0.173028 0.981551 0.321018 -0.927786 0.19016
34 7 111111 0
14.1967 16.492 -57.6412 0.585988 0.796891 0.146912 0.164035 -0.294205 0.94156 0.793543 -0.527644 -0.303119
34 7 111111 0
14.1967 16.492 -57.6412 0.585988 0.796891 0.146912 0.164035 -0.294205 0.94156 0.793543 -0.527644 -0.303119
34 6 111111 0
36.4614 67.7157 -21.8721 0.504283 0.0620164 -0.861309 -0.846591 -0.161132 -0.507268 -0.170243 0.984982 -0.0287536
34 7 111111 0
30.4733 -22.5106 -61.8853 0.665659 -0.589611 0.457445 0.568876 0.0041869 -0.822413 0.482988 0.807677 0.338203
34 6 111111 0
36.4614 67.7157 -21.8721 0.504283 0.0620164 -0.861309 -0.846591 -0.161132 -0.507268 -0.170243 0.984982 -0.0287536
34 7 111111 0
30.4733 -22.5106 -61.8853 0.665659 -0.589611 0.457445 0.568876 0.0041869 -0.822413 0.482988 0.807677 0.338203
34 6 111111 0
11.939 34.5242 -41.5059 0.882941 0.0269786 -0.468708 -0.449241 0.338547 -0.826782 0.136374 0.940563 0.311037
34 7 111111 0
25.2779 19.2055 -67.3871 0.789486 -0.587542 -0.177497 -0.144646 0.102941 -0.984114 0.596481 0.802619 -0.00371516
34 6 111111 0
36.4614 67.7157 -21.8721 0.504283 0.0620164 -0.861309 -0.846591 -0.161132 -0.507268 -0.170243 0.984982 -0.0287536
34 7 111111 0
30.4733 -22.5106 -61.8853 0.665659 -0.589611 0.457445 0.568876 0.0041869 -0.822413 0.482988 0.807677 0.338203
34 6 111111 0
36.4614 67.7157 -21.8721 0.504283 0.0620164 -0.861309 -0.846591 -0.161132 -0.507268 -0.170243 0.984982 -0.0287536
34 7 111111 0
30.4733 -22.5106 -61.8853 0.665659 -0.589611 0.457445 0.568876 0.0041869 -0.822413 0.482988 0.807677 0.338203
34 6 111111 0
18.2628 23.8417 -57.4108 0.857345 -0.312297 -0.409183 -0.305834 0.330354 -0.892935 0.414036 0.890695 0.187716
34 7 111111 0
18.2628 23.8416 -57.4108 0.857345 -0.312298 -0.409182 -0.305833 0.330354 -0.892935 0.414036 0.890694 0.187716
34 6 111111 0
18.2628 23.8417 -57.4108 0.857345 -0.312297 -0.409183 -0.305834 0.330354 -0.892935 0.414036 0.890695 0.187716
34 7 111111 0
18.2628 23.8417 -57.4108 0.857345 -0.312298 -0.409183 -0.305833 0.330354 -0.892935 0.414036 0.890694 0.187716
34 6 111111 0
18.2628 23.8417 -57.4108 0.857345 -0.312297 -0.409183 -0.305834 0.330354 -0.892935 0.414036 0.890695 0.187716
34 7 111111 0
18.2628 23.8416 -57.4108 0.857345 -0.312298 -0.409182 -0.305833 0.330354 -0.892935 0.414036 0.890694 0.187716
34 6 111111 0
18.2628 23.8417 -57.4108 0.857345 -0.312297 -0.409183 -0.305834 0.330354 -0.892935 0.414036 0.890695 0.187716
34 7 111111 0
18.2628 23.8417 -57.4108 0.857345 -0.312298 -0.409183 -0.305833 0.330354 -0.892935 0.414036 0.890694 0.187716
34 7 111111 0
4.28704 20.5639 -36.5494 0.988608 0.0127989 0.149969 0.143727 -0.376101 -0.915364 0.0446878 0.92649 -0.373656
34 7 111111 0
4.28704 20.5639 -36.5494 0.988608 0.0127989 0.149969 0.143727 -0.376101 -0.915364 0.0446878 0.92649 -0.373656
34 6 111111 0
4.28704 20.5639 -36.5494 0.988608 0.0127989 0.149969 0.143727 -0.376101 -0.915364 0.0446877 0.92649 -0.373656
34 6 111111 0
4.28704 20.5639 -36.5494 0.988608 0.0127989 0.149969 0.143727 -0.376101 -0.915364 0.0446877 0.92649 -0.373656
34 6 111111 0
33.1178 -41.4204 -24.8058 0.564479 -0.205542 0.799447 0.802291 0.364408 -0.472796 -0.194145 0.908273 0.370605
34 6 111111 0
33.1178 -41.4204 -24.8058 0.564479 -0.205542 0.799447 0.802291 0.364408 -0.472796 -0.194145 0.908273 0.370605
34 7 111111 0
47.5379 71.381 -7.59093 0.484085 -0.469853 -0.738173 -0.800255 -0.578931 -0.156304 -0.353911 0.666391 -0.656254
34 7 111111 0
47.5379 71.381 -7.59093 0.484085 -0.469853 -0.738173 -0.800255 -0.578931 -0.156304 -0.353911 0.666391 -0.656254
34 7 111111 0
11.3859 -6.51456 -40.7055 0.867545 -0.0221287 0.496867 0.491673 -0.112476 -0.863485 0.0749933 0.993408 -0.0866977
34 7 111111 0
11.3859 -6.51456 -40.7055 0.867545 -0.0221287 0.496867 0.491673 -0.112476 -0.863485 0.0749933 0.993408 -0.0866977
34 7 111111 0
4.28704 20.5639 -36.5494 0.988608 0.0127989 0.149969 0.143727 -0.376101 -0.915364 0.0446878 0.92649 -0.373656
34 7 111111 0
4.28704 20.5639 -36.5494 0.988608 0.0127989 0.149969 0.143727 -0.376101 -0.915364 0.0446878 0.92649 -0.373656
34 6 111111 0
4.28704 20.5639 -36.5494 0.988608 0.0127989 0.149969 0.143727 -0.376101 -0.915364 0.0446877 0.92649 -0.373656
34 6 111111 0
4.28704 20.5639 -36.5494 0.988608 0.0127989 0.149969 0.143727 -0.376101 -0.915364 0.0446877 0.92649 -0.373656
34 6 111111 0
15.8164 -14.9453 1.83988 0.776881 0.126229 0.616864 0.28905 0.798868 -0.527503 -0.55938 0.588112 0.58414
34 5 111111 0
52.7614 74.0678 -33.4756 0.457112 -0.861178 -0.222309 -0.876683 -0.394139 -0.275827 0.149915 0.320978 -0.935146
34 6 111111 0
10.7471 -4.1107 -3.04052 0.800921 0.324092 0.503478 0.320453 0.47829 -0.817648 -0.505802 0.816212 0.279216
34 7 111111 0
76.5449 -42.0292 -39.2314 -0.219302 0.0855198 0.971902 0.974353 -0.0322921 0.222696 0.0504297 0.995813 -0.0762447
34 7 111111 0
19.0401 12.3274 -62.6197 0.686608 0.0499608 0.725309 0.437436 -0.82524 -0.357251 0.580706 0.562568 -0.588471
34 4 111111 0
22.3033 -2.16054 19.3766 0.661895 0.148924 0.734654 0.0294275 0.974148 -0.223986 -0.749019 0.169874 0.640401
34 5 111111 0
70.5684 76.8929 -25.237 0.181818 -0.979115 0.090968 -0.977271 -0.190178 -0.093664 0.109008 -0.0718707 -0.991439
34 6 111111 0
20.7352 -0.779578 16.9978 0.624649 0.35229 0.696926 0.181313 0.802641 -0.568237 -0.759566 0.48131 0.437494
34 7 111111 0
78.5678 -27.2638 -52.8072 -0.356231 0.467983 0.808759 0.869168 -0.151761 0.470655 0.342996 0.870609 -0.352694
34 7 111111 0
12.4804 50.5348 -48.5915 0.850772 -0.161752 0.500023 -0.151347 -0.986558 -0.0616285 0.50327 -0.0232453 -0.863817
34 4 111111 0
30.3246 19.2444 27.8383 0.600433 -0.483542 0.63692 -0.385064 0.52323 0.760234 -0.700861 -0.701724 0.12797
34 4 111111 0
30.3246 19.2444 27.8383 0.600433 -0.483542 0.63692 -0.385064 0.52323 0.760235 -0.700861 -0.701724 0.12797
34 4 111111 0
31.9625 15.335 30.3803 0.50694 0.0890784 0.857366 -0.214484 0.976398 0.0253736 -0.83487 -0.196754 0.514082
34 5 111111 0
74.5741 78.2478 -9.2113 0.0711256 -0.893615 0.443163 -0.995153 -0.0333236 0.0925222 -0.0679114 -0.447595 -0.891654
34 6 111111 0
35.3118 9.15656 32.8492 0.377991 0.325314 0.866772 0.0331265 0.93088 -0.363821 -0.925216 0.166234 0.341088
34 7 111111 0
101.495 -31.6269 -23.2709 -0.687998 0.476259 0.547573 0.720349 0.53974 0.435636 -0.0880715 0.69416 -0.714412
34 4 111111 0
32.7927 -6.09944 24.8043 0.587357 0.00430073 -0.809317 0.587029 -0.690657 0.422363 -0.557144 -0.72317 -0.408186
34 5 111111 0
34.1356 78.4784 -20.3377 0.630031 -0.624456 0.461645 -0.764503 -0.603138 0.227507 0.136368 -0.496265 -0.857394
34 7 111111 0
83.1378 -23.9297 -48.6835 -0.482615 0.703818 0.52127 0.801583 0.115129 0.586694 0.352913 0.700989 -0.619732
34 7 111111 0
7.02986 47.9801 -42.6367 0.853442 0.133078 0.503912 -0.1066 -0.901842 0.418708 0.51017 -0.411061 -0.755484
34 7 111111 0
39.8397 -0.649053 -65.9238 0.140878 0.848841 0.509531 0.626914 -0.474818 0.617679 0.766246 0.232415 -0.599041
34 7 111111 0
39.8397 -0.649053 -65.9238 0.140878 0.848841 0.509531 0.626914 -0.474818 0.617679 0.766246 0.232415 -0.599041
34 4 111111 0
6.92786 4.11792 -6.55417 0.922233 0.161253 -0.351401 0.386633 -0.386655 0.837265 -0.000859763 -0.908017 -0.418932
34 5 111111 0
13.195 60.1339 -5.3949 0.863024 -0.234506 0.447432 -0.504766 -0.365271 0.782169 -0.0199891 -0.90088 -0.433608
34 7 111111 0
15.1635 -0.689361 -43.8061 0.582586 0.809312 -0.0748868 0.581922 -0.351018 0.733589 0.567416 -0.470957 -0.675454
34 4 111111 0
1.17297 23.8824 -14.2367 0.986609 0.158831 -0.037089 0.0975752 -0.392549 0.91454 0.130698 -0.905913 -0.402791
34 4 111111 0
1.17297 23.8824 -14.2367 0.986609 0.158831 -0.037089 0.0975752 -0.392549 0.91454 0.130698 -0.905913 -0.402791
34 4 111111 0
78.986 -17.6532 27.1124 -0.159579 -0.139304 0.977307 0.346174 0.919232 0.187551 -0.924499 0.368248 -0.0984668
34 4 111111 0
78.986 -17.6532 27.1124 -0.159579 -0.139304 0.977307 0.346174 0.919232 0.187551 -0.924499 0.368248 -0.0984668
34 5 111111 0
47.8064 54.4866 21.4931 0.549525 -0.833827 -0.0524779 -0.540628 -0.402778 0.738574 -0.63698 -0.377494 -0.672127
34 5 111111 0
47.8064 54.4866 21.4931 0.549525 -0.833827 -0.0524779 -0.540628 -0.402778 0.738574 -0.63698 -0.377494 -0.672127
34 7 111111 0
73.2336 -28.0632 10.7122 -0.151007 0.10458 0.982985 0.693337 0.719992 0.0299114 -0.704613 0.686057 -0.181233
34 7 111111 0
73.2336 -28.0632 10.7122 -0.151007 0.10458 0.982985 0.693337 0.719992 0.0299114 -0.704613 0.686057 -0.181233
34 4 111111 0
21.1238 47.7937 12.7035 0.86271 -0.39023 -0.32164 -0.194606 -0.843236 0.50108 -0.466755 -0.369693 -0.803409
34 4 111111 0
21.1238 47.7937 12.7035 0.86271 -0.39023 -0.32164 -0.194606 -0.843236 0.50108 -0.466755 -0.369693 -0.803409
48 4 111111 0
0.576051 26.364 -40.0338 0.804453 0.434773 -0.404755 -0.120287 0.786502 0.60576 0.581709 -0.438619 0.685002
48 4 111111 0
0.576051 26.364 -40.0338 0.804453 0.434773 -0.404755 -0.120287 0.786502 0.60576 0.581709 -0.438619 0.685002
48 4 111111 0
1.18028 5.27 -17.0253 0.912789 0.017992 -0.408036 0.311531 0.615398 0.72404 0.264131 -0.788011 0.556123
48 7 111111 0
2.64717 38.3321 -43.4671 0.712193 0.700427 0.0467346 -0.102095 0.0374826 0.994068 0.69452 -0.712739 0.0982048
48 4 111111 0
1.18029 5.26999 -17.0253 0.912788 0.017992 -0.408036 0.311531 0.615398 0.72404 0.264131 -0.788011 0.556123
48 7 111111 0
2.64718 38.3321 -43.4671 0.712193 0.700427 0.0467344 -0.102095 0.0374827 0.994068 0.69452 -0.712739 0.0982048
48 5 111111 0
-2.81846 23.207 -28.7507 0.878516 0.415419 -0.235876 0.0662216 0.383092 0.921333 0.473102 -0.825026 0.309043
48 5 111111 0
-2.81846 23.207 -28.7507 0.878516 0.415419 -0.235876 0.0662216 0.383092 0.921333 0.473102 -0.825026 0.309043
48 6 111111 0
-2.81846 23.207 -28.7507 0.878515 0.415419 -0.235876 0.0662218 0.383093 0.921333 0.473102 -0.825026 0.309043
48 6 111111 0
-2.81846 23.207 -28.7507 0.878515 0.415419 -0.235876 0.0662218 0.383093 0.921333 0.473102 -0.825026 0.309043
48 6 111111 0
54.1751 -0.742602 32.6891 -0.274406 0.946453 0.170082 0.442043 0.281229 -0.851768 -0.85399 -0.158547 -0.495544
48 6 111111 0
54.1751 -0.742606 32.6891 -0.274406 0.946453 0.170081 0.442043 0.281228 -0.851768 -0.85399 -0.158547 -0.495544
48 6 111111 0
88.8911 2.48171 20.3454 -0.734581 0.440089 0.516442 0.233451 0.878587 -0.416636 -0.637096 -0.185489 -0.748133
48 6 111111 0
88.8911 2.4817 20.3454 -0.734581 0.44009 0.516441 0.233451 0.878587 -0.416636 -0.637096 -0.185489 -0.748133
48 4 111111 0
4.09988 9.32839 5.77311 0.913046 -0.160088 -0.375125 0.393656 0.105311 0.913206 -0.106688 -0.981469 0.159173
48 7 111111 0
-3.27543 22.0072 -25.4626 0.879321 0.458359 -0.129239 0.272403 -0.261496 0.925968 0.39063 -0.849428 -0.354797
48 4 111111 0
4.09988 9.32837 5.7731 0.913046 -0.160088 -0.375126 0.393656 0.105311 0.913206 -0.106688 -0.981469 0.159173
48 7 111111 0
-3.27543 22.0072 -25.4626 0.87932 0.458359 -0.129239 0.272404 -0.261496 0.925968 0.39063 -0.849427 -0.354798
48 5 111111 0
83.0394 -17.6036 -2.62162 -0.503734 0.0550668 0.862102 0.711221 0.592879 0.377703 -0.490323 0.803407 -0.337818
48 5 111111 0
83.0394 -17.6036 -2.62162 -0.503734 0.0550668 0.862102 0.711221 0.592879 0.377703 -0.490323 0.803407 -0.337818
48 5 111111 0
83.0394 -17.6036 -2.62162 -0.503734 0.0550668 0.862102 0.711221 0.592879 0.377703 -0.490323 0.803407 -0.337818
48 5 111111 0
83.0394 -17.6036 -2.62162 -0.503734 0.0550668 0.862102 0.711221 0.592879 0.377703 -0.490323 0.803407 -0.337818
48 6 111111 0
83.0394 -17.6036 -2.62162 -0.503734 0.0550668 0.862102 0.711221 0.592879 0.377703 -0.490323 0.803407 -0.337818
48 6 111111 0
83.0394 -17.6036 -2.62162 -0.503734 0.0550668 0.862102 0.711221 0.592879 0.377703 -0.490323 0.803407 -0.337818
48 6 111111 0
83.0394 -17.6036 -2.62162 -0.503734 0.0550668 0.862102 0.711221 0.592879 0.377703 -0.490323 0.803407 -0.337818
48 6 111111 0
83.0394 -17.6036 -2.62162 -0.503734 0.0550668 0.862102 0.711221 0.592879 0.377703 -0.490323 0.803407 -0.337818
47 4 111111 0
26.4576 -9.19521 -43.7474 0.672629 0.21353 -0.708502 0.265203 0.824295 0.500204 0.690824 -0.524349 0.497816
47 4 111111 0
26.4576 -9.19521 -43.7474 0.672629 0.21353 -0.708502 0.265203 0.824295 0.500204 0.690824 -0.524349 0.497816
47 5 111111 0
122.652 13.3176 -5.99872 -0.998342 -0.0575373 -0.0018151 -0.0249375 0.460684 -0.887214 0.0518841 -0.885697 -0.461355
47 5 111111 0
122.652 13.3176 -5.99872 -0.998342 -0.0575372 -0.00181538 -0.0249372 0.460684 -0.887214 0.0518841 -0.885697 -0.461355
47 6 111111 0
60.9624 75.9258 4.14314 -0.139668 0.683164 -0.716784 -0.856293 -0.446839 -0.259029 -0.497247 0.5776 0.647398
47 6 111111 0
60.9625 75.9258 4.14315 -0.139668 0.683164 -0.716784 -0.856293 -0.44684 -0.259029 -0.497247 0.5776 0.647398
47 6 111111 0
59.5904 79.4241 -17.056 -0.0510256 0.429438 -0.901654 -0.97555 -0.214685 -0.0470422 -0.213773 0.877208 0.429892
47 6 111111 0
59.5904 79.4241 -17.056 -0.0510259 0.429438 -0.901654 -0.97555 -0.214685 -0.047042 -0.213773 0.877208 0.429892
47 4 111111 0
91.4917 -32.6575 -34.1949 -0.128976 -0.969903 -0.206526 0.88063 -0.0162745 -0.473524 0.455912 -0.242947 0.856225
47 7 111111 0
111.512 -12.8022 -40.9793 -0.508897 -0.816887 0.271514 0.686822 -0.575446 -0.444001 0.51894 -0.0394691 0.853899
47 4 111111 0
91.4917 -32.6575 -34.1949 -0.128976 -0.969903 -0.206526 0.88063 -0.0162745 -0.473524 0.455912 -0.242947 0.856225
47 7 111111 0
111.512 -12.8022 -40.9793 -0.508897 -0.816887 0.271514 0.686822 -0.575446 -0.444001 0.51894 -0.0394691 0.853899
47 4 111111 0
103.196 -24.2422 -37.0146 -0.335384 -0.941439 0.0348007 0.812513 -0.307755 -0.495085 0.476802 -0.137767 0.868147
47 4 111111 0
103.196 -24.2422 -37.0146 -0.335384 -0.941439 0.0348007 0.812513 -0.307755 -0.495085 0.476802 -0.137767 0.868147
47 4 111111 0
103.196 -24.2422 -37.0146 -0.335384 -0.941439 0.0348007 0.812513 -0.307755 -0.495085 0.476802 -0.137767 0.868147
47 4 111111 0
103.196 -24.2422 -37.0146 -0.335384 -0.941439 0.0348007 0.812513 -0.307755 -0.495085 0.476802 -0.137767 0.868147
47 5 111111 0
112.586 52.1618 -32.2081 -0.663778 -0.685584 -0.298953 -0.728386 0.683325 0.0502099 0.169859 0.251081 -0.952946
47 5 111111 0
112.586 52.1618 -32.2081 -0.663779 -0.685584 -0.298953 -0.728386 0.683325 0.05021 0.169859 0.251081 -0.952946
47 4 111111 0
28.8184 -23.6635 -9.73076 0.808064 -0.406101 -0.426749 0.578246 0.685177 0.442904 0.112535 -0.60466 0.788494
47 4 111111 0
28.8184 -23.6635 -9.73076 0.808064 -0.406101 -0.426749 0.578246 0.685177 0.442904 0.112535 -0.60466 0.788493
47 5 111111 0
121.201 37.0484 -22.6819 -0.852467 -0.5218 -0.0320043 -0.513506 0.847254 -0.135917 0.0980371 -0.0994302 -0.990203
47 5 111111 0
121.201 37.0484 -22.6819 -0.852468 -0.5218 -0.0320044 -0.513505 0.847254 -0.135917 0.0980371 -0.0994302 -0.990203
47 4 111111 0
17.05 -8.5518 -14.8808 0.91022 -0.0252701 -0.413353 0.334777 0.63244 0.69853 0.243769 -0.774197 0.58412
47 4 111111 0
17.05 -8.55181 -14.8808 0.91022 -0.0252701 -0.413353 0.334777 0.63244 0.69853 0.243769 -0.774197 0.58412
47 5 111111 0
120.82 17.6443 0.543485 -0.966038 -0.0553795 0.252396 -0.181646 0.840239 -0.510884 -0.183781 -0.539381 -0.821762
47 5 111111 0
120.82 17.6443 0.543482 -0.966038 -0.0553793 0.252396 -0.181646 0.840239 -0.510884 -0.183781 -0.539381 -0.821762
47 6 111111 0
49.4093 75.5291 0.974238 0.188727 0.177346 -0.965883 -0.816697 -0.517837 -0.254658 -0.545333 0.836895 0.0471081
47 6 111111 0
49.4093 75.5291 0.974244 0.188727 0.177346 -0.965883 -0.816697 -0.517838 -0.254657 -0.545333 0.836895 0.0471081
47 4 111111 0
76.9633 -38.2547 -25.0575 0.137262 -0.981585 0.132852 0.974524 0.109805 -0.195565 0.177376 0.156311 0.97165
47 7 111111 0
94.4784 -23.4131 -46.1604 -0.214659 -0.771788 0.598552 0.862819 -0.437023 -0.254075 0.457673 0.461903 0.759724
47 4 111111 0
76.9633 -38.2547 -25.0575 0.137261 -0.981585 0.132852 0.974524 0.109805 -0.195565 0.177376 0.156311 0.971651
47 7 111111 0
94.4784 -23.4132 -46.1604 -0.214659 -0.771788 0.598552 0.862819 -0.437023 -0.254075 0.457673 0.461903 0.759725
47 7 111111 0
87.6891 -32.6793 -35.2732 -0.0594362 -0.926194 0.372334 0.950732 -0.166212 -0.261692 0.304264 0.338436 0.890441
47 7 111111 0
87.6891 -32.6793 -35.2732 -0.0594362 -0.926194 0.372334 0.950732 -0.166212 -0.261692 0.304264 0.338436 0.890441
47 4 111111 0
87.6891 -32.6793 -35.2731 -0.0594364 -0.926194 0.372334 0.950732 -0.166212 -0.261692 0.304264 0.338436 0.890441
47 4 111111 0
87.6891 -32.6793 -35.2731 -0.0594364 -0.926194 0.372334 0.950732 -0.166212 -0.261692 0.304264 0.338436 0.890441
47 6 111111 0
50.7854 73.0489 3.25473 0.37751 -0.440485 -0.81453 -0.751153 -0.660069 0.00881853 -0.54153 0.608508 -0.580055
47 7 111111 0
50.7854 73.0489 3.25473 0.37751 -0.440485 -0.81453 -0.751153 -0.660069 0.00881858 -0.54153 0.608508 -0.580055
47 4 111111 0
50.7854 73.0489 3.25474 0.37751 -0.440486 -0.81453 -0.751153 -0.660069 0.00881898 -0.541531 0.608507 -0.580055
47 5 111111 0
50.7854 73.0489 3.25474 0.37751 -0.440486 -0.81453 -0.751153 -0.660069 0.00881903 -0.541531 0.608507 -0.580055
47 6 111111 0
74.0651 -37.5765 -23.3356 0.110366 -0.67299 0.731371 0.99312 0.103655 -0.054484 -0.0391433 0.732352 0.6798
47 7 111111 0
74.0651 -37.5765 -23.3356 0.110366 -0.67299 0.731371 0.99312 0.103655 -0.054484 -0.0391432 0.732353 0.6798
47 4 111111 0
74.0652 -37.5765 -23.3355 0.110366 -0.67299 0.731371 0.99312 0.103655 -0.0544836 -0.0391435 0.732352 0.6798
47 5 111111 0
74.0652 -37.5765 -23.3355 0.110366 -0.67299 0.731371 0.99312 0.103655 -0.0544836 -0.0391435 0.732352 0.6798
47 6 111111 0
23.2559 36.3458 28.2911 0.419211 0.666119 -0.616886 0.00333742 -0.680599 -0.732649 -0.907883 0.305076 -0.287538
47 6 111111 0
23.2559 36.3458 28.2911 0.419211 0.666118 -0.616886 0.00333735 -0.680599 -0.732648 -0.907883 0.305076 -0.287538
47 4 111111 0
54.4475 -30.1057 11.4682 0.486007 -0.835994 0.254778 0.751532 0.548576 0.366422 -0.446091 0.0133898 0.894887
47 4 111111 0
54.4475 -30.1057 11.4682 0.486007 -0.835994 0.254777 0.751532 0.548575 0.366422 -0.446091 0.0133895 0.894887
47 5 111111 0
108.501 58.1337 -0.234685 -0.493823 -0.869343 0.0195439 -0.784469 0.455083 0.421317 -0.375163 0.192724 -0.906703
47 5 111111 0
108.501 58.1336 -0.234679 -0.493823 -0.869343 0.019544 -0.784469 0.455083 0.421317 -0.375163 0.192725 -0.906703
47 6 111111 0
31.7314 15.9601 33.2958 0.205641 0.935786 -0.286386 0.261005 -0.334485 -0.905536 -0.94318 0.111468 -0.313028
47 6 111111 0
31.7314 15.9601 33.2958 0.205641 0.935785 -0.286387 0.261005 -0.334486 -0.905536 -0.94318 0.111467 -0.313028
47 4 111111 0
38.4443 -16.3259 19.6213 0.721082 -0.691731 0.0393619 0.511646 0.569942 0.64295 -0.467183 -0.443481 0.764896
47 4 111111 0
38.4443 -16.3259 19.6213 0.721082 -0.691731 0.0393616 0.511646 0.569941 0.642951 -0.467183 -0.443481 0.764895
47 5 111111 0
117.595 37.5275 7.2446 -0.72228 -0.582743 0.372454 -0.525968 0.812529 0.251305 -0.449076 -0.0143861 -0.893378
47 5 111111 0
117.595 37.5275 7.2446 -0.72228 -0.582743 0.372454 -0.525968 0.812529 0.251305 -0.449076 -0.0143859 -0.893378
47 4 111111 0
22.799 1.28028 16.7044 0.912513 -0.401548 -0.0779694 0.254093 0.407068 0.877344 -0.320557 -0.820399 0.473485
47 4 111111 0
22.799 1.28028 16.7044 0.912513 -0.401548 -0.0779697 0.254093 0.407068 0.877344 -0.320556 -0.8204 0.473485
47 6 111111 0
85.7467 -2.06396 25.5004 -0.622046 0.581886 0.523896 0.27824 0.78971 -0.546755 -0.731875 -0.194338 -0.65314
47 5 111111 0
108.971 19.4503 11.7683 -0.838415 -0.112298 0.533338 -0.139308 0.990193 -0.0105017 -0.526928 -0.0831028 -0.845837
47 6 111111 0
85.7467 -2.06398 25.5004 -0.622046 0.581886 0.523896 0.278241 0.789709 -0.546755 -0.731875 -0.194338 -0.65314
47 5 111111 0
108.971 19.4503 11.7682 -0.838415 -0.112298 0.533337 -0.139307 0.990194 -0.0105018 -0.526928 -0.0831027 -0.845837
1 4 111111 0
43.0471 35.9145 -69.7802 0.032987 0.936791 -0.348332 -0.537757 0.310409 0.783877 0.842454 0.16146 0.514006
1 5 111111 0
43.0471 35.9145 -69.7802 0.0329869 0.936791 -0.348332 -0.537757 0.310409 0.783877 0.842454 0.16146 0.514006
1 6 111111 0
43.0471 35.9145 -69.7802 0.0329869 0.936791 -0.348332 -0.537758 0.310409 0.783877 0.842454 0.16146 0.514006
1 7 111111 0
43.0471 35.9145 -69.7802 0.0329868 0.936791 -0.348332 -0.537757 0.310409 0.783877 0.842454 0.16146 0.514006
49 4 111111 0
-1.26996 30.4116 5.63787 0.969641 -0.0185185 0.243829 -0.173538 0.650391 0.739511 -0.172279 -0.759374 0.627432
49 7 111111 0
4.58574 62.7915 -21.0394 0.793738 0.277936 0.541047 -0.51155 -0.17622 0.840989 0.329085 -0.944298 0.00230549
49 4 111111 0
-0.793542 49.7432 -4.42558 0.913021 0.169986 0.370807 -0.405177 0.272805 0.872588 0.0471695 -0.946933 0.317951
49 4 111111 0
-0.793542 49.7432 -4.42558 0.913021 0.169986 0.370807 -0.405177 0.272805 0.872588 0.0471695 -0.946933 0.317951
51 4 111111 0
23.2349 -8.24439 -42.6542 0.714673 0.258364 -0.649993 0.222298 0.797202 0.561296 0.663194 -0.545634 0.512305
51 4 111111 0
86.5506 -36.5576 -34.8667 -0.0445718 -0.976091 -0.212742 0.894733 0.0557208 -0.443112 0.444372 -0.210097 0.870857
51 7 111111 0
107.8 -18.4267 -42.6648 -0.435936 -0.859837 0.265781 0.732087 -0.510564 -0.45097 0.523459 -0.002019 0.852049
51 4 111111 0
98.766 -29.1232 -38.2235 -0.254783 -0.966636 0.0264616 0.843228 -0.235484 -0.483233 0.473341 -0.100806 0.875092
51 4 111111 0
98.766 -29.1232 -38.2235 -0.254783 -0.966636 0.0264616 0.843228 -0.235484 -0.483233 0.473341 -0.100806 0.875092
51 6 111111 0
59.392 69.8407 -32.5834 0.193669 -0.247313 -0.949383 -0.981037 -0.041267 -0.189376 0.00765702 0.968056 -0.250615
51 7 111111 0
59.392 69.8407 -32.5834 0.193669 -0.247313 -0.949383 -0.981037 -0.041267 -0.189376 0.00765704 0.968056 -0.250615
51 4 111111 0
27.3238 -23.7254 -18.3197 0.869766 -0.446002 -0.21116 0.46988 0.879249 0.0783212 0.150731 -0.167341 0.974309
51 5 111111 0
120.669 3.236 -39.1104 -0.988216 0.138897 0.0643216 0.109271 0.345889 0.931891 0.107189 0.927938 -0.35699
51 5 111111 0
120.669 3.236 -39.1104 -0.988216 0.138897 0.0643216 0.109271 0.345889 0.931891 0.107189 0.927938 -0.35699
51 5 111111 0
124.693 29.2575 -27.8927 -0.877187 -0.427455 -0.218688 -0.467176 0.86498 0.183184 0.110858 0.262852 -0.958446
51 5 111111 0
117.422 41.038 -34.1095 -0.669389 -0.729134 -0.142414 -0.676071 0.677333 -0.290081 0.30797 -0.097895 -0.946346
51 4 111111 0
36.3148 -29.6027 -1.94831 0.691508 -0.441815 -0.571504 0.722147 0.442427 0.531754 0.0179118 -0.780422 0.624997
51 4 111111 0
17.5618 -10.1395 -14.3837 0.962371 -0.16066 -0.219159 0.23194 0.905861 0.354429 0.141585 -0.391924 0.909038
51 6 111111 0
73.273 -7.38286 37.0453 -0.121508 -0.0962716 -0.987911 0.587238 -0.809387 0.00664735 -0.800242 -0.579331 0.154881
51 5 111111 0
112.659 -10.2237 -46.1849 -0.917192 0.392284 0.0698055 0.289414 0.535492 0.793403 0.273859 0.747905 -0.604681
51 6 111111 0
73.273 -7.38286 37.0453 -0.121508 -0.0962716 -0.987911 0.587238 -0.809387 0.00664741 -0.800242 -0.579331 0.154881
51 5 111111 0
112.659 -10.2237 -46.1849 -0.917192 0.392284 0.0698055 0.289414 0.535492 0.793403 0.273859 0.747905 -0.604681
51 5 111111 0
127.264 11.7836 -18.8687 -0.979074 -0.201529 -0.0282987 -0.198716 0.976733 -0.0806508 0.0438938 -0.0733397 -0.996341
51 5 111111 0
124.658 30.5926 -18.8807 -0.847845 -0.51398 0.130322 -0.511169 0.72694 -0.458546 0.140947 -0.455393 -0.879063
51 4 111111 0
22.9442 -18.4348 -11.4291 0.815945 -0.041664 -0.576626 0.537991 0.419877 0.730937 0.211658 -0.906624 0.365011
51 4 111111 0
11.6526 8.78973 -14.7684 0.977263 0.172004 -0.123984 -0.0557152 0.772512 0.632552 0.204581 -0.611261 0.76453
51 5 111111 0
100.027 -25.4844 -47.1399 -0.766582 0.641964 -0.0153153 0.522695 0.637661 0.565843 0.373016 0.42576 -0.824371
51 5 111111 0
100.027 -25.4844 -47.1399 -0.766582 0.641964 -0.0153153 0.522695 0.637661 0.565843 0.373016 0.42576 -0.824371
51 7 111111 0
78.7969 -42.2595 -33.5763 -0.456091 0.838635 -0.297779 0.839169 0.51668 0.169816 0.29627 -0.172435 -0.939409
51 7 111111 0
78.7969 -42.2595 -33.5763 -0.456091 0.838635 -0.297779 0.839169 0.51668 0.169816 0.29627 -0.172435 -0.939409
51 4 111111 0
39.8323 -32.6475 -25.5569 0.718474 -0.684838 -0.121625 0.66091 0.726668 -0.187488 0.21678 0.054322 0.974708
51 6 111111 0
71.5204 71.3499 4.34657 -0.0706259 -0.0472016 -0.996385 -0.811835 -0.577681 0.0849109 -0.5796 0.814897 0.0024793
51 5 111111 0
72.3317 67.1352 -41.2858 0.0396405 -0.504014 -0.862785 -0.981843 0.140659 -0.127279 0.185509 0.852165 -0.489287
51 4 111111 0
87.4929 -38.6079 -10.0383 -0.0359447 -0.997651 0.0583127 0.997496 -0.032261 0.0629283 -0.0608993 0.0604286 0.996313
51 7 111111 0
104.609 -26.2344 -32.9799 -0.393756 -0.738605 0.547192 0.893729 -0.446822 0.0399967 0.214955 0.50479 0.836051
51 4 111111 0
57.0484 -35.7013 -37.9026 0.474766 -0.875722 0.0878023 0.800058 0.387857 -0.457684 0.366749 0.28754 0.884769
51 4 111111 0
81.2609 73.0512 -8.0113 -0.180042 -0.265808 -0.947064 -0.902204 -0.339 0.266659 -0.391935 0.902455 -0.178779
51 5 111111 0
81.2609 73.0512 -8.0113 -0.180042 -0.265808 -0.947064 -0.902204 -0.339 0.266659 -0.391935 0.902455 -0.178779
51 6 111111 0
59.392 69.8407 -32.5834 0.193669 -0.247313 -0.949383 -0.981037 -0.041267 -0.189376 0.00765702 0.968056 -0.250615
51 7 111111 0
59.392 69.8407 -32.5834 0.193669 -0.247313 -0.949383 -0.981037 -0.041267 -0.189376 0.00765704 0.968056 -0.250615
51 4 111111 0
98.2365 -33.7593 -20.6003 -0.238816 -0.919441 0.312401 0.96951 -0.243957 0.0231456 0.0549313 0.308404 0.949668
51 5 111111 0
98.2365 -33.7593 -20.6003 -0.238816 -0.919441 0.312401 0.96951 -0.243957 0.0231456 0.0549313 0.308404 0.949668
51 6 111111 0
68.7066 -31.7017 -47.8312 0.286403 -0.914331 0.286308 0.812881 0.0737125 -0.577747 0.507147 0.398202 0.764354
51 7 111111 0
68.7066 -31.7017 -47.8312 0.286403 -0.914331 0.286308 0.812881 0.0737124 -0.577747 0.507147 0.398202 0.764353
51 4 111111 0
61.323 70.7922 -3.35036 0.250074 -0.55011 -0.79677 -0.85843 -0.506599 0.0803422 -0.44784 0.66388 -0.598919
51 5 111111 0
61.323 70.7922 -3.35036 0.250074 -0.55011 -0.79677 -0.85843 -0.506599 0.0803422 -0.44784 0.66388 -0.598919
51 5 111111 0
124.071 14.0653 -1.1195 -0.856652 -0.478742 0.192234 -0.136758 0.570025 0.810166 -0.497439 0.667741 -0.553784
51 5 111111 0
105.952 -32.4454 -18.6196 -0.712018 0.0348067 0.701298 0.642365 0.435611 0.630564 -0.283545 0.899462 -0.332522
51 5 111111 0
105.66 58.5406 -7.83086 -0.415443 -0.894463 -0.16536 -0.866294 0.333627 0.371789 -0.277383 0.297707 -0.913471
51 4 111111 0
65.0324 22.9062 39.0899 0.15324 -0.555367 -0.817364 0.0552691 -0.821022 0.568215 -0.986642 -0.132248 -0.095119
51 5 111111 0
120.057 -10.173 -8.57217 -0.869 -0.220088 0.443171 0.265439 0.54851 0.792892 -0.41759 0.806658 -0.418235
51 4 111111 0
65.0324 22.9062 39.0899 0.15324 -0.555367 -0.817364 0.0552691 -0.821022 0.568215 -0.986642 -0.132248 -0.095119
51 5 111111 0
120.057 -10.173 -8.57217 -0.869 -0.220088 0.443171 0.265439 0.54851 0.792892 -0.41759 0.806658 -0.418235
51 5 111111 0
121.602 -7.25654 -7.40996 -0.916194 -0.0842494 0.391778 0.162871 0.814975 0.556137 -0.366144 0.573339 -0.732953
51 4 111111 0
47.6622 5.66627 36.276 0.419365 -0.508779 -0.751849 0.28903 -0.710269 0.641857 -0.860578 -0.48648 -0.15081
51 7 111111 0
89.6094 -42.8082 -29.8368 -0.551447 0.490955 0.67444 0.831866 0.384189 0.400497 -0.0624866 0.781897 -0.620269
51 5 111111 0
118.2 41.1061 -1.58035 -0.675388 -0.713239 0.18746 -0.6637 0.698682 0.267108 -0.321487 0.0559842 -0.945258
51 5 111111 0
109.984 -27.6401 -18.2524 -0.813836 0.23132 0.533069 0.533921 0.659729 0.528853 -0.229347 0.715016 -0.660418
51 5 111111 0
109.984 -27.6401 -18.2524 -0.813836 0.23132 0.533069 0.533921 0.659729 0.528853 -0.229347 0.715016 -0.660418
51 5 111111 0
107.776 -28.2221 -8.40659 -0.806469 0.403152 0.432523 0.512758 0.841111 0.172079 -0.294426 0.360556 -0.88505
51 5 111111 0
120.404 18.8335 9.85556 -0.819677 -0.29827 0.489045 -0.346457 0.938027 -0.00858359 -0.456177 -0.176469 -0.872216
51 4 111111 0
108.313 -3.67818 17.4747 -0.532296 -0.819548 0.212138 0.241117 0.093438 0.965988 -0.811495 0.565341 0.14787
51 5 111111 0
108.313 -3.67818 17.4747 -0.532296 -0.819548 0.212138 0.241117 0.093438 0.965988 -0.811495 0.565341 0.14787
51 4 111111 0
61.323 70.7922 -3.35036 0.250074 -0.55011 -0.79677 -0.85843 -0.506599 0.0803422 -0.44784 0.66388 -0.598919
51 5 111111 0
61.323 70.7922 -3.35036 0.250074 -0.55011 -0.79677 -0.85843 -0.506599 0.0803422 -0.44784 0.66388 -0.598919
1 6 111111 0
51.2942 68.1075 18.8447 -0.177935 0.979846 0.0907768 -0.782223 -0.0848689 -0.61719 -0.597048 -0.180828 0.78156
1 7 111111 0
48.7038 6.22154 -82.0408 -0.10372 0.654683 0.748754 0.26358 -0.707806 0.655391 0.959045 0.265334 -0.0991475
1 4 111111 0
5.3533 45.1815 -13.6415 0.693069 0.707728 0.137027 -0.715431 0.698606 0.010363 -0.0883938 -0.105216 0.990513
1 6 111111 0
5.35331 45.1815 -13.6415 0.693069 0.707728 0.137027 -0.715432 0.698606 0.0103628 -0.0883938 -0.105216 0.990513
1 5 111111 0
80.334 0.816839 -75.4888 -0.573823 0.776596 -0.260049 0.0942697 0.378051 0.920973 0.813535 0.503961 -0.290144
1 7 111111 0
80.334 0.816836 -75.4888 -0.573823 0.776596 -0.260049 0.0942698 0.37805 0.920973 0.813535 0.503961 -0.290144
1 4 111111 0
25.8487 -14.6729 -40.8288 0.7522 -0.182621 -0.633123 0.344708 0.927925 0.141885 0.56158 -0.324969 0.760936
1 5 111111 0
88.1345 -10.4854 -66.6829 -0.586272 0.391056 -0.709479 0.188352 0.917575 0.350114 0.787914 0.0716303 -0.611605
1 7 111111 0
35.4881 -2.02355 -77.6911 0.0671759 0.975886 0.207689 0.269943 -0.218172 0.937834 0.96053 -0.00693573 -0.278089
1 4 111111 0
12.0372 53.4654 -11.1197 0.571345 0.700907 0.426958 -0.82 0.509157 0.261456 -0.034133 -0.499487 0.865649
1 6 111111 0
12.0372 53.4654 -11.1197 0.571345 0.700908 0.426959 -0.82 0.509157 0.261455 -0.0341331 -0.499487 0.865649
1 5 111111 0
60.6883 -16.0492 -74.3451 -0.279898 0.887358 -0.366405 0.352251 0.449966 0.82064 0.893071 0.100629 -0.438517
1 7 111111 0
60.6882 -16.0492 -74.3451 -0.279898 0.887358 -0.366404 0.352251 0.449965 0.82064 0.893071 0.100629 -0.438517
1 4 111111 0
11.374 20.7341 -37.6076 0.844688 0.373854 -0.383061 -0.225031 0.897371 0.379586 0.485658 -0.234431 0.842128
1 6 111111 0
52.4017 76.8698 1.35231 -0.121904 0.819503 -0.559959 -0.88046 -0.349718 -0.320137 -0.458181 0.453995 0.764172
1 4 111111 0
18.6353 40.8958 -44.2407 0.619313 0.512427 -0.59487 -0.721383 0.670453 -0.173491 0.309931 0.536574 0.784876
1 4 111111 0
18.6353 40.8958 -44.2407 0.619313 0.512427 -0.59487 -0.721383 0.670453 -0.173491 0.309931 0.536574 0.784876
1 6 111111 0
114.155 18.6886 4.96099 -0.88395 -0.211311 -0.417108 0.152714 -0.973609 0.169601 -0.441939 0.0862205 0.892892
1 7 111111 0
100.512 -25.4013 -39.2875 -0.307407 -0.947738 0.0854019 0.824448 -0.310078 -0.473431 0.47517 -0.0751264 0.876681
1 7 111111 0
100.512 -25.4013 -39.2875 -0.307407 -0.947738 0.0854019 0.824448 -0.310078 -0.473431 0.47517 -0.0751264 0.876681
1 7 111111 0
100.512 -25.4013 -39.2875 -0.307407 -0.947738 0.0854019 0.824448 -0.310078 -0.473431 0.47517 -0.0751264 0.876681
1 7 111111 0
100.512 -25.4013 -39.2875 -0.307407 -0.947738 0.0854019 0.824448 -0.310078 -0.473431 0.47517 -0.0751264 0.876681
1 7 111111 0
104.139 -7.23587 -56.0723 -0.89035 0.4266 0.159027 0.285763 0.251725 0.924648 0.354424 0.868704 -0.34603
1 7 111111 0
104.139 -7.23587 -56.0723 -0.89035 0.4266 0.159027 0.285763 0.251725 0.924648 0.354424 0.868704 -0.34603
1 4 111111 0
6.06898 1.18127 7.26419 0.922485 -0.0623407 0.380965 -0.144351 0.859575 0.490197 -0.358028 -0.507193 0.783946
1 5 111111 0
114.516 25.8062 -45.6415 -0.897769 -0.132698 -0.420002 -0.337391 0.820165 0.462057 0.283157 0.556526 -0.78109
1 5 111111 0
95.3975 -16.1675 -59.8582 -0.785904 0.61774 0.027419 0.389202 0.459722 0.798234 0.480496 0.638007 -0.601722
1 7 111111 0
95.3975 -16.1675 -59.8582 -0.785904 0.61774 0.0274191 0.389202 0.459721 0.798235 0.480496 0.638007 -0.601722
1 4 111111 0
15.4641 -8.15851 -13.1342 0.957731 -0.275732 -0.0819933 0.285518 0.945909 0.154066 0.0350773 -0.170964 0.984653
1 6 111111 0
23.2394 42.6641 20.797 0.43987 0.504678 0.742842 -0.647687 0.751268 -0.126877 -0.622105 -0.42532 0.657334
1 6 111111 0
23.2394 42.6641 20.797 0.43987 0.504678 0.742842 -0.647687 0.751268 -0.126877 -0.622105 -0.42532 0.657334
1 5 111111 0
85.0321 -28.2485 -56.6646 -0.639618 0.751484 -0.161741 0.563487 0.601489 0.566298 0.522849 0.271075 -0.808175
1 5 111111 0
85.0321 -28.2485 -56.6646 -0.639618 0.751484 -0.161741 0.563487 0.601489 0.566298 0.522849 0.271075 -0.808175
1 6 111111 0
49.2511 -42.1517 0.7155 0.0572491 0.373045 -0.926045 0.986605 -0.163059 -0.00469305 -0.15275 -0.913373 -0.377383
1 6 111111 0
49.2511 -42.1517 0.7155 0.0572491 0.373045 -0.926045 0.986605 -0.163059 -0.00469305 -0.15275 -0.913373 -0.377383
1 5 111111 0
77.0469 -41.5116 -35.7417 -0.49066 0.733531 -0.470303 0.806396 0.586747 0.0738479 0.330119 -0.343017 -0.87941
1 7 111111 0
77.0469 -41.5116 -35.7417 -0.490659 0.733531 -0.470303 0.806396 0.586747 0.0738482 0.330119 -0.343017 -0.87941
1 4 111111 0
110.882 18.8794 8.6508 -0.942667 0.139838 0.303025 -0.128474 0.685953 -0.716214 -0.308015 -0.714082 -0.62866
1 4 111111 0
110.882 18.8794 8.6508 -0.942667 0.139838 0.303025 -0.128474 0.685953 -0.716214 -0.308015 -0.714082 -0.62866
1 6 111111 0
110.882 18.8792 8.65076 -0.942668 0.139839 0.303022 -0.128471 0.685953 -0.716215 -0.308014 -0.714082 -0.628661
1 6 111111 0
110.882 18.8792 8.65076 -0.942668 0.139839 0.303022 -0.128471 0.685953 -0.716215 -0.308014 -0.714082 -0.628661
1 5 111111 0
45.8024 54.1115 -57.9206 0.457075 -0.520288 -0.721375 -0.769424 0.175556 -0.614139 0.446171 0.835751 -0.32008
1 5 111111 0
45.8024 54.1115 -57.9206 0.457075 -0.520288 -0.721375 -0.769424 0.175556 -0.614139 0.446171 0.835751 -0.32008
1 6 111111 0
7.94147 -21.7049 -33.2156 0.948151 -0.260514 0.182051 0.316239 0.716253 -0.622072 0.0316637 0.64739 0.761501
1 6 111111 0
7.94147 -21.7049 -33.2156 0.948151 -0.260514 0.182051 0.316239 0.716253 -0.622072 0.0316637 0.64739 0.761501
1 5 111111 0
45.8024 54.1115 -57.9206 0.457075 -0.520288 -0.721375 -0.769424 0.175556 -0.614139 0.446171 0.835751 -0.32008
1 5 111111 0
45.8024 54.1115 -57.9206 0.457075 -0.520288 -0.721375 -0.769424 0.175556 -0.614139 0.446171 0.835751 -0.32008
1 5 111111 0
64.4089 76.2257 -18.4239 0.0302425 -0.141683 -0.98945 -0.966062 -0.258202 0.00744539 -0.256533 0.955645 -0.144684
1 5 111111 0
64.4089 76.2257 -18.4239 0.0302425 -0.141683 -0.98945 -0.966062 -0.258202 0.00744539 -0.256533 0.955645 -0.144684
1 7 111111 0
64.4089 76.2257 -18.4239 0.0302427 -0.141683 -0.98945 -0.966062 -0.258202 0.00744515 -0.256533 0.955645 -0.144684
1 7 111111 0
64.4089 76.2257 -18.4239 0.0302427 -0.141683 -0.98945 -0.966062 -0.258202 0.00744515 -0.256533 0.955645 -0.144684
1 4 111111 0
85.5348 -33.6613 -36.214 -0.0453539 -0.907798 0.416947 0.957539 -0.158461 -0.240852 0.284715 0.38832 0.876439
1 4 111111 0
85.5348 -33.6613 -36.214 -0.0453539 -0.907798 0.416947 0.957539 -0.158461 -0.240852 0.284715 0.38832 0.876439
1 6 111111 0
85.5347 -33.6613 -36.214 -0.0453538 -0.907798 0.416947 0.957539 -0.158461 -0.240852 0.284715 0.38832 0.876439
1 6 111111 0
85.5347 -33.6613 -36.214 -0.0453538 -0.907798 0.416947 0.957539 -0.158461 -0.240852 0.284715 0.38832 0.876439
1 4 111111 0
60.9628 70.3673 -5.81346 0.241865 -0.534529 -0.809803 -0.873742 -0.482942 0.0578156 -0.421992 0.693575 -0.583847
1 5 111111 0
60.9628 70.3673 -5.81346 0.241865 -0.534529 -0.809803 -0.873742 -0.482942 0.0578155 -0.421992 0.693575 -0.583847
1 6 111111 0
60.9628 70.3673 -5.81346 0.241865 -0.534529 -0.809803 -0.873742 -0.482942 0.0578154 -0.421992 0.693575 -0.583847
1 7 111111 0
60.9628 70.3673 -5.81347 0.241865 -0.534529 -0.809803 -0.873742 -0.482942 0.0578154 -0.421992 0.693575 -0.583847
1 5 111111 0
121.708 5.21526 -9.22566 -0.905648 -0.363195 0.218842 -0.0044944 0.524292 0.851527 -0.424007 0.7702 -0.476456
1 5 111111 0
96.8578 -37.9114 -24.5056 -0.645992 0.106226 0.755917 0.729864 0.37601 0.57089 -0.223589 0.920507 -0.32043
1 7 111111 0
96.8577 -37.9114 -24.5056 -0.645992 0.106226 0.755917 0.729864 0.37601 0.570889 -0.223589 0.920507 -0.32043
1 4 111111 0
15.8489 -15.6679 7.87188 0.716533 0.166351 0.677427 0.225962 0.863429 -0.451033 -0.65994 0.476253 0.581087
1 6 111111 0
15.8489 -15.6679 7.87188 0.716533 0.166351 0.677427 0.225962 0.863429 -0.451034 -0.65994 0.476254 0.581087
1 5 111111 0
120.9 -3.56409 -14.3983 -0.952215 -0.111389 0.284394 0.0916469 0.784019 0.613934 -0.291356 0.610661 -0.736346
1 4 111111 0
28.2555 -4.93744 25.7969 0.58729 -0.171492 0.791 -0.00865377 0.975909 0.218006 -0.80933 -0.134878 0.571658
1 5 111111 0
98.1288 -37.0761 -27.5369 -0.717056 0.383052 0.582325 0.686623 0.531923 0.495588 -0.119916 0.755202 -0.644431
1 7 111111 0
98.1288 -37.0761 -27.5369 -0.717056 0.383052 0.582325 0.686623 0.531922 0.495588 -0.119916 0.755202 -0.644431
1 4 111111 0
40.4421 15.1504 34.3984 0.190605 0.331956 0.923837 -0.185651 0.936297 -0.29813 -0.963952 -0.114687 0.240091
1 5 111111 0
95.3182 -38.8241 -22.7714 -0.706837 0.590519 0.389446 0.698173 0.670911 0.249866 -0.113734 0.448515 -0.886509
1 6 111111 0
40.4421 15.1504 34.3984 0.190604 0.331957 0.923837 -0.185651 0.936297 -0.298131 -0.963952 -0.114686 0.24009
1 7 111111 0
95.3182 -38.8241 -22.7714 -0.706837 0.590519 0.389447 0.698173 0.670911 0.249866 -0.113733 0.448515 -0.886509
1 4 111111 0
82.6993 25.6992 29.1305 -0.548495 0.0376737 0.835305 -0.253023 0.94467 -0.208751 -0.796952 -0.32585 -0.508615
1 5 111111 0
103.764 -10.9725 -8.15076 -0.915584 0.358997 0.18118 0.330758 0.928565 -0.168424 -0.228701 -0.0942796 -0.968921
1 6 111111 0
82.6993 25.6992 29.1305 -0.548495 0.0376744 0.835304 -0.253023 0.94467 -0.208752 -0.796952 -0.32585 -0.508615
1 7 111111 0
103.764 -10.9725 -8.15078 -0.915584 0.358998 0.18118 0.330759 0.928564 -0.168424 -0.228701 -0.0942796 -0.968921
1 7 111111 0
76.4503 -25.765 10.1921 -0.392749 0.216611 0.893772 0.539557 0.841294 0.0332033 -0.744733 0.495281 -0.447291
1 7 111111 0
76.4503 -25.765 10.1921 -0.392749 0.216611 0.893772 0.539557 0.841294 0.0332033 -0.744733 0.495281 -0.447291
1 7 111111 0
76.4503 -25.765 10.1921 -0.392749 0.216611 0.893772 0.539557 0.841294 0.0332033 -0.744733 0.495281 -0.447291
1 7 111111 0
76.4503 -25.765 10.1921 -0.392749 0.216611 0.893772 0.539557 0.841294 0.0332033 -0.744733 0.495281 -0.447291
61 6 111111 0
125.141 19.7071 -0.849185 -0.995717 -0.0738477 -0.0556245 0.0807234 -0.401134 -0.912456 0.0450699 -0.913038 0.405377
61 6 111111 0
125.141 19.7072 -0.8498 -0.995717 -0.0738564 -0.0556173 0.0807201 -0.401128 -0.912458 0.0450812 -0.91304 0.405372
61 6 111111 0
72.4474 76.1349 -29.3805 -0.321794 0.790122 -0.521686 -0.935692 -0.1812 0.302732 0.144666 0.585555 0.79762
61 6 111111 0
72.4481 76.1349 -29.3805 -0.321805 0.790121 -0.52168 -0.935688 -0.181209 0.302738 0.144666 0.585552 0.797622
61 6 111111 0
109.441 54.5455 12.5239 -0.898778 0.414275 0.143437 -0.383558 -0.584604 -0.714927 -0.212322 -0.697578 0.684328
61 6 111111 0
109.442 54.5455 12.5233 -0.898781 0.414266 0.143446 -0.383559 -0.584604 -0.714927 -0.212311 -0.697583 0.684326
61 6 111111 0
69.9644 83.252 -5.74782 -0.347686 0.882046 -0.317978 -0.924976 -0.378162 -0.0375967 -0.153409 0.28105 0.947352
61 6 111111 0
69.965 83.252 -5.74797 -0.347697 0.882044 -0.317971 -0.924972 -0.37817 -0.0375916 -0.153404 0.281044 0.947355
61 6 111111 0
83.8269 76.956 11.703 -0.586389 0.810015 -0.00488083 -0.747759 -0.543618 -0.381229 -0.311455 -0.219899 0.924468
61 6 111111 0
83.8274 76.956 11.7026 -0.586397 0.810009 -0.00487238 -0.747757 -0.543623 -0.381226 -0.311446 -0.219906 0.924469
61 6 111111 0
83.8269 76.956 11.703 -0.586389 0.810015 -0.00488085 -0.747759 -0.543618 -0.381229 -0.311455 -0.219899 0.924468
61 6 111111 0
83.8274 76.956 11.7026 -0.586397 0.810009 -0.0048724 -0.747757 -0.543623 -0.381226 -0.311446 -0.219906 0.924469
61 6 111111 0
87.2375 29.1225 40.3618 -0.493587 0.42791 -0.757143 0.0594135 -0.851958 -0.520228 -0.867665 -0.301762 0.395092
61 5 111111 0
108.243 42.8995 -49.8419 -0.458237 -0.83929 0.292595 -0.424976 -0.0822397 -0.901461 0.78065 -0.537429 -0.318992
61 6 111111 0
23.6244 48.4619 -37.9931 0.686252 0.297055 -0.66394 -0.688179 0.560728 -0.460428 0.235518 0.772879 0.589228
61 7 111111 0
117.031 41.9254 -37.4894 -0.929531 0.253905 0.267402 -0.114715 -0.888302 0.444701 0.350446 0.382689 0.854832
61 6 111111 0
58.6415 54.3254 37.8808 -0.131757 0.790156 -0.598576 -0.375263 -0.598658 -0.707663 -0.917506 0.131384 0.375394
61 6 111111 0
18.6302 60.136 -13.1041 0.671297 0.492647 -0.553769 -0.712991 0.225094 -0.664061 -0.202498 0.840614 0.502357
61 6 111111 0
28.8407 63.8665 17.0734 0.385695 0.76947 -0.509074 -0.635077 -0.178831 -0.751464 -0.669266 0.613136 0.419698
61 6 111111 0
28.8407 63.8665 17.0734 0.385695 0.76947 -0.509074 -0.635077 -0.17883 -0.751464 -0.669266 0.613136 0.419698
61 6 111111 0
54.5491 48.8616 34.6956 0.131297 0.255584 -0.95783 -0.262487 -0.922747 -0.282203 -0.955961 0.28847 -0.0540668
61 5 111111 0
75.0925 62.3355 -53.5241 0.165869 -0.983744 0.0688182 -0.736222 -0.169959 -0.655051 0.656098 0.0579873 -0.752444
61 6 111111 0
22.1045 11.2171 -48.0322 0.908955 -0.321711 -0.265148 -0.0400303 0.565718 -0.823627 0.414968 0.759254 0.501334
61 7 111111 0
113.456 4.82442 -47.5395 -0.671288 -0.363911 0.645709 0.520821 -0.851441 0.0615937 0.527369 0.377646 0.761095
61 6 111111 0
25.396 54.74 18.2636 0.554185 0.455904 -0.696441 -0.380305 -0.605567 -0.69904 -0.740437 0.652257 -0.162214
61 7 111111 0
69.8212 55.8256 -61.8083 0.177564 -0.800528 0.572387 -0.4043 -0.589619 -0.699207 0.897225 -0.107262 -0.428348
61 6 111111 0
12.436 29.612 -35.9117 0.971385 -0.11301 -0.2089 -0.180004 0.223517 -0.957935 0.154949 0.968127 0.196779
61 6 111111 0
8.79248 45.7562 -10.5011 0.899548 0.251863 -0.356902 -0.321421 -0.171646 -0.93125 -0.295808 0.952419 -0.0734499
61 6 111111 0
8.79248 45.7562 -10.5011 0.899548 0.251863 -0.356902 -0.321421 -0.171646 -0.93125 -0.295808 0.952419 -0.0734499
61 7 111111 0
39.528 70.6481 -13.0055 0.628397 -0.485775 -0.607568 -0.742585 -0.607246 -0.282526 -0.231699 0.628709 -0.742321
61 7 111111 0
39.528 70.6481 -13.0055 0.628397 -0.485775 -0.607568 -0.742585 -0.607246 -0.282526 -0.231699 0.628709 -0.742321
61 7 111111 0
65.8235 -20.5401 -55.5034 0.303594 -0.817859 0.488812 0.733537 -0.126784 -0.667719 0.608074 0.561278 0.561439
61 7 111111 0
65.8235 -20.5401 -55.5034 0.303594 -0.817859 0.488812 0.733537 -0.126784 -0.667719 0.608074 0.561278 0.561439
61 7 111111 0
21.6816 55.592 -36.1529 0.896154 -0.41827 -0.148182 -0.395969 -0.60304 -0.692497 0.200291 0.679259 -0.706038
61 7 111111 0
21.6816 55.592 -36.153 0.896154 -0.41827 -0.148182 -0.395969 -0.60304 -0.692497 0.200291 0.679259 -0.706038
61 7 111111 0
51.2616 3.99752 -64.4101 0.475954 -0.686632 0.54955 0.448143 -0.348306 -0.823317 0.756727 0.638138 0.141931
61 7 111111 0
51.2616 3.99752 -64.4101 0.475954 -0.686632 0.54955 0.448143 -0.348306 -0.823317 0.756727 0.638138 0.141931
61 6 111111 0
125.141 19.7072 -0.849491 -0.995717 -0.073852 -0.0556209 0.0807218 -0.401131 -0.912457 0.0450755 -0.913039 0.405374
61 6 111111 0
125.141 19.7072 -0.849494 -0.995717 -0.0738521 -0.0556209 0.0807218 -0.401131 -0.912457 0.0450756 -0.913039 0.405374
61 6 111111 0
72.4478 76.1349 -29.3805 -0.3218 0.790121 -0.521683 -0.93569 -0.181204 0.302735 0.144666 0.585554 0.797621
61 6 111111 0
72.4478 76.1349 -29.3805 -0.3218 0.790121 -0.521683 -0.93569 -0.181205 0.302735 0.144666 0.585554 0.797621
61 6 111111 0
109.442 54.5455 12.5236 -0.898779 0.41427 0.143442 -0.383558 -0.584604 -0.714927 -0.212317 -0.69758 0.684327
61 6 111111 0
109.442 54.5455 12.5236 -0.898779 0.41427 0.143442 -0.383558 -0.584604 -0.714927 -0.212317 -0.69758 0.684327
61 6 111111 0
69.9647 83.252 -5.74789 -0.347692 0.882045 -0.317974 -0.924974 -0.378166 -0.0375942 -0.153407 0.281047 0.947354
61 6 111111 0
69.9647 83.252 -5.74789 -0.347692 0.882045 -0.317974 -0.924974 -0.378166 -0.0375941 -0.153407 0.281047 0.947354
61 6 111111 0
83.8272 76.956 11.7028 -0.586393 0.810012 -0.00487663 -0.747758 -0.54362 -0.381228 -0.31145 -0.219903 0.924468
61 6 111111 0
83.8272 76.956 11.7028 -0.586393 0.810012 -0.00487658 -0.747758 -0.543621 -0.381228 -0.31145 -0.219903 0.924468
61 6 111111 0
83.8272 76.956 11.7028 -0.586393 0.810012 -0.00487665 -0.747758 -0.54362 -0.381228 -0.31145 -0.219903 0.924468
61 6 111111 0
83.8272 76.956 11.7028 -0.586393 0.810012 -0.0048766 -0.747758 -0.543621 -0.381228 -0.31145 -0.219903 0.924468
61 7 111111 0
37.4651 66.9875 2.25304 0.670657 -0.500757 -0.547231 -0.607078 -0.79446 -0.017013 -0.426234 0.343622 -0.836809
61 7 111111 0
37.4651 66.9875 2.25304 0.670657 -0.500757 -0.547231 -0.607078 -0.79446 -0.017013 -0.426234 0.343622 -0.836809
61 7 111111 0
67.7218 -30.6408 -41.8891 0.244364 -0.707489 0.663133 0.9125 -0.0635937 -0.404103 0.328069 0.703857 0.630044
61 7 111111 0
67.7218 -30.6408 -41.8891 0.244364 -0.707489 0.663133 0.9125 -0.0635937 -0.404103 0.328069 0.703857 0.630044
61 7 111111 0
17.0206 58.1018 -15.3907 0.930421 -0.271325 -0.246374 -0.34987 -0.857736 -0.37667 -0.109124 0.43666 -0.892984
61 7 111111 0
17.0206 58.1018 -15.3907 0.930421 -0.271325 -0.246374 -0.34987 -0.857736 -0.37667 -0.109124 0.43666 -0.892984
61 7 111111 0
60.4991 -14.4438 -53.9685 0.287863 -0.581674 0.760782 0.784566 -0.312311 -0.535647 0.549172 0.751077 0.36646
61 7 111111 0
60.4991 -14.4438 -53.9685 0.287863 -0.581674 0.760782 0.784566 -0.312311 -0.535647 0.549172 0.751077 0.36646
61 6 111111 0
87.3906 9.01904 39.8907 -0.509766 0.475318 -0.717085 0.355933 -0.642312 -0.678783 -0.78323 -0.601255 0.158248
61 5 111111 0
112.538 51.7322 -35.1743 -0.558945 -0.753191 0.34682 -0.628265 0.111705 -0.769938 0.541169 -0.648248 -0.53564
61 4 111111 0
18.1892 38.5938 -37.1363 0.770702 0.357754 -0.527286 -0.56078 0.773749 -0.294685 0.302562 0.522805 0.796951
61 7 111111 0
107.006 44.5879 -50.0689 -0.827863 0.512838 0.227242 -0.210798 -0.659861 0.721212 0.519814 0.549163 0.654381
61 6 111111 0
71.0169 32.3191 45.3476 -0.356752 0.817456 -0.452209 -0.0168177 -0.489602 -0.871784 -0.934048 -0.303406 0.188414
61 6 111111 0
11.8849 47.2116 -20.7306 0.814281 0.43279 -0.386832 -0.580443 0.600556 -0.549927 -0.0056888 0.672329 0.740231
61 6 111111 0
57.4408 24.0457 43.1323 0.0485825 0.36216 -0.930849 0.181714 -0.919602 -0.3483 -0.982151 -0.152227 -0.110486
61 5 111111 0
84.7928 70.5031 -38.5129 -0.00490715 -0.974041 0.226319 -0.88876 -0.0994868 -0.447446 0.458346 -0.203339 -0.865201
61 4 111111 0
16.6615 4.99135 -35.7786 0.96675 -0.176515 -0.185032 0.0231273 0.780948 -0.624167 0.254675 0.599135 0.759064
61 7 111111 0
113.264 11.5109 -49.8449 -0.771947 -0.00783553 0.635638 0.403788 -0.778333 0.480784 0.490971 0.627803 0.603996
61 6 111111 0
38.1163 34.3867 38.5231 0.259338 0.684542 -0.681283 0.0165049 -0.708456 -0.705562 -0.965646 0.171734 -0.195028
61 7 111111 0
69.7137 73.3316 -45.4844 0.172306 -0.779452 0.6023 -0.724337 -0.514637 -0.458786 0.667567 -0.357217 -0.653261
61 6 111111 0
10.8622 14.7192 -29.477 0.995251 -0.0817085 -0.0529095 0.00120251 0.553815 -0.832639 0.0973358 0.828621 0.551283
61 6 111111 0
36.819 65.7669 4.34276 0.670986 -0.466246 -0.576535 -0.579274 -0.814993 -0.015086 -0.462838 0.344095 -0.816933
61 7 111111 0
38.2191 68.1449 0.163508 0.668248 -0.534643 -0.517302 -0.63407 -0.773013 -0.0201611 -0.389102 0.341478 -0.855565
61 7 111111 0
65.2449 -30.7453 -41.5306 0.288628 -0.71082 0.641427 0.901637 -0.0235815 -0.43185 0.322093 0.702979 0.634095
61 7 111111 0
70.1898 -30.4116 -42.2506 0.199628 -0.702186 0.683435 0.921122 -0.103398 -0.37529 0.334189 0.704446 0.626158
61 7 111111 0
16.2711 57.0982 -13.2216 0.931503 -0.233497 -0.278894 -0.330916 -0.862302 -0.383315 -0.150988 0.44935 -0.880504
61 7 111111 0
17.8885 59.0917 -17.5217 0.927048 -0.308435 -0.21319 -0.368838 -0.85238 -0.370683 -0.0673875 0.422274 -0.90396
61 7 111111 0
58.1158 -14.7932 -53.2816 0.330627 -0.585415 0.740253 0.778558 -0.274137 -0.564531 0.533416 0.76298 0.365143
61 7 111111 0
62.8723 -13.9753 -54.6187 0.244676 -0.576037 0.779945 0.78837 -0.350085 -0.505878 0.564452 0.738662 0.368473
61 7 111111 0
37.4651 66.9875 2.25304 0.670657 -0.500757 -0.547231 -0.607078 -0.79446 -0.017013 -0.426234 0.343622 -0.836809
61 7 111111 0
37.4651 66.9875 2.25304 0.670657 -0.500757 -0.547231 -0.607078 -0.79446 -0.017013 -0.426234 0.343622 -0.836809
61 7 111111 0
67.7218 -30.6408 -41.8891 0.244364 -0.707489 0.663133 0.9125 -0.0635937 -0.404103 0.328069 0.703857 0.630044
61 7 111111 0
67.7218 -30.6408 -41.8891 0.244364 -0.707489 0.663133 0.9125 -0.0635937 -0.404103 0.328069 0.703857 0.630044
61 7 111111 0
17.0206 58.1018 -15.3907 0.930421 -0.271325 -0.246374 -0.34987 -0.857736 -0.37667 -0.109124 0.43666 -0.892984
61 7 111111 0
17.0206 58.1018 -15.3907 0.930421 -0.271325 -0.246374 -0.34987 -0.857736 -0.37667 -0.109124 0.43666 -0.892984
61 7 111111 0
60.4991 -14.4438 -53.9685 0.287863 -0.581674 0.760782 0.784566 -0.312311 -0.535647 0.549172 0.751077 0.36646
61 7 111111 0
60.4991 -14.4438 -53.9685 0.287863 -0.581674 0.760782 0.784566 -0.312311 -0.535647 0.549172 0.751077 0.36646
61 5 111111 0
121.715 0.727227 2.86855 -0.980626 0.109007 -0.162757 0.188533 0.299649 -0.935236 -0.0531772 -0.947802 -0.314395
61 5 111111 0
121.715 0.727227 2.86855 -0.980626 0.109007 -0.162757 0.188533 0.299649 -0.935236 -0.0531772 -0.947802 -0.314395
61 6 111111 0
53.772 52.0018 -59.4973 -0.00753938 0.918677 -0.394939 -0.65207 0.294912 0.69845 0.758121 0.262793 0.596818
61 6 111111 0
53.772 52.0018 -59.4973 -0.00753938 0.918677 -0.394939 -0.65207 0.294912 0.69845 0.758121 0.262793 0.596818
61 6 111111 0
116.481 30.3996 16.2491 -0.946422 0.215577 0.240441 -0.20537 0.1728 -0.963308 -0.249215 -0.961076 -0.119269
61 6 111111 0
116.481 30.3996 16.2491 -0.946422 0.215577 0.240441 -0.20537 0.1728 -0.963308 -0.249215 -0.961076 -0.119269
61 6 111111 0
44.5209 68.009 -44.1477 0.108408 0.93492 -0.337893 -0.839278 0.26824 0.472927 0.532786 0.232317 0.813737
61 6 111111 0
44.5209 68.009 -44.1477 0.108408 0.93492 -0.337893 -0.839278 0.26824 0.472927 0.532786 0.232317 0.813737
61 6 111111 0
91.2931 61.9527 27.3937 -0.631343 0.509245 0.584872 -0.646107 0.0716989 -0.759872 -0.428896 -0.85763 0.28376
61 6 111111 0
91.2931 61.9527 27.3937 -0.631343 0.509245 0.584872 -0.646107 0.0716989 -0.759872 -0.428896 -0.85763 0.28376
61 6 111111 0
34.8465 79.1002 -20.967 0.214312 0.969488 -0.119014 -0.955816 0.233253 0.178913 0.201214 0.0754122 0.97664
61 6 111111 0
34.8465 79.1002 -20.967 0.214312 0.969488 -0.119014 -0.955816 0.233253 0.178913 0.201214 0.0754122 0.97664
61 6 111111 0
80.6047 -14.0509 32.4053 -0.377117 0.467488 -0.799523 0.682064 -0.443819 -0.581218 -0.626556 -0.764513 -0.151485
61 5 111111 0
118.747 48.3424 -19.6012 -0.687164 -0.653246 0.317924 -0.688321 0.445401 -0.572566 0.232423 -0.612281 -0.755706
61 4 111111 0
15.164 25.5122 -35.2356 0.841431 0.365294 -0.398189 -0.388514 0.921129 0.0240461 0.375567 0.134469 0.916988
61 7 111111 0
100.655 28.0327 -62.3907 -0.73423 0.63111 0.250213 -0.0179033 -0.386426 0.922146 0.678665 0.672588 0.295025
61 6 111111 0
77.1934 5.82384 41.4172 -0.431267 0.752407 -0.497887 0.387232 -0.344069 -0.855376 -0.814899 -0.561693 -0.14297
61 5 111111 0
102.804 69.4294 -16.4696 -0.44723 -0.606341 0.657523 -0.853318 0.0689637 -0.516809 0.268017 -0.792209 -0.548245
61 4 111111 0
10.1229 33.2405 -24.4287 0.893731 0.350639 -0.279818 -0.422659 0.86721 -0.263261 0.150351 0.353552 0.923253
61 7 111111 0
91.3834 48.9915 -59.0856 -0.64179 0.722618 0.256767 -0.257992 -0.518752 0.815068 0.722181 0.456859 0.51936
61 6 111111 0
56.3639 27.544 46.8077 -0.172111 0.98266 -0.0689695 -0.000872226 -0.0701663 -0.997535 -0.985077 -0.171627 0.0129335
61 6 111111 0
52.6822 2.47093 39.0445 0.169119 0.280991 -0.944692 0.519451 -0.839981 -0.156854 -0.837598 -0.464194 -0.288018
61 5 111111 0
94.4197 70.7447 -17.8635 -0.17015 -0.94537 0.278073 -0.98009 0.133046 -0.147387 0.102338 -0.297615 -0.949185
61 4 111111 0
16.0398 -4.51284 -21.2913 0.988156 -0.145653 -0.0482971 0.12609 0.950077 -0.285404 0.0874558 0.275934 0.957189
61 7 111111 0
109.588 -1.75482 -51.0056 -0.736008 0.145216 0.661215 0.531631 -0.480713 0.69734 0.41912 0.86477 0.276607
61 6 111111 0
44.5952 11.3933 39.6698 0.170677 0.647469 -0.742734 0.412889 -0.731418 -0.542725 -0.894647 -0.214036 -0.392169
61 5 111111 0
72.6196 80.9936 -23.6727 0.15321 -0.839339 0.521572 -0.944581 -0.279457 -0.172249 0.290332 -0.466277 -0.835639
61 4 111111 0
13.6812 0.619921 -19.9618 0.986909 -0.139015 0.081765 0.161028 0.821084 -0.547623 0.00899219 0.553621 0.83272
61 6 111111 0
27.4995 17.628 33.9533 0.361467 0.887906 -0.284544 0.274466 -0.392986 -0.877628 -0.891072 0.239136 -0.385752
61 7 111111 0
52.651 79.5468 -37.9863 0.339837 -0.427705 0.837603 -0.707348 -0.703182 -0.0720758 0.619815 -0.567983 -0.541503
61 4 111111 0
37.6416 49.7914 23.2043 0.660571 -0.441477 -0.607243 -0.288292 -0.895984 0.337787 -0.693205 -0.0480693 -0.719136
61 5 111111 0
49.0392 68.4356 7.66383 0.567924 -0.776372 -0.27333 -0.697787 -0.63027 0.340373 -0.436527 -0.00257973 -0.899687
61 4 111111 0
55.7124 -38.0936 -17.446 0.445299 -0.616299 0.649526 0.888765 0.392263 -0.237119 -0.108648 0.682865 0.72242
61 7 111111 0
81.2586 -37.3404 -25.5604 -0.0255353 -0.536869 0.843279 0.99951 0.00154301 0.0312484 -0.0180775 0.843664 0.536567
61 6 111111 0
18.4805 46.5967 11.4722 0.859538 -0.0883183 -0.503384 -0.11843 -0.992565 -0.0280775 -0.497161 0.0837496 -0.863607
61 7 111111 0
26.1334 65.6032 -5.82532 0.854768 -0.494336 -0.158127 -0.489128 -0.869144 0.0730921 -0.173567 0.0148677 -0.98471
61 6 111111 0
54.5427 -29.9793 -30.4686 0.400283 -0.537033 0.742542 0.910458 0.141 -0.388825 0.104114 0.831694 0.545386
61 7 111111 0
78.8248 -25.2726 -40.8247 -0.058557 -0.425879 0.902883 0.959663 -0.27315 -0.0666019 0.274986 0.862564 0.424696
61 6 111111 0
4.51531 31.7498 -10.6412 0.969551 0.234643 -0.0700922 0.18712 -0.894481 -0.406066 -0.157977 0.380586 -0.911152
61 7 111111 0
11.3837 48.6586 -30.2864 0.963644 -0.124623 0.236344 -0.0809941 -0.979189 -0.186086 0.254616 0.160179 -0.953684
61 4 111111 0
41.8894 60.1944 15.6667 0.643774 -0.622216 -0.445424 -0.505658 -0.782802 0.362672 -0.574339 -0.00824643 -0.818576
61 4 111111 0
41.8894 60.1944 15.6667 0.643774 -0.622216 -0.445424 -0.505658 -0.782802 0.362672 -0.574339 -0.00824642 -0.818576
61 7 111111 0
68.7579 -39.378 -20.7998 0.213907 -0.604266 0.767532 0.973689 0.195089 -0.117772 -0.0785713 0.77253 0.630098
61 7 111111 0
68.7579 -39.378 -20.7998 0.213907 -0.604266 0.767532 0.973689 0.195089 -0.117772 -0.0785713 0.77253 0.630098
61 7 111111 0
20.5634 56.5757 2.57491 0.890543 -0.300711 -0.34133 -0.305601 -0.951287 0.040758 -0.336959 0.0680142 -0.939059
61 7 111111 0
20.5634 56.5757 2.57491 0.890543 -0.300712 -0.34133 -0.305601 -0.951287 0.040758 -0.336959 0.0680141 -0.939059
61 7 111111 0
67.094 -29.3965 -35.4892 0.172019 -0.507678 0.844199 0.967909 -0.0722641 -0.240685 0.183196 0.858511 0.478955
61 7 111111 0
67.0941 -29.3965 -35.4892 0.172019 -0.507678 0.844199 0.967909 -0.0722642 -0.240685 0.183196 0.858511 0.478955
61 7 111111 0
6.40653 39.8016 -21.3498 0.996181 0.0466008 0.0738368 0.0660068 -0.955506 -0.28749 0.0571543 0.291266 -0.954933
61 7 111111 0
6.40653 39.8016 -21.3498 0.996181 0.0466007 0.0738369 0.0660067 -0.955507 -0.28749 0.0571544 0.291266 -0.954933
61 4 111111 0
40.1005 51.7938 22.7375 0.703767 -0.674139 -0.224162 -0.393429 -0.632557 0.667147 -0.591545 -0.381323 -0.710399
61 4 111111 0
40.1005 51.7938 22.7375 0.703767 -0.674139 -0.224162 -0.393429 -0.632557 0.667147 -0.591545 -0.381323 -0.710399
61 4 111111 0
69.8008 -38.011 1.32752 0.167538 -0.482402 0.859779 0.866592 0.487873 0.104869 -0.470052 0.727508 0.499783
61 4 111111 0
69.8008 -38.011 1.32752 0.167538 -0.482402 0.859779 0.866592 0.487873 0.104869 -0.470052 0.727508 0.499783
61 7 111111 0
19.2616 49.0715 9.40625 0.919902 -0.292557 -0.261132 -0.176631 -0.903644 0.390166 -0.350117 -0.31279 -0.882939
61 7 111111 0
19.2616 49.0715 9.40625 0.919902 -0.292557 -0.261132 -0.176631 -0.903644 0.390166 -0.350117 -0.31279 -0.882939
61 7 111111 0
69.7811 -34.3045 -15.825 0.0960818 -0.38181 0.919233 0.97765 0.209698 -0.015088 -0.187001 0.900138 0.393425
61 7 111111 0
69.7811 -34.3045 -15.825 0.0960818 -0.38181 0.919233 0.97765 0.209698 -0.015088 -0.187001 0.900138 0.393425
61 7 111111 0
5.07989 34.2438 -12.2109 0.98314 0.181777 -0.0198418 0.182732 -0.980677 0.0698648 -0.00675852 -0.0723125 -0.997359
61 7 111111 0
5.07989 34.2438 -12.2109 0.98314 0.181777 -0.0198418 0.182732 -0.980677 0.0698648 -0.00675852 -0.0723125 -0.997359
61 7 111111 0
29.2798 -2.88352 -45.5873 0.45881 0.39179 0.797492 0.786192 -0.5972 -0.158918 0.414 0.699895 -0.582023
61 7 111111 0
29.2798 -2.88352 -45.5873 0.45881 0.39179 0.797492 0.786192 -0.5972 -0.158918 0.414 0.699895 -0.582023
61 7 111111 0
29.2798 -2.88352 -45.5873 0.45881 0.39179 0.797492 0.786192 -0.5972 -0.158918 0.414 0.699895 -0.582023
61 7 111111 0
29.2798 -2.88352 -45.5873 0.45881 0.39179 0.797492 0.786192 -0.5972 -0.158918 0.414 0.699895 -0.582023
61 6 111111 0
63.6681 -27.9684 20.7077 -0.0990049 0.561052 -0.821839 0.895633 -0.309664 -0.319295 -0.433635 -0.767678 -0.471838
61 5 111111 0
119.596 43.3822 -0.312813 -0.732021 -0.519585 0.440655 -0.664809 0.686155 -0.29533 -0.148909 -0.509139 -0.847705
61 4 111111 0
11.9362 15.8557 -24.5881 0.931276 0.292527 -0.217149 -0.209319 0.917476 0.338264 0.298181 -0.269564 0.915655
61 7 111111 0
94.9911 5.15409 -65.184 -0.645346 0.69541 0.316122 0.311968 -0.13782 0.940043 0.697284 0.705273 -0.128004
61 6 111111 0
69.0506 -13.8085 31.5129 -0.296698 0.805122 -0.513564 0.693436 -0.188117 -0.695528 -0.656595 -0.562486 -0.502486
61 5 111111 0
99.7069 69.1198 2.46565 -0.39094 -0.584349 0.711127 -0.915768 0.32449 -0.2368 -0.0923797 -0.743803 -0.661985
61 4 111111 0
8.56603 22.0359 -15.6547 0.964621 0.246926 -0.0923768 -0.24596 0.969033 0.0218724 0.094917 0.00162249 0.995484
61 7 111111 0
85.3719 28.7846 -67.7697 -0.546188 0.786057 0.289471 0.044364 -0.31794 0.947072 0.836487 0.530122 0.138782
61 6 111111 0
60.9747 4.58483 41.8046 -0.241942 0.970268 -0.00666963 0.362549 0.0840234 -0.928169 -0.900012 -0.226981 -0.372099
61 5 111111 0
69.705 85.7878 -2.81061 0.0171751 -0.327307 0.944762 -0.994418 -0.103978 -0.0179448 0.104108 -0.93918 -0.327266
61 4 111111 0
5.79486 24.6248 -1.19018 0.955858 0.258206 0.140234 -0.20977 0.933863 -0.28965 -0.205749 0.247447 0.946804
61 6 111111 0
20.1842 23.7334 32.7093 0.532908 0.658525 0.53137 -0.0778487 0.66346 -0.744151 -0.842584 0.355198 0.404829
61 6 111111 0
20.1842 23.7334 32.7093 0.532908 0.658525 0.53137 -0.0778487 0.66346 -0.744151 -0.842584 0.355198 0.404829
61 6 111111 0
36.0483 -4.78528 27.4567 0.498728 0.195488 -0.844426 0.63082 -0.749992 0.198944 -0.594421 -0.631899 -0.497359
61 5 111111 0
92.3949 67.1 6.2787 -0.139032 -0.893247 0.427529 -0.941316 0.253289 0.223089 -0.307562 -0.371423 -0.876043
61 4 111111 0
20.315 -9.91049 0.145652 0.950254 -0.228328 0.211859 0.222381 0.973582 0.0518154 -0.218093 -0.0021244 0.975926
61 7 111111 0
103.992 -20.6923 -40.7544 -0.638183 0.177574 0.749126 0.747574 -0.0896223 0.658104 0.184001 0.980018 -0.0755542
61 6 111111 0
34.299 -2.72783 27.5882 0.375847 0.595997 -0.709597 0.664644 -0.706968 -0.241752 -0.645746 -0.380767 -0.661837
61 5 111111 0
65.185 80.8219 -1.67672 0.280899 -0.803887 0.524273 -0.956619 -0.19052 0.220413 -0.0773025 -0.563443 -0.822531
61 4 111111 0
20.4124 -9.75249 -1.68969 0.910104 -0.232914 0.342727 0.326594 0.912234 -0.247318 -0.255044 0.337017 0.906296
61 6 111111 0
28.8888 -1.53991 25.1059 0.339812 0.90082 -0.270281 0.632881 -0.431602 -0.642792 -0.695693 0.0473724 -0.716775
61 7 111111 0
37.6846 80.2716 -19.8437 0.60087 -0.406479 0.68828 -0.734254 -0.621012 0.274254 0.315952 -0.670163 -0.671606
61 4 111111 0
19.9642 -9.21272 -0.847634 0.832474 -0.132244 0.53805 0.438621 0.750621 -0.494146 -0.338524 0.647364 0.682877
61 7 111111 0
40.8426 50.4404 -61.7967 0.222733 0.500174 0.836789 -0.0642122 -0.84896 0.524541 0.972763 -0.170564 -0.156974
61 7 111111 0
40.8426 50.4404 -61.7967 0.222733 0.500174 0.836789 -0.0642122 -0.84896 0.524541 0.972763 -0.170564 -0.156974
61 4 111111 0
40.1005 51.7938 22.7375 0.703767 -0.674139 -0.224162 -0.393429 -0.632557 0.667147 -0.591545 -0.381323 -0.710399
61 4 111111 0
40.1005 51.7938 22.7375 0.703767 -0.674139 -0.224162 -0.393429 -0.632557 0.667147 -0.591545 -0.381323 -0.710399
61 4 111111 0
69.8008 -38.011 1.32752 0.167538 -0.482402 0.859779 0.866592 0.487873 0.104869 -0.470052 0.727508 0.499783
61 4 111111 0
69.8008 -38.011 1.32752 0.167538 -0.482402 0.859779 0.866592 0.487873 0.104869 -0.470052 0.727508 0.499783
61 7 111111 0
19.2616 49.0715 9.40625 0.919902 -0.292557 -0.261132 -0.176631 -0.903644 0.390166 -0.350117 -0.31279 -0.882939
61 7 111111 0
19.2616 49.0715 9.40625 0.919902 -0.292557 -0.261132 -0.176631 -0.903644 0.390166 -0.350117 -0.31279 -0.882939
61 7 111111 0
69.7811 -34.3045 -15.825 0.0960818 -0.38181 0.919233 0.97765 0.209698 -0.015088 -0.187001 0.900138 0.393425
61 7 111111 0
69.7811 -34.3045 -15.825 0.0960817 -0.38181 0.919233 0.97765 0.209698 -0.0150879 -0.187001 0.900138 0.393425
61 7 111111 0
5.07989 34.2438 -12.2109 0.983139 0.181777 -0.0198418 0.182732 -0.980677 0.0698648 -0.00675854 -0.0723125 -0.997359
61 7 111111 0
5.07989 34.2438 -12.2109 0.98314 0.181777 -0.0198417 0.182732 -0.980677 0.0698648 -0.00675851 -0.0723126 -0.997359
61 7 111111 0
29.2798 -2.88352 -45.5873 0.45881 0.39179 0.797492 0.786192 -0.5972 -0.158918 0.414 0.699895 -0.582023
61 7 111111 0
29.2798 -2.88352 -45.5873 0.45881 0.39179 0.797492 0.786192 -0.5972 -0.158918 0.414 0.699895 -0.582023
61 7 111111 0
29.2798 -2.88352 -45.5873 0.45881 0.39179 0.797492 0.786192 -0.5972 -0.158918 0.414 0.699895 -0.582023
61 7 111111 0
29.2798 -2.88352 -45.5873 0.45881 0.39179 0.797492 0.786192 -0.5972 -0.158918 0.414 0.699895 -0.582023
61 5 111111 0
103.515 -23.4456 3.6062 -0.797674 0.602165 -0.0333714 0.549004 0.702123 -0.453451 -0.249621 -0.380027 -0.890656
61 5 111111 0
103.515 -23.4456 3.6062 -0.797674 0.602165 -0.0333714 0.549004 0.702123 -0.453451 -0.249621 -0.380027 -0.890656
61 5 111111 0
38.5734 12.2328 -63.3982 0.260325 0.926607 -0.271349 0.104764 0.252272 0.961969 0.959821 -0.278852 -0.0314024
61 5 111111 0
38.5734 12.2328 -63.3982 0.260325 0.926607 -0.271349 0.104764 0.252272 0.961969 0.959821 -0.278852 -0.0314024
61 6 111111 0
104.919 10.0897 27.9115 -0.789401 0.387268 0.476309 0.0156787 0.788368 -0.615005 -0.613678 -0.478017 -0.62841
61 6 111111 0
104.919 10.0897 27.9115 -0.789401 0.387268 0.476309 0.0156787 0.788368 -0.615005 -0.613678 -0.478017 -0.62841
61 5 111111 0
25.1411 38.6147 -51.8614 0.471338 0.863086 -0.181446 -0.299961 0.350345 0.887289 0.829376 -0.363786 0.424023
61 5 111111 0
25.1411 38.6147 -51.8614 0.471338 0.863086 -0.181446 -0.299961 0.350345 0.887289 0.829376 -0.363786 0.424023
61 6 111111 0
74.8262 47.2084 43.268 -0.271146 0.281272 0.920525 -0.543209 0.744786 -0.387579 -0.794609 -0.605128 -0.0491557
61 6 111111 0
74.8262 47.2084 43.268 -0.271146 0.281272 0.920525 -0.543209 0.744786 -0.387579 -0.794609 -0.605128 -0.0491557
61 6 111111 0
12.1133 56.8451 -24.2992 0.68628 0.721977 0.0881374 -0.594367 0.486838 0.640091 0.419223 -0.491668 0.763227
61 6 111111 0
12.1133 56.8451 -24.2992 0.68628 0.721977 0.0881374 -0.594367 0.486838 0.640091 0.419223 -0.491668 0.763227
61 6 111111 0
23.0791 65.0458 21.1942 0.549127 0.461632 0.696674 -0.763211 0.616667 0.192955 -0.340542 -0.637666 0.690951
61 6 111111 0
23.0791 65.0458 21.1942 0.549127 0.461632 0.696674 -0.763211 0.616667 0.192955 -0.340542 -0.637666 0.690951
61 6 111111 0
23.0791 65.0458 21.1942 0.549127 0.461632 0.696674 -0.763211 0.616667 0.192955 -0.340542 -0.637666 0.690951
61 6 111111 0
23.0791 65.0458 21.1942 0.549127 0.461632 0.696674 -0.763211 0.616667 0.192955 -0.340542 -0.637666 0.690951
61 6 111111 0
37.019 -26.8491 0.865032 0.354183 0.627883 -0.69305 0.930201 -0.31288 0.191919 -0.0963389 -0.71265 -0.694874
61 5 111111 0
107.317 39.7377 24.4437 -0.526841 -0.461214 0.713947 -0.586005 0.805521 0.0879427 -0.61566 -0.372044 -0.694655
61 4 111111 0
12.0381 13.1921 -2.27751 0.996765 0.0638983 0.0487497 -0.0803623 0.783364 0.616346 0.00119466 -0.61827 0.785965
61 7 111111 0
94.1951 -20.7608 -47.3219 -0.618426 0.637829 0.459046 0.701636 0.185081 0.688079 0.353916 0.747609 -0.561982
61 6 111111 0
50.9087 -25.5427 11.9739 -0.0150585 0.916688 -0.399321 0.929761 -0.134089 -0.342878 -0.367857 -0.376436 -0.850281
61 5 111111 0
76.4899 70.1525 22.9091 0.00543513 -0.555419 0.831553 -0.897538 0.363936 0.24895 -0.440904 -0.747704 -0.496531
61 4 111111 0
12.7352 14.0635 8.83555 0.961356 0.000175034 0.27531 -0.0679032 0.969257 0.236495 -0.266805 -0.24605 0.931812
61 7 111111 0
79.6287 2.24853 -64.0838 -0.459013 0.799445 0.38755 0.488933 -0.136909 0.86151 0.741789 0.584931 -0.328032
61 6 111111 0
54.8343 -14.1919 26.8024 -0.134568 0.950467 0.280184 0.670347 0.295554 -0.680649 -0.729744 0.0962267 -0.676915
61 5 111111 0
34.9737 80.0331 1.13608 0.558013 -0.141152 0.817739 -0.827797 -0.163658 0.536627 0.0580836 -0.976367 -0.208168
61 4 111111 0
18.3668 9.84373 22.5254 0.794379 0.0369783 0.606296 0.067078 0.9867 -0.148066 -0.603707 0.15829 0.781333
61 7 111111 0
54.0602 29.6792 -68.3816 -0.110794 0.92798 0.355778 0.141573 -0.339594 0.929856 0.983708 0.153391 -0.093752
61 6 111111 0
36.7709 1.14104 34.2137 0.313037 0.452922 0.834787 0.29725 0.788081 -0.539047 -0.902026 0.416882 0.112068
61 7 111111 0
22.5079 59.6078 -45.2203 0.489501 0.681118 0.544488 -0.3371 -0.428058 0.838528 0.804209 -0.594008 0.0200698
61 6 111111 0
36.7709 1.14104 34.2137 0.313037 0.452922 0.834787 0.29725 0.788081 -0.539047 -0.902026 0.416882 0.112068
61 7 111111 0
22.5079 59.6078 -45.2203 0.489501 0.681118 0.544488 -0.3371 -0.428058 0.838528 0.804209 -0.594008 0.0200698
61 4 111111 0
20.3392 25.7772 17.7363 0.928982 -0.267271 -0.256044 0.0806558 -0.528969 0.8448 -0.36123 -0.805455 -0.469846
61 5 111111 0
51.9975 55.7642 28.3548 0.532217 -0.757741 0.37759 -0.60216 -0.0253028 0.797975 -0.595104 -0.652065 -0.469747
61 4 111111 0
51.3189 -14.5336 29.6707 0.471149 -0.439571 0.76472 0.370982 0.885318 0.280327 -0.800244 0.151622 0.58019
61 5 111111 0
88.3179 -29.8241 9.3852 -0.256244 -0.181104 0.949495 0.723151 0.615884 0.312632 -0.641398 0.766738 -0.0268513
61 6 111111 0
10.6012 14.7853 2.95512 0.891619 0.274809 -0.359856 0.428065 -0.770621 0.472127 -0.147568 -0.574999 -0.804736
61 5 111111 0
22.1216 57.8812 7.87973 0.900848 -0.388147 0.194462 -0.394849 -0.546338 0.738654 -0.180464 -0.742198 -0.645426
61 4 111111 0
55.2834 -24.1633 16.6301 0.318153 -0.312204 0.895158 0.671377 0.740852 0.0197689 -0.669352 0.594699 0.445311
61 7 111111 0
85.4085 -29.4841 -16.2088 -0.321503 0.0477431 0.945704 0.922145 0.242696 0.301241 -0.215137 0.968927 -0.122054
61 6 111111 0
15.0125 -4.70475 -13.899 0.610312 0.79216 0.0012048 0.792043 -0.610247 0.0163002 0.0136476 -0.00899397 -0.999866
61 7 111111 0
6.06835 37.729 -25.4576 0.922213 0.300555 0.24329 0.117362 -0.817051 0.564494 0.368442 -0.492031 -0.788769
61 6 111111 0
55.8537 -27.2929 -0.883655 0.149992 0.00680357 0.988664 0.88995 0.434676 -0.138008 -0.430687 0.900561 0.0591432
61 7 111111 0
71.928 -18.3601 -41.8232 -0.257648 0.408062 0.875844 0.923499 -0.162614 0.347429 0.284197 0.898355 -0.334947
61 6 111111 0
40.3851 -22.6083 -18.2772 0.19173 0.636666 0.746924 0.976524 -0.0476159 -0.210079 -0.098185 0.769668 -0.630849
61 7 111111 0
33.9618 3.72194 -54.0499 0.271199 0.739433 0.61619 0.690848 -0.595298 0.410305 0.670209 0.314419 -0.67228
61 6 111111 0
40.3851 -22.6083 -18.2772 0.19173 0.636666 0.746924 0.976524 -0.0476159 -0.210079 -0.098185 0.769668 -0.630849
61 7 111111 0
33.9618 3.72194 -54.0499 0.271199 0.739433 0.61619 0.690848 -0.595298 0.410305 0.670209 0.314419 -0.67228
61 4 111111 0
32.4158 44.3489 24.1287 0.815756 -0.574616 0.0660184 -0.305872 -0.331701 0.892422 -0.490902 -0.748192 -0.446346
61 4 111111 0
32.4158 44.3489 24.1287 0.815756 -0.574616 0.0660184 -0.305872 -0.331701 0.892422 -0.490902 -0.748192 -0.446346
61 4 111111 0
71.5594 -24.0963 24.1487 0.0989342 -0.379261 0.919986 0.571712 0.778369 0.259398 -0.814467 0.500304 0.293835
61 4 111111 0
71.5594 -24.0963 24.1487 0.0989342 -0.379261 0.919986 0.571712 0.778369 0.259398 -0.814467 0.500304 0.293835
61 7 111111 0
11.4269 37.7955 4.16404 0.990158 -0.0814055 -0.113846 0.0166599 -0.739098 0.673392 -0.138961 -0.668661 -0.730468
61 7 111111 0
11.4269 37.7955 4.16404 0.990158 -0.0814055 -0.113846 0.0166599 -0.739098 0.673392 -0.138961 -0.668661 -0.730468
61 4 111111 0
72.8648 -30.47 3.11214 -0.0280313 -0.18769 0.981828 0.857871 0.499655 0.120008 -0.5131 0.845646 0.147008
61 4 111111 0
72.8648 -30.47 3.11214 -0.0280313 -0.18769 0.981828 0.857871 0.499655 0.120008 -0.5131 0.845646 0.147008
61 7 111111 0
6.95839 14.8017 -23.1857 0.824068 0.561128 0.0777669 0.510307 -0.794914 0.328175 0.245966 -0.230753 -0.941411
61 7 111111 0
6.95839 14.8017 -23.1857 0.824068 0.561128 0.0777669 0.510307 -0.794914 0.328175 0.245966 -0.230753 -0.941411
61 7 111111 0
66.7759 -27.2659 -21.1893 -0.0950671 0.178762 0.979289 0.990366 0.116484 0.0748792 -0.100686 0.976973 -0.188113
61 7 111111 0
66.7759 -27.2659 -21.1893 -0.0950671 0.178762 0.979289 0.990366 0.116484 0.0748792 -0.100686 0.976973 -0.188113
61 7 111111 0
37.9588 -13.5937 -39.3595 0.213764 0.700666 0.680715 0.922666 -0.37373 0.0949394 0.320924 0.607778 -0.726371
61 7 111111 0
37.9588 -13.5937 -39.3595 0.213764 0.700666 0.680715 0.922666 -0.37373 0.0949394 0.320924 0.607778 -0.726371
61 7 111111 0
37.9588 -13.5937 -39.3595 0.213764 0.700666 0.680715 0.922666 -0.37373 0.0949394 0.320924 0.607778 -0.726371
61 7 111111 0
37.9588 -13.5937 -39.3595 0.213764 0.700666 0.680715 0.922666 -0.37373 0.0949394 0.320924 0.607778 -0.726371
61 6 111111 0
105.803 60.4793 8.46153 -0.840426 0.492844 -0.225364 -0.441218 -0.863735 -0.243493 -0.314659 -0.105203 0.943357
61 6 111111 0
105.803 60.4793 8.46153 -0.840426 0.492843 -0.225364 -0.441218 -0.863735 -0.243493 -0.314659 -0.105203 0.943357
61 6 111111 0
105.803 60.4793 8.46153 -0.840426 0.492844 -0.225364 -0.441218 -0.863735 -0.243493 -0.314659 -0.105203 0.943357
61 6 111111 0
105.803 60.4793 8.46153 -0.840426 0.492843 -0.225364 -0.441218 -0.863735 -0.243493 -0.314659 -0.105203 0.943357
61 6 111111 0
123.23 30.0791 2.96371 -0.994491 0.0342874 -0.0990583 0.0293716 -0.815992 -0.577317 -0.100625 -0.577046 0.810489
61 6 111111 0
123.23 30.079 2.96371 -0.994491 0.0342874 -0.0990583 0.0293716 -0.815992 -0.577317 -0.100625 -0.577046 0.810489
61 6 111111 0
92.4079 72.4707 -5.27754 -0.626375 0.613108 -0.481408 -0.74153 -0.659091 0.125428 -0.240391 0.435544 0.867476
61 6 111111 0
92.4079 72.4707 -5.27754 -0.626375 0.613108 -0.481408 -0.74153 -0.659091 0.125428 -0.240391 0.435544 0.867476
61 6 111111 0
105.803 60.4793 8.46153 -0.840426 0.492844 -0.225364 -0.441218 -0.863735 -0.243493 -0.314659 -0.105203 0.943357
61 6 111111 0
105.803 60.4793 8.46153 -0.840426 0.492843 -0.225364 -0.441218 -0.863735 -0.243493 -0.314659 -0.105203 0.943357
61 6 111111 0
105.803 60.4793 8.46153 -0.840426 0.492844 -0.225364 -0.441218 -0.863735 -0.243493 -0.314659 -0.105203 0.943357
61 6 111111 0
105.803 60.4793 8.46153 -0.840426 0.492843 -0.225364 -0.441218 -0.863735 -0.243493 -0.314659 -0.105203 0.943357
61 6 111111 0
69.4239 61.8768 26.5777 -0.181588 0.430872 -0.883954 -0.530463 -0.799818 -0.28089 -0.828031 0.417899 0.373799
61 7 111111 0
102.757 26.642 -60.5411 -0.346436 -0.883176 0.316199 -0.0706049 -0.311568 -0.947597 0.935413 -0.350607 0.0455818
61 6 111111 0
31.4582 61.9256 -30.5319 0.565962 0.206009 -0.798278 -0.823758 0.180441 -0.537461 0.0333203 0.96177 0.271824
61 7 111111 0
122.318 21.2181 -35.9759 -0.859566 -0.297078 0.415802 0.245985 -0.953728 -0.172898 0.447926 -0.0463363 0.892869
61 6 111111 0
40.2544 71.792 2.20053 0.315219 0.454517 -0.833098 -0.8063 -0.334717 -0.487693 -0.500516 0.825457 0.260967
61 6 111111 0
40.2544 71.792 2.20053 0.315219 0.454517 -0.833098 -0.8063 -0.334717 -0.487693 -0.500516 0.825457 0.260967
61 6 111111 0
36.2607 66.9153 -26.8022 0.636893 -0.325917 -0.698674 -0.769576 -0.322896 -0.550901 -0.0460512 0.888548 -0.456467
61 7 111111 0
47.0139 55.5485 -54.9069 0.583712 -0.74983 -0.311503 -0.621225 -0.165385 -0.765981 0.522838 0.640626 -0.562351
61 7 111111 0
43.6567 11.1549 -65.8609 0.657139 -0.752719 -0.0397638 0.0803352 0.122392 -0.989225 0.749476 0.646864 0.140898
61 7 111111 0
72.9682 -1.97736 -67.6172 0.197262 -0.915016 0.3519 0.425436 -0.243492 -0.871617 0.883228 0.321648 0.341249
61 7 111111 0
30.1576 43.1759 -53.0605 0.803266 -0.529221 -0.273292 -0.380554 -0.103039 -0.919001 0.458195 0.842204 -0.284164
61 7 111111 0
53.6892 28.6642 -69.5036 0.495123 -0.852067 0.16981 -0.0835762 -0.241251 -0.966857 0.864794 0.464521 -0.190661
61 7 111111 0
30.1576 43.1759 -53.0605 0.803266 -0.529221 -0.273292 -0.380554 -0.103039 -0.919001 0.458195 0.842204 -0.284164
61 7 111111 0
53.6892 28.6642 -69.5036 0.495123 -0.852067 0.16981 -0.0835762 -0.241251 -0.966857 0.864794 0.464521 -0.190661
61 7 111111 0
39.4267 62.0759 -42.0417 0.65378 -0.553375 -0.516089 -0.715036 -0.228648 -0.660639 0.247578 0.800935 -0.545168
61 7 111111 0
39.4267 62.0759 -42.0417 0.65378 -0.553375 -0.516089 -0.715036 -0.228648 -0.660639 0.247578 0.800935 -0.545168
61 7 111111 0
57.3888 2.74971 -68.4042 0.455745 -0.87307 0.173339 0.279826 -0.0443344 -0.959026 0.844982 0.485576 0.224103
61 7 111111 0
57.3888 2.74971 -68.4042 0.455745 -0.87307 0.173339 0.279826 -0.0443344 -0.959026 0.844982 0.485576 0.224103
61 7 111111 0
40.1927 35.2547 -63.1716 0.689552 -0.722707 -0.0470374 -0.226398 -0.153408 -0.961878 0.687941 0.673914 -0.269403
61 7 111111 0
40.1927 35.2547 -63.1716 0.689552 -0.722707 -0.0470374 -0.226398 -0.153408 -0.961878 0.687941 0.673914 -0.269403
61 7 111111 0
40.1927 35.2547 -63.1716 0.689552 -0.722707 -0.0470374 -0.226398 -0.153408 -0.961878 0.687941 0.673914 -0.269403
61 7 111111 0
40.1927 35.2547 -63.1716 0.689552 -0.722707 -0.0470374 -0.226398 -0.153408 -0.961878 0.687941 0.673914 -0.269403
60 6 111111 0
15.0315 54.9451 16.3515 0.58865 0.80119 0.107636 -0.613036 0.529218 -0.586613 -0.526951 0.279325 0.802683
60 6 111111 0
44.9283 76.5828 18.4685 0.100723 0.639069 0.762525 -0.933184 0.326448 -0.150328 -0.344995 -0.696435 0.629251
60 6 111111 0
44.9283 76.5828 18.4685 0.100723 0.639069 0.762525 -0.933185 0.326448 -0.150328 -0.344995 -0.696435 0.629251
60 6 111111 0
44.9283 76.5828 18.4685 0.100723 0.639069 0.762525 -0.933184 0.326448 -0.150328 -0.344995 -0.696435 0.629251
60 6 111111 0
44.9283 76.5828 18.4685 0.100723 0.639069 0.762525 -0.933185 0.326448 -0.150328 -0.344995 -0.696435 0.629251
60 4 111111 0
7.43552 25.4868 8.92757 0.881349 0.353828 0.313098 -0.207842 0.885479 -0.415607 -0.424295 0.30122 0.853956
60 7 111111 0
61.0104 87.2329 -10.1401 0.125608 -0.250886 0.959833 -0.967822 -0.243629 0.0629722 0.218045 -0.936857 -0.273414
60 6 111111 0
33.5861 40.9516 40.0782 0.375175 0.434072 0.819039 -0.435091 0.862663 -0.257891 -0.818498 -0.259602 0.512511
60 7 111111 0
34.3129 78.9295 0.822815 0.420411 0.156809 0.893681 -0.9072 0.0895601 0.411056 -0.0155809 -0.98356 0.179909
60 7 111111 0
86.2357 -2.24009 -64.6942 -0.0451639 -0.883766 0.465744 0.488346 -0.426248 -0.761466 0.871481 0.193053 0.450835
60 7 111111 0
86.2357 -2.24008 -64.6942 -0.0451638 -0.883766 0.465744 0.488346 -0.426248 -0.761466 0.871481 0.193053 0.450835
60 7 111111 0
86.2357 -2.24009 -64.6942 -0.0451639 -0.883766 0.465744 0.488346 -0.426248 -0.761466 0.871481 0.193053 0.450835
60 7 111111 0
86.2357 -2.24008 -64.6942 -0.0451638 -0.883766 0.465744 0.488346 -0.426248 -0.761466 0.871481 0.193053 0.450835
60 7 111111 0
50.6838 -14.4052 -57.3684 0.442945 -0.547109 0.710261 0.720932 -0.253592 -0.64494 0.532969 0.797723 0.282101
60 7 111111 0
50.6838 -14.4052 -57.3684 0.442945 -0.547109 0.710261 0.720932 -0.253592 -0.64494 0.532969 0.797723 0.282101
60 6 111111 0
24.2324 -12.9742 -28.577 0.819764 -0.292317 0.492481 0.570923 0.349411 -0.74294 0.0450957 0.890204 0.453325
60 7 111111 0
23.4169 46.0509 -59.1346 0.723775 -0.21119 0.656923 -0.0621012 -0.968086 -0.242802 0.687236 0.134939 -0.713792
60 6 111111 0
22.0605 3.88794 22.577 0.458522 0.869442 -0.183926 0.547354 -0.439345 -0.712305 -0.700115 0.225935 -0.677342
60 6 111111 0
22.0605 3.88794 22.577 0.458522 0.869442 -0.183926 0.547354 -0.439345 -0.712305 -0.700115 0.225935 -0.677342
60 4 111111 0
20.8097 -11.7077 -6.22224 0.847399 -0.173585 0.50178 0.454415 0.725915 -0.516289 -0.274629 0.66552 0.694019
60 7 111111 0
23.4343 67.2552 -40.7977 0.737373 -0.264632 0.621491 -0.43973 -0.886468 0.144262 0.512756 -0.379663 -0.770024
60 6 111111 0
22.0605 3.88794 22.577 0.458522 0.869442 -0.183926 0.547354 -0.439345 -0.712305 -0.700115 0.225935 -0.677342
60 6 111111 0
22.0605 3.88794 22.577 0.458522 0.869442 -0.183926 0.547354 -0.439345 -0.712305 -0.700115 0.225935 -0.677342
60 4 111111 0
18.8519 0.625159 11.6656 0.898835 -0.140152 0.415274 0.152117 0.988353 0.00431354 -0.411042 0.059293 0.909686
60 4 111111 0
24.727 -2.78231 19.6549 0.658738 0.102003 0.745426 0.303394 0.870627 -0.387247 -0.688488 0.481252 0.542568
60 5 111111 0
31.4006 78.3573 -11.8427 0.65219 -0.331862 0.681554 -0.740385 -0.471854 0.478731 0.162721 -0.816836 -0.553444
60 6 111111 0
34.852 -7.76094 24.3381 0.27939 0.656016 0.70113 0.513556 0.51489 -0.686403 -0.811296 0.551844 -0.193046
60 6 111111 0
34.7611 -17.5288 13.7473 0.374655 0.604804 -0.702742 0.855553 -0.517606 0.0106539 -0.3573 -0.605224 -0.711365
60 6 111111 0
41.8684 -15.0692 20.291 0.0751953 0.975458 -0.206947 0.79344 -0.184233 -0.580095 -0.603985 -0.12058 -0.787821
60 6 111111 0
41.8684 -15.0692 20.291 0.0751953 0.975458 -0.206947 0.793441 -0.184233 -0.580095 -0.603985 -0.12058 -0.787822
60 5 111111 0
80.6431 39.4557 39.5179 -0.166321 -0.290341 0.942359 -0.492281 0.852504 0.175772 -0.854398 -0.434671 -0.284718
60 5 111111 0
80.6431 39.4557 39.5179 -0.166321 -0.290341 0.942359 -0.492281 0.852504 0.175772 -0.854398 -0.434671 -0.284718
60 6 111111 0
73.5311 -26.5219 6.73957 -0.412419 0.851324 0.324279 0.803459 0.507686 -0.310978 -0.429375 0.132292 -0.893384
60 4 111111 0
72.5122 -30.7365 5.5392 -0.00393117 -0.217916 0.97596 0.830586 0.542786 0.124541 -0.556877 0.811108 0.178864
60 4 111111 0
72.5122 -30.7365 5.5392 -0.00393117 -0.217916 0.97596 0.830586 0.542786 0.124541 -0.556877 0.811108 0.178864
60 4 111111 0
14.9844 40.6752 8.79985 0.971625 -0.206403 -0.115512 -0.064189 -0.700138 0.711116 -0.227651 -0.683524 -0.69352
60 4 111111 0
14.9844 40.6752 8.79985 0.971625 -0.206403 -0.115512 -0.064189 -0.700138 0.711116 -0.227651 -0.683524 -0.69352
84 6 111111 0
63.2199 25.7067 48.539 -0.218391 0.355488 0.908809 -0.120099 0.914418 -0.386542 -0.968443 -0.193565 -0.157007
84 6 111111 0
92.9845 7.55768 25.8095 -0.791788 0.422887 0.440726 0.215 0.868344 -0.446938 -0.571706 -0.259124 -0.778465
84 6 111111 0
92.9845 7.55768 25.8095 -0.791788 0.422887 0.440726 0.215 0.868344 -0.446938 -0.571706 -0.259124 -0.778465
84 4 111111 0
5.12708 20.4705 19.3403 0.877486 -0.0651867 -0.475152 0.409314 -0.414563 0.812773 -0.249963 -0.907683 -0.337091
84 4 111111 0
5.12708 20.4705 19.3403 0.877486 -0.0651867 -0.475152 0.409314 -0.414563 0.812773 -0.249963 -0.907683 -0.337091
84 4 111111 0
5.12708 20.4705 19.3403 0.877486 -0.0651867 -0.475152 0.409314 -0.414563 0.812773 -0.249963 -0.907683 -0.337091
84 4 111111 0
5.12708 20.4705 19.3403 0.877486 -0.0651867 -0.475152 0.409314 -0.414563 0.812773 -0.249963 -0.907683 -0.337091
84 6 111111 0
46.3314 -15.7045 19.8206 -0.126446 0.973819 0.188915 0.815192 0.210523 -0.539575 -0.565219 0.0857747 -0.820469
84 6 111111 0
46.3314 -15.7045 19.8206 -0.126446 0.973819 0.188915 0.815192 0.210523 -0.539575 -0.565219 0.0857747 -0.820469
84 6 111111 0
80.2258 -12.4722 14.0754 -0.596126 0.558685 0.576632 0.613587 0.780209 -0.121596 -0.517827 0.281328 -0.807904
84 6 111111 0
80.2258 -12.4722 14.0754 -0.596126 0.558685 0.576632 0.613587 0.780209 -0.121596 -0.517827 0.281328 -0.807904
84 5 111111 0
9.30641 55.4385 22.1126 0.870412 -0.149492 0.469078 -0.415298 0.288751 0.862642 -0.264405 -0.945661 0.189248
84 4 111111 0
6.9413 22.2152 23.097 0.851122 -0.0931641 -0.516635 0.403708 -0.512927 0.757578 -0.335575 -0.853362 -0.398953
84 4 111111 0
6.9413 22.2152 23.097 0.851122 -0.0931641 -0.516635 0.403708 -0.512927 0.757578 -0.335575 -0.853362 -0.398953
84 4 111111 0
6.9413 22.2152 23.097 0.851122 -0.0931641 -0.516635 0.403708 -0.512927 0.757578 -0.335575 -0.853362 -0.398953
84 4 111111 0
6.9413 22.2152 23.097 0.851122 -0.0931641 -0.516635 0.403708 -0.512927 0.757578 -0.335575 -0.853362 -0.398953
83 2 111111 0
77.6589 -17.4646 15.1044 -0.53226 0.61683 -0.579845 0.808109 0.16606 -0.56514 -0.252306 -0.76938 -0.586853
83 6 111111 0
77.6589 -17.4646 15.1044 -0.53226 0.61683 -0.579845 0.808109 0.16606 -0.56514 -0.252306 -0.76938 -0.586853
83 2 111111 0
89.8556 -17.6147 -12.5958 -0.728666 0.573885 -0.373767 0.672582 0.702543 -0.23252 0.129148 -0.420819 -0.897904
83 6 111111 0
89.8555 -17.6147 -12.5958 -0.728666 0.573885 -0.373767 0.672582 0.702543 -0.23252 0.129148 -0.420819 -0.897904
83 2 111111 0
65.0645 -19.1346 -40.1489 -0.265666 0.530463 -0.805003 0.707398 0.674568 0.211058 0.654989 -0.513387 -0.554458
83 3 111111 0
78.7368 13.779 -63.044 -0.547321 0.721216 -0.424602 0.168796 0.592037 0.788035 0.819724 0.359637 -0.445772
83 2 111111 0
65.0645 -19.1346 -40.1489 -0.265666 0.530463 -0.805003 0.707398 0.674568 0.211058 0.654989 -0.513387 -0.554458
83 3 111111 0
78.7368 13.779 -63.044 -0.547321 0.721216 -0.424602 0.168796 0.592037 0.788035 0.819724 0.359637 -0.445772
83 3 111111 0
69.5722 -4.61491 -55.7717 -0.381305 0.681856 -0.624243 0.446912 0.727071 0.521189 0.809244 -0.08025 -0.581965
83 3 111111 0
69.5722 -4.61491 -55.7717 -0.381305 0.681856 -0.624243 0.446912 0.727071 0.521189 0.809244 -0.08025 -0.581965
83 3 111111 0
69.5722 -4.61491 -55.7717 -0.381305 0.681856 -0.624243 0.446912 0.727071 0.521189 0.809244 -0.08025 -0.581965
83 3 111111 0
69.5722 -4.61491 -55.7717 -0.381305 0.681856 -0.624243 0.446912 0.727071 0.521189 0.809244 -0.08025 -0.581965
83 2 111111 0
42.2532 -21.9424 4.33495 0.12145 0.486229 -0.86535 0.992279 -0.0815565 0.0934384 -0.0251424 -0.870017 -0.49238
83 6 111111 0
42.2532 -21.9424 4.33495 0.12145 0.486229 -0.86535 0.992279 -0.0815566 0.0934385 -0.0251425 -0.870017 -0.49238
83 2 111111 0
51.892 -21.5675 -31.3711 -0.146933 0.891978 -0.427536 0.884644 0.311864 0.346621 0.442511 -0.327287 -0.834905
83 6 111111 0
51.892 -21.5675 -31.3711 -0.146932 0.891978 -0.427536 0.884644 0.311864 0.346621 0.442511 -0.327287 -0.834905
83 2 111111 0
20.2671 -4.96993 -32.8104 0.477423 0.564449 -0.673398 0.614199 0.333672 0.715139 0.628353 -0.755024 -0.187381
83 3 111111 0
33.4385 13.7783 -58.6142 0.147672 0.975175 -0.165006 0.354527 0.103556 0.929294 0.923311 -0.19573 -0.330434
83 6 111111 0
20.2671 -4.96993 -32.8104 0.477423 0.564449 -0.673398 0.614199 0.333672 0.715139 0.628353 -0.755024 -0.187381
83 7 111111 0
33.4385 13.7783 -58.6142 0.147672 0.975175 -0.165006 0.354527 0.103556 0.929294 0.923311 -0.19573 -0.330434
89 6 111111 0
10.439 22.2006 22.1445 0.704858 0.372797 0.603488 -0.114947 0.899547 -0.421428 -0.699973 0.227678 0.676905
89 6 111111 0
10.439 22.2006 22.1445 0.704858 0.372797 0.603488 -0.114947 0.899547 -0.421428 -0.699973 0.227678 0.676905
89 6 111111 0
72.9622 25.1781 43.0621 -0.400108 0.410032 0.819627 -0.130976 0.859569 -0.49395 -0.907061 -0.304984 -0.290216
89 4 111111 0
27.2884 44.5317 34.7554 0.44696 0.261284 0.855545 -0.487908 0.872817 -0.0116629 -0.749782 -0.412214 0.517597
89 5 111111 0
47.0391 77.1385 19.982 0.22398 -0.177645 0.958267 -0.903215 0.331523 0.272571 -0.366109 -0.926571 -0.0861967
89 4 111111 0
27.2884 44.5317 34.7554 0.44696 0.261284 0.855545 -0.487908 0.872817 -0.0116629 -0.749782 -0.412214 0.517597
89 5 111111 0
47.0391 77.1385 19.9819 0.22398 -0.177645 0.958267 -0.903215 0.331523 0.272571 -0.366109 -0.926571 -0.0861967
89 6 111111 0
37.5196 -7.1786 25.7049 0.161536 0.631109 0.758688 0.493399 0.614154 -0.615932 -0.854671 0.473831 -0.21218
89 6 111111 0
30.7316 -4.817 23.8295 0.413388 0.13432 0.900593 0.371003 0.878392 -0.301305 -0.831545 0.458679 0.313284
89 5 111111 0
31.7182 80.0021 5.77916 0.606607 -0.681599 0.409207 -0.75798 -0.340613 0.556282 -0.23978 -0.647615 -0.723256
89 6 111111 0
30.7316 -4.817 23.8295 0.413388 0.13432 0.900593 0.371003 0.878392 -0.301305 -0.831545 0.458679 0.313284
89 5 111111 0
31.7182 80.0021 5.77916 0.606607 -0.681599 0.409207 -0.75798 -0.340613 0.556282 -0.23978 -0.647615 -0.723256
89 4 111111 0
66.4504 8.94771 38.269 -0.192816 0.0959206 0.976535 0.122419 0.989786 -0.0730508 -0.973569 0.105461 -0.202589
89 5 111111 0
78.3466 46.0859 37.2814 -0.211561 -0.617435 0.757639 -0.447647 0.750311 0.486463 -0.868824 -0.236238 -0.435129
89 4 111111 0
44.5175 23.0345 40.8339 0.274244 -0.23613 0.932219 -0.121945 0.953021 0.277274 -0.953897 -0.18972 0.232565
89 5 111111 0
44.9613 61.187 32.7147 0.361156 -0.60314 0.711188 -0.629774 0.404699 0.663026 -0.687715 -0.687344 -0.233683
89 4 111111 0
44.5175 23.0345 40.8339 0.274244 -0.23613 0.932219 -0.121945 0.953021 0.277274 -0.953897 -0.18972 0.232565
89 5 111111 0
44.9613 61.187 32.7147 0.361156 -0.60314 0.711188 -0.629774 0.404699 0.663026 -0.687715 -0.687344 -0.233683
59 5 111111 0
122.299 38.8778 -20.0218 -0.824091 -0.522684 0.218347 -0.510934 0.519442 -0.684928 0.244583 -0.676004 -0.695125
59 6 111111 0
111.968 -8.70651 5.58404 -0.917417 0.345882 -0.196753 0.358262 0.502748 -0.786697 -0.173188 -0.792219 -0.585146
59 7 111111 0
108.205 46.9444 10.4147 -0.818973 -0.0343451 0.572803 -0.521077 0.462587 -0.717281 -0.240336 -0.885909 -0.396743
59 4 111111 0
111.968 -8.70653 5.58403 -0.917417 0.345882 -0.196753 0.358263 0.502748 -0.786697 -0.173187 -0.792219 -0.585146
59 5 111111 0
108.205 46.9444 10.4147 -0.818974 -0.0343451 0.572802 -0.521077 0.462587 -0.717281 -0.240336 -0.885908 -0.396743
59 6 111111 0
48.7788 33.9504 40.0199 0.0185073 0.713081 -0.700837 0.0118695 -0.701064 -0.712999 -0.999758 0.00487704 -0.0214387
59 5 111111 0
98.6542 70.1167 -20.4231 -0.338556 -0.931622 0.132135 -0.937794 0.322595 -0.128352 0.0769498 -0.16737 -0.982887
59 7 111111 0
8.41953 34.6838 -41.9435 0.711636 0.676849 -0.188282 -0.191346 0.444598 0.875054 0.675989 -0.586693 0.445904
59 7 111111 0
8.41953 34.6838 -41.9435 0.711636 0.676849 -0.188282 -0.191346 0.444598 0.875054 0.675989 -0.586693 0.445904
59 4 111111 0
8.41944 34.6839 -41.9434 0.711637 0.676847 -0.188281 -0.191347 0.444599 0.875053 0.675987 -0.586694 0.445906
59 4 111111 0
8.41944 34.6839 -41.9434 0.711637 0.676847 -0.188281 -0.191347 0.444599 0.875053 0.675987 -0.586694 0.445906
59 5 111111 0
105.507 13.141 18.9821 -0.848232 0.24492 0.469591 -0.0180036 0.872803 -0.48774 -0.529318 -0.422171 -0.735931
59 5 111111 0
105.507 13.141 18.9821 -0.848232 0.24492 0.469591 -0.0180036 0.872803 -0.48774 -0.529318 -0.422171 -0.735931
59 5 111111 0
105.507 13.141 18.9821 -0.848232 0.24492 0.469591 -0.0180036 0.872803 -0.48774 -0.529318 -0.422171 -0.735931
59 5 111111 0
105.507 13.141 18.9821 -0.848232 0.24492 0.469591 -0.0180036 0.872803 -0.48774 -0.529318 -0.422171 -0.735931
59 7 111111 0
60.0039 76.8421 -3.32971 0.212193 -0.368418 -0.90512 -0.87309 -0.487519 -0.00624559 -0.438962 0.791577 -0.42511
59 7 111111 0
60.0039 76.8421 -3.32971 0.212193 -0.368418 -0.90512 -0.87309 -0.487519 -0.00624559 -0.438962 0.791577 -0.42511
59 4 111111 0
60.0039 76.8421 -3.32971 0.212193 -0.368418 -0.90512 -0.87309 -0.487519 -0.00624536 -0.438962 0.791577 -0.42511
59 4 111111 0
60.0039 76.8421 -3.32971 0.212193 -0.368418 -0.90512 -0.87309 -0.487519 -0.00624536 -0.438962 0.791577 -0.42511
59 2 111111 0
11.6816 -2.94427 -25.5387 0.649178 0.363029 -0.668415 0.575752 0.339737 0.743699 0.497069 -0.867634 0.0115354
59 4 111111 0
11.6816 -2.94425 -25.5387 0.649179 0.363028 -0.668414 0.575751 0.339737 0.7437 0.497069 -0.867634 0.0115361
59 2 111111 0
11.6816 -2.94427 -25.5387 0.649178 0.363029 -0.668415 0.575752 0.339737 0.743699 0.497069 -0.867634 0.0115354
59 4 111111 0
11.6816 -2.94425 -25.5387 0.649179 0.363028 -0.668414 0.575751 0.339737 0.7437 0.497069 -0.867634 0.0115361
103 7 111111 0
3.08548 28.3761 -53.9315 0.584995 0.654584 0.478854 -0.294791 -0.378426 0.877435 0.755565 -0.654457 -0.0284118
98 4 111111 0
8.31724 36.1328 9.59836 0.572527 0.512459 0.64 -0.733457 0.668975 0.120472 -0.366407 -0.538385 0.758872
98 4 111111 0
8.31724 36.1328 9.59837 0.572527 0.512459 0.64 -0.733457 0.668975 0.120472 -0.366407 -0.538385 0.758872
98 4 111111 0
-1.54083 22.3572 6.12181 0.743358 0.500217 0.444074 -0.542906 0.839009 -0.0362849 -0.390732 -0.214117 0.895255
98 4 111111 0
-1.54083 22.3572 6.12181 0.743358 0.500217 0.444074 -0.542906 0.839009 -0.0362849 -0.390732 -0.214117 0.895255
98 4 111111 0
8.31724 36.1328 9.59836 0.572527 0.512459 0.64 -0.733457 0.668975 0.120472 -0.366407 -0.538385 0.758872
98 4 111111 0
8.31724 36.1328 9.59837 0.572527 0.512459 0.64 -0.733457 0.668975 0.120472 -0.366407 -0.538385 0.758872
98 4 111111 0
-1.54083 22.3572 6.12181 0.743358 0.500217 0.444074 -0.542906 0.839009 -0.0362849 -0.390732 -0.214117 0.895255
98 4 111111 0
-1.54083 22.3572 6.12181 0.743358 0.500217 0.444074 -0.542906 0.839009 -0.0362849 -0.390732 -0.214117 0.895255
106 6 111111 0
72.2413 41.7306 43.7546 -0.311488 0.601823 -0.735381 -0.15554 -0.795734 -0.585332 -0.937434 -0.0679428 0.341469
106 6 111111 0
72.2413 41.7306 43.7546 -0.311488 0.601823 -0.735381 -0.15554 -0.795734 -0.585332 -0.937434 -0.0679429 0.341469
106 6 111111 0
91.1589 0.785366 37.6531 -0.654367 0.683804 -0.322824 0.360181 -0.0935196 -0.928183 -0.664886 -0.723648 -0.185097
106 6 111111 0
91.1589 0.785373 37.6531 -0.654367 0.683804 -0.322824 0.360181 -0.0935196 -0.928183 -0.664886 -0.723648 -0.185097
106 6 111111 0
78.0309 22.3278 46.4811 -0.458775 0.745515 -0.483458 0.118552 -0.487875 -0.864826 -0.880608 -0.454075 0.135442
106 6 111111 0
78.0309 22.3278 46.4811 -0.458775 0.745515 -0.483458 0.118552 -0.487875 -0.864826 -0.880608 -0.454076 0.135443
106 6 111111 0
78.0309 22.3278 46.4811 -0.458775 0.745515 -0.483458 0.118552 -0.487875 -0.864826 -0.880608 -0.454076 0.135442
106 6 111111 0
78.0309 22.3278 46.4811 -0.458775 0.745515 -0.483458 0.118552 -0.487875 -0.864826 -0.880608 -0.454076 0.135443
106 6 111111 0
16.3191 -3.85451 26.9351 0.559332 0.762783 -0.324515 0.587837 -0.641007 -0.493515 -0.584461 0.0852771 -0.806928
106 6 111111 0
16.3191 -3.85451 26.9351 0.559332 0.762783 -0.324515 0.587837 -0.641007 -0.493515 -0.584461 0.0852771 -0.806928
106 6 111111 0
34.37 68.815 -12.0064 0.518701 0.146814 -0.842256 -0.800739 -0.26181 -0.538769 -0.29961 0.953887 -0.0182408
106 5 111111 0
114.827 30.957 20.374 -0.786864 -0.115156 0.606287 -0.439348 0.794451 -0.419309 -0.43338 -0.59631 -0.675719
106 5 111111 0
103.866 51.5785 23.6225 -0.709503 0.122111 0.694042 -0.605032 0.399396 -0.688781 -0.361305 -0.90861 -0.209491
106 6 111111 0
17.0144 53.1566 10.1671 0.716955 0.343921 -0.606378 -0.375309 -0.542591 -0.751491 -0.587468 0.766364 -0.259937
106 6 111111 0
28.245 -22.2073 21.9679 0.361243 0.845523 -0.393184 0.82416 -0.486755 -0.289535 -0.436193 -0.219454 -0.872683
106 6 111111 0
20.1519 10.0525 30.6597 0.521451 0.75732 -0.393135 0.408349 -0.62603 -0.664332 -0.749227 0.185881 -0.635695
106 6 111111 0
44.7097 -25.5376 20.5279 0.123787 0.831096 -0.542177 0.888967 -0.335659 -0.311562 -0.440925 -0.44341 -0.780367
106 6 111111 0
16.3191 -3.85451 26.9351 0.559332 0.762783 -0.324515 0.587837 -0.641007 -0.493515 -0.584461 0.0852771 -0.806928
106 6 111111 0
16.3191 -3.85451 26.9351 0.559332 0.762783 -0.324515 0.587837 -0.641007 -0.493515 -0.584461 0.0852771 -0.806928
106 6 111111 0
32.1683 -9.66796 29.5123 0.306733 0.847373 -0.433444 0.696046 -0.51031 -0.505077 -0.64918 -0.146774 -0.74634
106 6 111111 0
32.1683 -9.66796 29.5123 0.306733 0.847373 -0.433444 0.696046 -0.51031 -0.505077 -0.64918 -0.146774 -0.74634
106 5 111111 0
103.774 -0.49659 32.9201 -0.68643 0.200864 0.698905 0.0136919 0.964495 -0.263747 -0.727067 -0.171475 -0.664808
106 5 111111 0
115.102 6.09578 18.4268 -0.814999 0.0399478 0.578083 -0.0515293 0.988672 -0.140969 -0.577166 -0.144678 -0.803709
106 6 111111 0
86.2215 34.2394 45.2455 -0.49343 0.391239 0.776826 -0.399158 0.691666 -0.60189 -0.772787 -0.607067 -0.185123
106 5 111111 0
96.2413 37.6624 36.0861 -0.585559 0.169909 0.792623 -0.432631 0.761387 -0.482825 -0.68553 -0.625636 -0.372329
106 6 111111 0
45.6796 -38.1088 6.4519 0.03226 0.996616 -0.0755969 0.975544 -0.0478508 -0.21453 -0.217422 -0.0668274 -0.973787
106 6 111111 0
60.0981 -37.779 0.256912 -0.16247 0.948495 -0.271955 0.976455 0.114915 -0.182564 -0.141909 -0.295213 -0.944834
106 6 111111 0
39.8212 -17.9766 26.2399 0.118653 0.992673 -0.0228332 0.760708 -0.105657 -0.640438 -0.638158 0.0586203 -0.767671
106 6 111111 0
39.8212 -17.9766 26.2399 0.118653 0.992673 -0.0228332 0.760708 -0.105657 -0.640438 -0.638158 0.0586203 -0.767671
106 7 111111 0
72.6338 -43.702 -0.0166875 -0.36239 0.798035 0.48147 0.901787 0.430744 -0.0352057 -0.235486 0.421425 -0.875755
106 7 111111 0
84.2404 -39.302 -11.2876 -0.520834 0.805459 0.282786 0.848667 0.524323 0.0696392 -0.0921801 0.276262 -0.956652
106 6 111111 0
77.9276 -11.3748 36.8241 -0.400322 0.606006 0.687386 0.378042 0.792523 -0.478531 -0.834761 0.068294 -0.54636
106 6 111111 0
46.0041 6.74015 43.6704 0.0365393 0.843301 0.536198 0.219371 0.516701 -0.827585 -0.974957 0.147865 -0.166115
106 6 111111 0
46.0041 6.74014 43.6704 0.0365392 0.843301 0.536198 0.219371 0.516701 -0.827585 -0.974957 0.147865 -0.166116
106 6 111111 0
48.2267 56.5591 23.9618 0.386597 -0.196677 -0.901033 -0.446188 -0.894931 0.00390357 -0.80713 0.400521 -0.433733
106 6 111111 0
1.27281 18.5328 2.34444 0.952227 0.28885 -0.0991409 0.282161 -0.956335 -0.0762186 -0.116828 0.0446038 -0.99215
106 6 111111 0
1.27281 18.5328 2.34444 0.952227 0.28885 -0.0991409 0.282161 -0.956335 -0.0762186 -0.116828 0.0446038 -0.99215
106 6 111111 0
20.4071 54.6493 -31.0513 0.875438 -0.331658 -0.351583 -0.469372 -0.409818 -0.782137 0.115317 0.849736 -0.514442
106 5 111111 0
91.0002 72.8592 9.27103 -0.285433 -0.469511 0.835516 -0.946219 0.276596 -0.167821 -0.152307 -0.838483 -0.52321
106 5 111111 0
87.8677 62.0459 26.9433 -0.484889 0.0662507 0.872063 -0.844149 0.225271 -0.486482 -0.22868 -0.972041 -0.0533059
106 5 111111 0
90.4092 44.2699 37.6596 -0.356564 -0.274832 0.892933 -0.742657 0.663265 -0.092413 -0.566853 -0.696094 -0.440603
106 6 111111 0
37.0055 53.1384 -47.877 0.650513 -0.397791 -0.646989 -0.676738 0.0831046 -0.731519 0.34476 0.913704 -0.21514
106 5 111111 0
96.3859 47.5797 30.2689 -0.366353 -0.45351 0.812474 -0.75816 0.651701 0.0219065 -0.539425 -0.60796 -0.582585
106 5 111111 0
100.847 52.0049 21.7813 -0.369811 -0.620242 0.691766 -0.77646 0.615204 0.136508 -0.510245 -0.486646 -0.709102
106 6 111111 0
6.16683 34.4281 0.00462152 0.935537 0.248777 -0.250762 0.0903407 -0.854815 -0.511008 -0.341482 0.455413 -0.822186
106 6 111111 0
31.3108 -18.2644 11.1582 0.541677 0.359084 -0.760029 0.799423 -0.499539 0.333741 -0.259823 -0.788365 -0.557649
106 6 111111 0
1.27281 18.5328 2.34444 0.952227 0.28885 -0.0991409 0.282161 -0.956335 -0.0762186 -0.116828 0.0446038 -0.99215
106 6 111111 0
1.27281 18.5328 2.34444 0.952227 0.28885 -0.0991409 0.282161 -0.956335 -0.0762186 -0.116828 0.0446038 -0.99215
106 6 111111 0
7.1176 12.1084 9.80086 0.864109 0.411249 -0.290156 0.415279 -0.908285 -0.0506118 -0.284358 -0.0767616 -0.95564
106 6 111111 0
7.1176 12.1084 9.80086 0.864109 0.411249 -0.290156 0.415279 -0.908285 -0.0506118 -0.284358 -0.0767616 -0.95564
106 6 111111 0
15.9753 5.76953 15.9376 0.712377 0.505159 -0.487169 0.552405 -0.831778 -0.0547238 -0.43286 -0.23013 -0.871592
106 6 111111 0
15.9753 5.76953 15.9376 0.712377 0.505159 -0.487169 0.552405 -0.831778 -0.0547238 -0.43286 -0.23013 -0.871592
106 6 111111 0
14.4323 45.6055 -30.5869 0.914607 -0.0663495 -0.398864 -0.401441 -0.0309901 -0.91536 0.0483728 0.997315 -0.0549792
106 5 111111 0
84.1047 56.7189 34.5024 -0.234452 -0.232901 0.943816 -0.775506 0.630248 -0.0371186 -0.586194 -0.740637 -0.328379
106 5 111111 0
98.4939 23.5411 37.8294 -0.400547 -0.352505 0.845755 -0.390421 0.90071 0.190508 -0.828935 -0.253893 -0.498402
106 7 111111 0
75.1559 79.1942 16.468 -0.224537 0.10197 0.969116 -0.95716 0.163517 -0.238972 -0.182835 -0.981256 0.0608861
106 6 111111 0
13.0142 -8.64848 1.6716 0.648018 0.759479 -0.0571374 0.740461 -0.645798 -0.186177 -0.178297 0.0783382 -0.980853
106 6 111111 0
13.0142 -8.64848 1.6716 0.648018 0.759479 -0.0571374 0.740461 -0.645798 -0.186177 -0.178297 0.0783382 -0.980853
106 6 111111 0
24.0563 -14.0379 5.50267 0.459342 0.845036 -0.273713 0.847395 -0.509275 -0.150201 -0.26632 -0.16295 -0.950011
106 6 111111 0
24.0563 -14.0379 5.50267 0.459342 0.845036 -0.273713 0.847395 -0.509275 -0.1502 -0.26632 -0.16295 -0.950011
106 5 111111 0
75.3126 23.2877 50.0591 -0.148936 0.000607384 0.988847 -0.313914 0.948244 -0.0478628 -0.937697 -0.317541 -0.141037
106 5 111111 0
86.8929 24.8863 43.0564 -0.281631 -0.166475 0.944971 -0.295832 0.951923 0.0795322 -0.91278 -0.257154 -0.317339
106 4 111111 0
40.4926 27.4923 57.4186 0.182347 0.453246 0.872535 -0.437639 0.832075 -0.340769 -0.880467 -0.319718 0.350084
106 4 111111 0
56.7069 63.1923 38.9376 0.0212161 0.322657 0.946278 -0.79754 0.576224 -0.178596 -0.602893 -0.750905 0.269557
106 7 111111 0
35.5549 -30.7488 -22.6166 0.212015 0.968877 0.127775 0.935344 -0.239062 0.260731 0.283163 0.0642346 -0.956918
106 6 111111 0
42.3133 -30.9186 -25.0273 0.135793 0.98116 -0.137427 0.944369 -0.0862474 0.317377 0.299545 -0.172879 -0.938289
106 6 111111 0
41.2805 -27.2029 -7.39457 0.112433 0.993597 0.0110851 0.989331 -0.110896 -0.0944773 -0.0926431 0.0215893 -0.995465
106 6 111111 0
41.2805 -27.2029 -7.39457 0.112433 0.993597 0.0110851 0.989331 -0.110896 -0.0944773 -0.0926431 0.0215893 -0.995465
106 5 111111 0
91.2887 -30.3104 6.96674 -0.462201 0.23027 0.856356 0.709741 0.675012 0.201561 -0.531637 0.700953 -0.475423
106 5 111111 0
91.2887 -30.3104 6.96675 -0.462201 0.23027 0.856356 0.709741 0.675012 0.201561 -0.531637 0.700952 -0.475423
106 6 111111 0
49.1388 59.1717 -46.2575 0.043204 0.810634 -0.583957 -0.81239 0.368718 0.45174 0.581512 0.454884 0.674481
106 6 111111 0
49.1388 59.1717 -46.2575 0.0432039 0.810634 -0.583957 -0.81239 0.368718 0.45174 0.581512 0.454884 0.674481
106 7 111111 0
106.653 15.6586 -55.4163 -0.803944 0.470871 0.363256 0.171913 -0.400732 0.899922 0.569315 0.785935 0.241218
106 7 111111 0
70.6951 -11.3492 -61.2152 -0.321479 0.940254 0.11213 0.499735 0.0678841 0.863514 0.804311 0.333637 -0.491702
106 6 111111 0
33.4032 -8.01864 23.9581 0.326127 0.590301 0.738367 0.53051 0.532196 -0.659793 -0.782432 0.606888 -0.139597
106 7 111111 0
62.1441 -35.1775 -14.1409 -0.188649 0.774758 0.603457 0.98075 0.180177 0.0752741 -0.0504097 0.606041 -0.793834
106 7 111111 0
62.1441 -35.1775 -14.1409 -0.18865 0.774758 0.603457 0.98075 0.180176 0.0752742 -0.0504095 0.606041 -0.793834
106 7 111111 0
71.5025 -30.7617 -24.548 -0.352302 0.868485 0.348738 0.931662 0.290087 0.218759 0.0888243 0.401975 -0.911332
106 7 111111 0
71.5025 -30.7617 -24.5481 -0.352302 0.868485 0.348738 0.931662 0.290087 0.218759 0.0888245 0.401975 -0.911332
106 6 111111 0
22.1368 25.3198 34.7831 0.542307 0.521301 0.6589 -0.144499 0.83042 -0.538073 -0.827661 0.19659 0.52567
106 6 111111 0
22.1368 25.3198 34.7831 0.542307 0.521301 0.6589 -0.144499 0.83042 -0.538073 -0.827661 0.19659 0.52567
106 6 111111 0
22.1368 25.3198 34.7831 0.542307 0.521301 0.6589 -0.144499 0.83042 -0.538073 -0.827661 0.19659 0.52567
106 6 111111 0
22.1368 25.3198 34.7831 0.542307 0.521301 0.6589 -0.144499 0.83042 -0.538073 -0.827661 0.19659 0.52567
106 7 111111 0
90.2728 3.81111 -62.7177 -0.603893 0.749043 0.272485 0.29809 -0.104814 0.948766 0.739226 0.654178 -0.159986
106 7 111111 0
90.2728 3.81111 -62.7177 -0.603893 0.749043 0.272485 0.29809 -0.104814 0.948766 0.739226 0.654178 -0.159986
106 7 111111 0
90.2728 3.81119 -62.7178 -0.603893 0.749043 0.272485 0.298089 -0.104814 0.948766 0.739227 0.654178 -0.159985
106 7 111111 0
90.2728 3.81119 -62.7178 -0.603893 0.749043 0.272485 0.298089 -0.104814 0.948766 0.739227 0.654178 -0.159985
106 7 111111 0
57.452 69.4774 -41.8913 0.305886 -0.674911 0.671513 -0.638479 -0.668622 -0.381167 0.706242 -0.312153 -0.635439
106 7 111111 0
57.452 69.4774 -41.8913 0.305886 -0.674911 0.671513 -0.638479 -0.668622 -0.381167 0.706242 -0.312153 -0.635439
106 7 111111 0
57.452 69.4774 -41.8913 0.305886 -0.674911 0.671513 -0.638479 -0.668622 -0.381167 0.706242 -0.312153 -0.635439
106 7 111111 0
57.452 69.4774 -41.8913 0.305886 -0.674911 0.671513 -0.638479 -0.668622 -0.381167 0.706242 -0.312153 -0.635439
106 7 111111 0
43.0813 74.0082 -31.95 0.559501 -0.603047 0.568588 -0.673464 -0.730651 -0.112231 0.48312 -0.32013 -0.814931
106 7 111111 0
43.0813 74.0082 -31.95 0.559501 -0.603047 0.568588 -0.673464 -0.730651 -0.112231 0.48312 -0.32013 -0.814931
106 7 111111 0
34.8123 74.1857 -28.9546 0.70782 -0.565317 0.423566 -0.618571 -0.78559 -0.0148033 0.341118 -0.251528 -0.905744
106 7 111111 0
34.8123 74.1857 -28.9546 0.70782 -0.565317 0.423566 -0.618571 -0.78559 -0.0148033 0.341118 -0.251528 -0.905744
106 4 111111 0
41.7222 47.8174 26.4839 0.698523 -0.715355 -0.0182285 -0.394782 -0.406489 0.823963 -0.596836 -0.568361 -0.566351
106 4 111111 0
41.7222 47.8174 26.4839 0.698523 -0.715355 -0.0182284 -0.394782 -0.406489 0.823962 -0.596836 -0.568361 -0.566351
106 7 111111 0
57.452 69.4774 -41.8913 0.305886 -0.674911 0.671513 -0.638479 -0.668622 -0.381167 0.706242 -0.312153 -0.635439
106 7 111111 0
57.452 69.4774 -41.8913 0.305886 -0.674911 0.671513 -0.638479 -0.668622 -0.381167 0.706242 -0.312153 -0.635439
106 7 111111 0
57.452 69.4774 -41.8913 0.305886 -0.674911 0.671513 -0.638479 -0.668622 -0.381167 0.706242 -0.312153 -0.635439
106 7 111111 0
57.452 69.4774 -41.8913 0.305886 -0.674911 0.671513 -0.638479 -0.668622 -0.381167 0.706242 -0.312153 -0.635439
106 7 111111 0
48.1771 71.6543 -41.5374 0.485138 -0.643639 0.591921 -0.623661 -0.729164 -0.281721 0.612934 -0.232484 -0.755158
106 7 111111 0
48.1771 71.6543 -41.5374 0.485138 -0.643639 0.591921 -0.623661 -0.729164 -0.281721 0.612934 -0.232484 -0.755158
106 7 111111 0
48.1771 71.6543 -41.5374 0.485138 -0.643639 0.591921 -0.623661 -0.729164 -0.281721 0.612934 -0.232484 -0.755158
106 7 111111 0
48.1771 71.6543 -41.5374 0.485138 -0.643639 0.591921 -0.623661 -0.729164 -0.281721 0.612934 -0.232484 -0.755158
106 5 111111 0
60.4989 79.3557 2.55368 -0.0190798 0.00313205 0.999813 -0.971466 -0.236511 -0.0177979 0.236411 -0.971624 0.00755525
106 5 111111 0
51.8299 60.0714 32.3897 0.32446 -0.327224 0.887497 -0.866997 0.272274 0.417354 -0.37821 -0.904871 -0.19536
106 7 111111 0
41.1835 20.98 -64.9833 0.682167 -0.719586 -0.12979 -0.0838523 0.0993458 -0.991514 0.726373 0.687261 0.00743151
106 5 111111 0
55.7397 59.2252 32.1318 0.344858 -0.487215 0.802305 -0.816575 0.265798 0.512403 -0.462901 -0.831849 -0.306185
106 5 111111 0
59.8295 58.7833 31.1885 0.346621 -0.639897 0.685847 -0.758659 0.238742 0.606167 -0.551625 -0.730434 -0.40271
106 7 111111 0
10.1136 3.92885 -21.5187 0.737562 0.663187 0.127219 0.639554 -0.746499 0.183601 0.216731 -0.0540532 -0.974734
106 7 111111 0
10.1136 3.92885 -21.5187 0.737562 0.663187 0.127219 0.639554 -0.746499 0.183601 0.216731 -0.0540533 -0.974734
106 5 111111 0
42.8848 73.5293 21.8543 0.193722 0.326893 0.924994 -0.976029 0.159552 0.148024 -0.0991965 -0.931496 0.349965
106 4 111111 0
45.7979 39.7835 47.2094 0.372933 -0.121213 0.919907 -0.633096 0.691547 0.347782 -0.678314 -0.712089 0.181161
106 6 111111 0
24.3698 14.0498 -51.4003 0.883455 -0.384428 -0.267812 -0.0621546 0.470398 -0.880263 0.464375 0.794318 0.391681
106 4 111111 0
54.0498 37.9639 46.7164 0.323758 -0.295587 0.898782 -0.569512 0.697694 0.434603 -0.755538 -0.652573 0.0575433
106 5 111111 0
62.6934 36.9943 44.7769 0.253421 -0.466708 0.847326 -0.505813 0.682708 0.527317 -0.824579 -0.562222 -0.0630542
106 6 111111 0
10.8136 1.05991 -24.5999 0.739542 0.672731 0.0225784 0.453638 -0.52291 0.72165 0.497283 -0.523448 -0.69189
106 7 111111 0
50.5217 87.0934 -10.2809 0.157152 0.20157 0.966785 -0.93691 -0.279098 0.210486 0.312256 -0.938868 0.144992
106 6 111111 0
12.9615 -2.68038 -19.7632 0.76177 0.614997 -0.203677 0.528772 -0.408582 0.74395 0.374308 -0.674418 -0.636438
106 6 111111 0
16.7334 -6.50333 -15.4421 0.747895 0.507202 -0.428251 0.616176 -0.290442 0.7321 0.24694 -0.811412 -0.529746
106 7 111111 0
10.1136 3.92885 -21.5187 0.737562 0.663187 0.127219 0.639554 -0.746499 0.183601 0.216731 -0.0540532 -0.974734
106 7 111111 0
10.1136 3.92885 -21.5187 0.737562 0.663187 0.127219 0.639554 -0.746499 0.183601 0.216731 -0.0540533 -0.974734
106 7 111111 0
28.8818 -12.4549 -34.5353 0.33544 0.911218 0.239086 0.853091 -0.401479 0.333242 0.399645 0.0921794 -0.912024
106 7 111111 0
28.8818 -12.4549 -34.5353 0.33544 0.911218 0.239086 0.853091 -0.401479 0.333242 0.399645 0.0921794 -0.912024
106 5 111111 0
80.1336 -17.6341 30.9318 -0.0417793 -0.377181 0.925197 0.396369 0.843762 0.361881 -0.91714 0.381838 0.114251
106 6 111111 0
26.0433 0.367522 -46.7218 0.462992 0.874337 -0.14551 0.341928 -0.0247243 0.939401 0.817755 -0.48469 -0.310407
106 7 111111 0
109.697 -5.69259 -44.9884 -0.645597 -0.22083 0.731053 0.652791 -0.656367 0.378214 0.396318 0.721399 0.567904
106 4 111111 0
23.4813 -0.502198 -44.3882 0.569964 0.757445 -0.318462 0.369209 0.110158 0.922794 0.734047 -0.643539 -0.216869
106 7 111111 0
28.8849 -11.1739 -37.2651 0.351222 0.936025 -0.0223702 0.789413 -0.283193 0.544636 0.503458 -0.208948 -0.838374
106 7 111111 0
28.8818 -12.4549 -34.5353 0.33544 0.911218 0.239086 0.853091 -0.401479 0.333242 0.399645 0.0921794 -0.912024
106 7 111111 0
28.8818 -12.4549 -34.5353 0.33544 0.911218 0.239086 0.853091 -0.401479 0.333242 0.399645 0.0921794 -0.912024
106 4 111111 0
5.0465 32.1051 -7.69817 0.932214 0.360929 -0.0265733 -0.361006 0.92221 -0.138572 -0.0255087 0.138772 0.989996
106 4 111111 0
21.6157 -3.93904 32.3605 0.706334 -0.00405905 0.707867 0.207614 0.957196 -0.201675 -0.676749 0.289413 0.676943
106 4 111111 0
5.0465 32.1051 -7.69817 0.932214 0.36093 -0.0265734 -0.361006 0.92221 -0.138572 -0.0255086 0.138772 0.989996
106 4 111111 0
21.6157 -3.93902 32.3605 0.706334 -0.00405892 0.707867 0.207613 0.957196 -0.201675 -0.676749 0.289413 0.676943
106 4 111111 0
33.9885 -8.00318 33.6517 0.546335 -0.0592041 0.835472 0.314632 0.93895 -0.139209 -0.776225 0.338921 0.531609
106 4 111111 0
33.9885 -8.00317 33.6517 0.546335 -0.059204 0.835472 0.314632 0.93895 -0.139209 -0.776225 0.338921 0.531609
106 4 111111 0
47.6159 -10.7147 32.3916 0.34713 -0.104597 0.931966 0.410466 0.910465 -0.0507024 -0.843219 0.400141 0.358983
106 4 111111 0
47.6159 -10.7146 32.3916 0.34713 -0.104597 0.931966 0.410466 0.910465 -0.0507024 -0.843219 0.400141 0.358983
106 7 111111 0
33.9201 39.5505 -58.0358 0.289845 0.943656 -0.159696 -0.295342 0.246905 0.922936 0.910364 -0.220343 0.350266
106 7 111111 0
83.3327 36.7532 -60.9593 -0.559778 0.72279 0.405245 -0.0137664 -0.497091 0.867589 0.828528 0.480079 0.288211
106 7 111111 0
83.3327 36.7532 -60.9593 -0.559778 0.72279 0.405244 -0.0137666 -0.49709 0.867589 0.828528 0.480079 0.288211
106 7 111111 0
65.3971 -7.30424 -54.7395 -0.265063 0.802613 0.534372 0.680783 -0.236691 0.69319 0.682845 0.54753 -0.483667
106 7 111111 0
65.3971 -7.30423 -54.7395 -0.265063 0.802614 0.534372 0.680783 -0.236691 0.69319 0.682845 0.54753 -0.483667
106 4 111111 0
8.64767 19.5962 8.43557 0.96536 0.175362 0.193205 -0.260306 0.698123 0.666982 -0.0179173 -0.69417 0.719588
106 4 111111 0
8.64767 19.5962 8.43557 0.96536 0.175362 0.193205 -0.260306 0.698123 0.666982 -0.0179173 -0.69417 0.719588
106 4 111111 0
39.6145 -34.0792 -17.9103 0.691775 -0.639253 0.335861 0.720554 0.580529 -0.379194 0.0474236 0.504323 0.862212
106 4 111111 0
39.6145 -34.0792 -17.9103 0.691775 -0.639253 0.335861 0.720554 0.580529 -0.379194 0.0474236 0.504323 0.862212
106 4 111111 0
13.5057 15.3107 13.0307 0.971758 -0.00161491 0.235975 -0.159077 0.734129 0.660113 -0.174302 -0.679008 0.713139
106 4 111111 0
13.5057 15.3107 13.0307 0.971758 -0.00161491 0.235975 -0.159077 0.734129 0.660113 -0.174302 -0.679008 0.713139
106 4 111111 0
45.3292 -34.0206 -20.256 0.61439 -0.60542 0.505956 0.788593 0.491859 -0.369048 -0.0254298 0.625733 0.779623
106 4 111111 0
45.3292 -34.0206 -20.256 0.61439 -0.60542 0.505956 0.788593 0.491859 -0.369048 -0.0254298 0.625733 0.779623
106 4 111111 0
19.6738 11.2474 16.7709 0.942343 -0.184128 0.279439 -0.0482371 0.751566 0.657891 -0.331153 -0.633439 0.699352
106 4 111111 0
19.6738 11.2474 16.7709 0.942343 -0.184128 0.279439 -0.0482371 0.751566 0.657891 -0.331153 -0.633439 0.699352
106 7 111111 0
11.6597 47.9631 -30.397 0.74694 0.544794 0.381155 -0.227175 -0.329649 0.916364 0.624877 -0.771058 -0.122464
106 7 111111 0
11.6597 47.9631 -30.397 0.74694 0.544794 0.381155 -0.227175 -0.329649 0.916364 0.624877 -0.771058 -0.122464
124 7 111111 0
79.0595 -18.3943 -60.0984 -0.426475 0.902634 0.0580584 0.599293 0.233908 0.765595 0.677472 0.361301 -0.640698
124 5 111111 0
108.639 -24.2244 -1.8662 -0.85178 0.51397 -0.101517 0.501777 0.744635 -0.440157 -0.150635 -0.425856 -0.892164
124 7 111111 0
58.873 -29.1351 -48.8144 -0.0952546 0.949813 -0.297963 0.775679 0.258422 0.575796 0.623898 -0.176276 -0.761366
124 6 111111 0
74.5635 48.606 33.7224 -0.183139 0.168028 -0.968621 -0.301538 -0.947394 -0.107333 -0.9357 0.272419 0.224172
124 7 111111 0
113.342 -7.04109 -44.7005 -0.701132 -0.178668 0.690283 0.626369 -0.616905 0.476539 0.340697 0.766489 0.544445
124 5 111111 0
125.662 12.2074 -0.221086 -0.973287 -0.0741285 0.217296 -0.179631 0.835295 -0.519629 -0.142987 -0.544781 -0.826298
124 4 111111 0
25.5242 -11.5613 -40.1645 0.567459 0.696075 -0.439851 0.514194 0.117657 0.849566 0.643113 -0.708263 -0.291152
124 6 111111 0
57.2513 72.5366 -3.05707 0.147326 0.0929819 -0.984708 -0.873998 -0.453854 -0.173618 -0.463057 0.886211 0.0144015
124 7 111111 0
97.024 -23.2407 -46.7526 -0.250706 -0.743764 0.619647 0.844433 -0.481014 -0.23571 0.473371 0.464156 0.748651
124 5 111111 0
116.872 49.0919 -25.0837 -0.622648 -0.747528 0.231326 -0.727827 0.444693 -0.52203 0.287363 -0.493406 -0.820958
124 4 111111 0
13.3615 7.90484 -27.1859 0.877414 0.402165 -0.261551 0.087352 0.402155 0.911395 0.471715 -0.822518 0.317726
124 6 111111 0
42.7229 62.836 -38.3856 0.49808 -0.201569 -0.843378 -0.856603 0.0367202 -0.514667 0.13471 0.978786 -0.154375
124 6 111111 0
72.9137 -40.3057 -4.49603 -0.302258 0.748246 -0.590566 0.952382 0.210986 -0.220121 -0.0401029 -0.628978 -0.776388
124 6 111111 0
72.9137 -40.3057 -4.49603 -0.302258 0.748246 -0.590566 0.952382 0.210986 -0.220121 -0.0401029 -0.628978 -0.776388
124 6 111111 0
67.3725 -31.5563 17.4056 -0.156743 0.54908 -0.820941 0.916675 -0.228508 -0.327857 -0.367611 -0.803925 -0.467511
124 6 111111 0
67.3725 -31.5563 17.4056 -0.156743 0.54908 -0.820941 0.916675 -0.228508 -0.327857 -0.367611 -0.803925 -0.467511
124 5 111111 0
102.937 -30.6265 -18.5024 -0.721555 0.507645 0.470802 0.679431 0.649962 0.340476 -0.133163 0.56555 -0.813893
124 5 111111 0
102.937 -30.6265 -18.5024 -0.721555 0.507645 0.470802 0.679431 0.649962 0.340476 -0.133163 0.56555 -0.813893
124 6 111111 0
45.0849 8.94536 37.4254 0.381508 0.0451794 -0.923261 0.406599 -0.905191 0.123719 -0.830138 -0.422596 -0.363708
124 6 111111 0
45.0849 8.94536 37.4254 0.381508 0.0451794 -0.923261 0.406599 -0.905191 0.123719 -0.830138 -0.422596 -0.363708
124 7 111111 0
100.566 -29.833 -30.3331 -0.458602 -0.199122 0.866045 0.888587 -0.113597 0.444421 0.00988589 0.973368 0.229033
124 5 111111 0
118.702 13.0315 16.0658 -0.811567 -0.148048 0.56519 -0.212924 0.975781 -0.0501416 -0.544079 -0.161036 -0.823435
124 4 111111 0
18.052 -4.63184 1.82199 0.85668 0.143726 -0.495421 0.513814 -0.32296 0.794791 -0.0457688 -0.935435 -0.350522
124 6 111111 0
51.2277 68.0898 5.91752 0.388747 -0.352453 -0.851265 -0.720004 -0.692697 -0.0420043 -0.574864 0.629244 -0.523052
124 7 111111 0
75.3812 -39.8259 -26.5417 0.116429 -0.652882 0.748458 0.992905 0.0581878 -0.103697 0.0241508 0.755221 0.655025
124 5 111111 0
78.9104 -4.06625 38.6825 0.00298101 -0.454161 0.890915 0.142854 0.881975 0.449125 -0.989739 0.125932 0.0675077
124 4 111111 0
78.9104 -4.06624 38.6825 0.00298119 -0.454161 0.890915 0.142853 0.881975 0.449125 -0.989739 0.125931 0.0675078
124 7 111111 0
122.206 5.6203 -36.7924 -0.805807 -0.409325 0.427935 0.456342 -0.889766 0.0082257 0.377395 0.201913 0.903772
124 5 111111 0
127.602 13.3901 -14.1219 -0.971399 -0.23744 -0.00250367 -0.11226 0.468512 -0.876296 0.209241 -0.850952 -0.481767
124 5 111111 0
39.7808 14.5096 -64.771 0.25607 0.91222 -0.319816 -0.00963727 0.33324 0.942793 0.96661 -0.238339 0.0941243
124 6 111111 0
58.5068 73.4578 -22.7768 0.0277601 0.446822 -0.894192 -0.995362 -0.0700735 -0.0659163 -0.092112 0.891874 0.442805
124 7 111111 0
105.252 -5.67204 -54.8165 -0.375102 -0.873105 0.311427 0.50583 -0.474318 -0.720527 0.776811 -0.112742 0.61956
124 5 111111 0
114.281 30.4852 -49.4016 -0.561571 -0.823893 0.0764074 -0.325391 0.134994 -0.935894 0.760762 -0.550433 -0.343896
124 4 111111 0
20.2897 25.0819 -44.7397 0.684042 0.626684 -0.373302 -0.324628 0.719828 0.613566 0.653225 -0.298521 0.695832
124 6 111111 0
31.9351 49.9944 -44.4225 0.540828 0.334939 -0.771571 -0.768885 0.568802 -0.292028 0.34106 0.751186 0.565153
124 7 111111 0
98.0944 11.5459 -65.2129 -0.229484 -0.967343 0.107628 0.0870639 -0.130538 -0.987613 0.969411 -0.217271 0.114177
124 7 111111 0
98.0944 11.5459 -65.2129 -0.229484 -0.967343 0.107628 0.0870639 -0.130538 -0.987613 0.969411 -0.217271 0.114177
124 4 111111 0
19.8638 30.2767 -42.0395 0.745006 0.416498 -0.521052 -0.489561 0.871964 -0.00298383 0.453096 0.25731 0.85352
124 4 111111 0
19.8638 30.2767 -42.0395 0.745006 0.416498 -0.521052 -0.489561 0.871964 -0.00298383 0.453096 0.25731 0.85352
124 6 111111 0
126.823 6.93294 -12.8674 -0.932786 -0.341715 -0.114639 0.287508 -0.513603 -0.808425 0.217372 -0.787047 0.577327
124 6 111111 0
126.823 6.93294 -12.8674 -0.932786 -0.341715 -0.114639 0.287508 -0.513603 -0.808425 0.217372 -0.787047 0.577327
124 6 111111 0
69.884 61.6201 -52.0038 -0.270062 0.846325 -0.45913 -0.79394 0.0740362 0.603471 0.544725 0.527497 0.651937
124 6 111111 0
69.884 61.6201 -52.0038 -0.270062 0.846325 -0.45913 -0.79394 0.0740362 0.603471 0.544725 0.527497 0.651937
123 5 111111 0
124.396 28.4754 -30.2941 -0.918171 -0.269419 -0.290474 -0.391281 0.731655 0.558193 0.0621386 0.626174 -0.777203
123 5 111111 0
121.952 -6.33585 -4.8763 -0.985143 0.150872 -0.082042 0.168667 0.760093 -0.627543 -0.0323192 -0.632058 -0.774247
123 5 111111 0
121.952 -6.33585 -4.8763 -0.985143 0.150872 -0.082042 0.168667 0.760093 -0.627543 -0.0323192 -0.632058 -0.774247
123 4 111111 0
97.8759 -33.6383 -9.20835 -0.665435 0.456871 -0.590309 0.741989 0.491228 -0.456231 0.0815378 -0.741596 -0.665874
123 6 111111 0
107.333 56.0199 5.78968 -0.702002 -0.0260797 -0.711697 -0.46666 -0.738051 0.487349 -0.537979 0.674241 0.505943
123 4 111111 0
97.8759 -33.6383 -9.20835 -0.665435 0.456871 -0.590309 0.741989 0.491228 -0.456231 0.0815378 -0.741596 -0.665874
123 6 111111 0
107.333 56.0199 5.78968 -0.702002 -0.0260797 -0.711697 -0.46666 -0.738051 0.487349 -0.537979 0.674241 0.505943
123 5 111111 0
116.617 -17.2831 -13.5239 -0.940888 0.332927 -0.0623626 0.33861 0.919855 -0.198018 -0.00856112 -0.207429 -0.978213
123 7 111111 0
91.1141 68.3022 -31.3846 -0.492546 0.235602 -0.837789 -0.86971 -0.0982143 0.483693 0.0316761 0.966874 0.25328
123 5 111111 0
110.294 -6.93764 -48.812 -0.83999 0.314375 -0.442251 0.175263 0.928565 0.327186 0.513518 0.197322 -0.835083
123 5 111111 0
110.294 -6.93764 -48.812 -0.83999 0.314375 -0.442251 0.175263 0.928565 0.327186 0.513518 0.197322 -0.835083
123 6 111111 0
89.7329 70.6937 -5.78981 -0.508124 0.387409 -0.769236 -0.790311 -0.564752 0.23762 -0.342372 0.728676 0.593138
123 6 111111 0
89.7329 70.6937 -5.7898 -0.508124 0.387409 -0.769236 -0.790311 -0.564752 0.23762 -0.342372 0.728676 0.593138
123 5 111111 0
114.502 18.2962 -51.6877 -0.876637 0.178665 -0.446751 -0.198205 0.71197 0.673657 0.438432 0.679101 -0.588727
123 5 111111 0
114.502 18.2962 -51.6877 -0.876637 0.178665 -0.446751 -0.198205 0.71197 0.673657 0.438432 0.679101 -0.588727
123 5 111111 0
114.502 18.2962 -51.6877 -0.876637 0.178665 -0.446751 -0.198205 0.71197 0.673657 0.438432 0.679101 -0.588727
123 5 111111 0
114.502 18.2962 -51.6877 -0.876637 0.178665 -0.446751 -0.198205 0.71197 0.673657 0.438432 0.679101 -0.588727
123 6 111111 0
82.9219 60.9045 20.8125 -0.262365 -0.0765369 -0.961929 -0.546064 -0.810109 0.213396 -0.7956 0.581262 0.17075
123 5 111111 0
115.542 -9.19643 -39.0612 -0.835509 -0.0462739 -0.547525 0.188544 0.911807 -0.364774 0.516116 -0.408004 -0.753098
123 5 111111 0
116.642 -15.4918 -3.91577 -0.900271 0.132692 -0.414613 0.43257 0.379736 -0.817731 0.0489369 -0.915529 -0.399264
123 5 111111 0
121.713 23.9578 -39.5328 -0.855114 -0.338532 -0.392653 -0.387846 0.920301 0.0511927 0.344029 0.196065 -0.918261
123 5 111111 0
121.713 23.9578 -39.5328 -0.855114 -0.338532 -0.392653 -0.387846 0.920301 0.0511927 0.344029 0.196065 -0.918261
123 6 111111 0
96.0431 23.6899 36.549 -0.5545 0.146978 -0.819101 0.138873 -0.954135 -0.265219 -0.820514 -0.260815 0.508657
123 6 111111 0
96.0431 23.6899 36.549 -0.5545 0.146978 -0.819101 0.138873 -0.954135 -0.265219 -0.820514 -0.260815 0.508657
123 5 111111 0
113.341 -0.105155 -49.117 -0.63281 -0.606254 -0.481671 0.10909 0.546058 -0.830614 0.766584 -0.578167 -0.279415
123 5 111111 0
113.341 -0.105155 -49.117 -0.63281 -0.606254 -0.481671 0.10909 0.546058 -0.830614 0.766584 -0.578167 -0.279415
123 6 111111 0
52.5298 70.4045 -30.0494 0.33754 -0.263392 -0.90371 -0.941197 -0.109363 -0.319668 -0.0146341 0.95847 -0.284819
123 6 111111 0
52.5298 70.4045 -30.0494 0.33754 -0.263392 -0.90371 -0.941197 -0.109363 -0.319668 -0.0146341 0.95847 -0.284819
123 4 111111 0
64.3512 -40.574 -7.0329 -0.0470812 0.335466 -0.940875 0.9925 0.122093 -0.00613279 0.112817 -0.934107 -0.338698
123 4 111111 0
64.3512 -40.574 -7.0329 -0.0470812 0.335466 -0.940875 0.9925 0.122093 -0.00613279 0.112817 -0.934107 -0.338698
123 6 111111 0
125.096 30.6241 -4.39286 -0.990239 -0.0362833 -0.134578 0.0390757 -0.999071 -0.0181656 -0.133794 -0.023247 0.990737
123 5 111111 0
122.777 18.9718 8.55561 -0.80016 -0.474606 0.366732 -0.247954 0.818495 0.518252 -0.546134 0.323752 -0.772607
123 4 111111 0
63.1301 -40.1846 -24.3262 -0.08539 0.565011 -0.820653 0.929137 0.342547 0.139163 0.359741 -0.750616 -0.554223
123 4 111111 0
63.1301 -40.1846 -24.3262 -0.08539 0.565011 -0.820653 0.929137 0.342547 0.139163 0.359741 -0.750616 -0.554223
123 5 111111 0
126.593 5.53197 -15.3017 -0.950282 -0.210771 0.229216 0.157752 0.308796 0.937955 -0.268474 0.927481 -0.260194
123 5 111111 0
70.6735 -0.221657 -70.4163 -0.214551 0.546564 -0.809466 0.0913437 0.836362 0.540513 0.972432 0.0420279 -0.229367
123 5 111111 0
119.173 -0.729872 9.9201 -0.837853 -0.089959 0.538433 0.0480818 0.970334 0.236939 -0.543774 0.224409 -0.808672
123 4 111111 0
58.1507 51.3245 -60.3034 0.0569823 0.361088 -0.930789 -0.779291 0.598853 0.18461 0.624066 0.714836 0.315517
123 5 111111 0
67.3599 -34.0151 -42.9557 -0.206762 0.757044 -0.619785 0.781349 0.509024 0.361094 0.58885 -0.409607 -0.696763
123 5 111111 0
67.3599 -34.0151 -42.9557 -0.206762 0.757044 -0.619785 0.781349 0.509024 0.361094 0.58885 -0.409607 -0.696763
123 5 111111 0
113.943 -17.2492 -30.5676 -0.877745 0.343367 0.334161 0.477612 0.571589 0.667213 0.0380957 0.745242 -0.665705
123 5 111111 0
78.8065 28.8571 -70.9841 -0.40417 0.745806 -0.529547 -0.30083 0.438348 0.846967 0.863799 0.501622 0.0471941
123 7 111111 0
105.528 53.2338 -42.5026 -0.812841 0.567651 -0.130619 -0.4715 -0.509538 0.719763 0.342019 0.646639 0.681821
123 5 111111 0
83.3025 -15.759 -60.972 -0.495346 0.824678 -0.273017 0.468446 0.518253 0.715522 0.731568 0.226537 -0.643032
123 7 111111 0
114.987 16.1514 -51.1091 -0.921131 0.385031 0.0571712 0.0601583 -0.00429434 0.99818 0.384576 0.922893 -0.0192072
123 5 111111 0
83.3025 -15.759 -60.972 -0.495346 0.824678 -0.273017 0.468446 0.518253 0.715522 0.731568 0.226537 -0.643032
123 7 111111 0
114.987 16.1514 -51.1091 -0.921131 0.385031 0.0571712 0.0601583 -0.00429434 0.99818 0.384576 0.922893 -0.0192072
123 7 111111 0
95.5269 -32.3183 -31.8445 -0.661006 0.718339 0.216934 0.735883 0.563999 0.374676 0.146794 0.407301 -0.90142
123 7 111111 0
95.5269 -32.3183 -31.8445 -0.661006 0.718339 0.216934 0.735883 0.563999 0.374676 0.146794 0.407301 -0.90142
123 7 111111 0
91.2657 46.07 -60.1978 -0.612326 0.731165 -0.300755 -0.472254 -0.0331754 0.880838 0.634061 0.681393 0.36561
123 7 111111 0
91.2657 46.07 -60.1978 -0.612326 0.731165 -0.300755 -0.472254 -0.0331755 0.880838 0.63406 0.681393 0.36561
123 7 111111 0
99.7762 1.42594 -62.0474 -0.736792 0.674072 -0.0525813 0.227155 0.320038 0.91977 0.636819 0.665735 -0.38892
123 7 111111 0
99.7762 1.42594 -62.0474 -0.736792 0.674072 -0.0525812 0.227155 0.320038 0.91977 0.636819 0.665735 -0.38892
123 7 111111 0
99.7762 1.42594 -62.0474 -0.736792 0.674072 -0.0525813 0.227155 0.320038 0.91977 0.636819 0.665735 -0.38892
123 7 111111 0
99.7762 1.42594 -62.0474 -0.736792 0.674072 -0.0525812 0.227155 0.320038 0.91977 0.636819 0.665735 -0.38892
123 6 111111 0
54.241 -3.78854 37.4206 0.207529 0.0722846 -0.975555 0.600761 -0.796464 0.0687847 -0.772022 -0.60035 -0.208715
123 6 111111 0
121.327 -1.8396 3.967 -0.845172 -0.350815 -0.403253 0.519081 -0.718606 -0.462774 -0.127432 -0.600445 0.789447
123 5 111111 0
109.775 49.9987 11.0561 -0.47742 -0.869246 -0.128379 -0.625091 0.233312 0.744867 -0.617521 0.435863 -0.654746
123 5 111111 0
67.0365 69.7931 -38.8811 0.167001 -0.559503 -0.811829 -0.97131 0.0480371 -0.232915 0.169314 0.827435 -0.535429
123 5 111111 0
121.288 43.05 -19.3731 -0.72802 -0.667382 0.156805 -0.669589 0.643137 -0.371516 0.147096 -0.375466 -0.915089
123 5 111111 0
67.0365 69.7931 -38.8811 0.167001 -0.559503 -0.811829 -0.97131 0.0480371 -0.232915 0.169314 0.827435 -0.535429
123 5 111111 0
121.288 43.05 -19.3731 -0.72802 -0.667382 0.156805 -0.669589 0.643137 -0.371516 0.147096 -0.375466 -0.915089
123 4 111111 0
69.7726 -36.4428 8.53501 -0.0750281 0.0857631 -0.993487 0.987555 -0.131712 -0.0859502 -0.138225 -0.987571 -0.0748136
123 4 111111 0
69.7726 -36.4428 8.53501 -0.0750281 0.0857631 -0.993487 0.987555 -0.131712 -0.0859502 -0.138225 -0.987571 -0.0748136
123 4 111111 0
112.131 -20.4531 -1.4745 -0.673737 -0.409156 -0.615362 0.738423 -0.340703 -0.581938 0.0284476 -0.846471 0.531675
123 4 111111 0
66.402 62.2041 21.5623 0.188993 -0.592091 -0.783396 -0.591021 -0.705684 0.390773 -0.784204 0.38915 -0.483308
123 5 111111 0
120.61 1.48992 -38.024 -0.768928 -0.557745 -0.312524 0.136429 0.334423 -0.932496 0.62461 -0.759659 -0.181054
123 5 111111 0
110.157 53.6477 -34.3542 -0.490629 -0.854115 -0.172544 -0.818078 0.519688 -0.246318 0.300053 0.0203042 -0.953707
123 5 111111 0
110.157 53.6477 -34.3542 -0.490629 -0.854115 -0.172544 -0.818078 0.519688 -0.246318 0.300053 0.0203042 -0.953707
123 5 111111 0
113.341 -0.105155 -49.117 -0.63281 -0.606254 -0.481671 0.10909 0.546058 -0.830614 0.766584 -0.578167 -0.279415
123 5 111111 0
113.341 -0.105155 -49.117 -0.63281 -0.606254 -0.481671 0.10909 0.546058 -0.830614 0.766584 -0.578167 -0.279415
123 5 111111 0
99.7215 59.7102 -40.0793 -0.308809 -0.870895 -0.382334 -0.891673 0.404976 -0.20227 0.330992 0.278454 -0.901614
123 5 111111 0
99.7215 59.7102 -40.0793 -0.308809 -0.870895 -0.382334 -0.891673 0.404976 -0.20227 0.330992 0.278454 -0.901614
123 5 111111 0
99.7215 59.7102 -40.0793 -0.308809 -0.870895 -0.382334 -0.891673 0.404976 -0.20227 0.330992 0.278454 -0.901614
123 5 111111 0
99.7215 59.7102 -40.0793 -0.308809 -0.870895 -0.382334 -0.891673 0.404976 -0.20227 0.330992 0.278454 -0.901614
123 4 111111 0
59.7224 41.7291 36.9036 0.38609 -0.808495 -0.444152 -0.24925 -0.555009 0.793624 -0.888149 -0.195706 -0.4158
123 4 111111 0
59.7224 41.7291 36.9036 0.38609 -0.808495 -0.444152 -0.24925 -0.555009 0.793624 -0.888149 -0.195706 -0.4158
123 5 111111 0
99.8493 -17.0055 -51.116 -0.318538 -0.850671 -0.418202 0.504136 0.221581 -0.834715 0.802733 -0.476719 0.358272
123 5 111111 0
99.8493 -17.0055 -51.116 -0.318538 -0.850671 -0.418202 0.504136 0.221581 -0.834715 0.802733 -0.476719 0.358272
123 5 111111 0
58.9681 43.3568 -65.5346 0.373979 -0.737985 -0.561709 -0.588733 0.279074 -0.758624 0.716612 0.614407 -0.330109
123 4 111111 0
39.5696 -32.8484 -10.5286 0.434893 0.211119 -0.875384 0.879061 0.111244 0.463548 0.195244 -0.97111 -0.137207
123 4 111111 0
39.5696 -32.8484 -10.5286 0.434893 0.211119 -0.875384 0.879061 0.111244 0.463548 0.195244 -0.97111 -0.137207
123 5 111111 0
102.667 18.2249 33.0121 -0.323908 -0.88805 0.326268 -0.0879522 0.371631 0.924205 -0.941992 0.270661 -0.19848
123 4 111111 0
36.1176 -29.176 -27.0978 0.408812 0.540589 -0.73528 0.800139 0.175175 0.573665 0.438919 -0.822847 -0.360933
123 7 111111 0
123.778 -4.14907 -15.3732 -0.810524 -0.515166 0.278665 0.570336 -0.585923 0.575683 -0.133296 0.625538 0.768722
123 4 111111 0
36.1176 -29.176 -27.0978 0.408812 0.540589 -0.73528 0.800139 0.175175 0.573665 0.438919 -0.822847 -0.360933
123 7 111111 0
123.778 -4.14907 -15.3732 -0.810524 -0.515166 0.278665 0.570336 -0.585923 0.575683 -0.133296 0.625538 0.768722
123 5 111111 0
108.361 3.28715 26.3498 -0.478821 -0.662467 0.57608 0.105259 0.608139 0.786821 -0.87158 0.437384 -0.221459
123 4 111111 0
39.6721 -22.7949 -45.1792 0.274004 0.829451 -0.486757 0.689474 0.183436 0.700698 0.670483 -0.5276 -0.521622
123 7 111111 0
121.952 0.695772 -34.1742 -0.870484 -0.161498 0.464947 0.473776 -0.530942 0.702593 0.133393 0.831877 0.53869
123 4 111111 0
39.6721 -22.7949 -45.1792 0.274004 0.829451 -0.486757 0.689474 0.183436 0.700698 0.670483 -0.5276 -0.521622
123 7 111111 0
121.952 0.695772 -34.1742 -0.870484 -0.161498 0.464947 0.473776 -0.530942 0.702593 0.133393 0.831877 0.53869
123 5 111111 0
107.166 -13.8864 17.1886 -0.550706 -0.304134 0.777319 0.359901 0.753725 0.549881 -0.753123 0.582581 -0.305623
123 4 111111 0
37.3296 24.0875 -62.7462 0.401383 0.483964 -0.777606 -0.360181 0.864 0.351816 0.842117 0.138866 0.521109
123 4 111111 0
54.4108 41.467 35.7371 0.457612 -0.735349 -0.499853 -0.223134 -0.639152 0.736 -0.860699 -0.225268 -0.456565
123 4 111111 0
65.0865 41.4181 37.7822 0.310901 -0.870863 -0.380708 -0.267255 -0.4645 0.844284 -0.912094 -0.160742 -0.377155
123 5 111111 0
95.0782 -18.6502 -53.1591 -0.242014 -0.832679 -0.498071 0.504013 0.330752 -0.797856 0.829096 -0.444127 0.339635
123 5 111111 0
77.0166 74.582 -14.8401 0.147351 -0.988628 -0.0300446 -0.987727 -0.148672 0.0478712 -0.0517936 0.0226219 -0.998402
123 5 111111 0
86.7361 45.8979 -62.208 -0.0354697 -0.982258 -0.184148 -0.603353 0.16794 -0.779591 0.796685 0.0834542 -0.598605
123 5 111111 0
95.9191 47.5315 -56.6258 -0.191894 -0.981381 -0.00822148 -0.620825 0.127872 -0.77345 0.7601 -0.143316 -0.633804
123 4 111111 0
59.7224 41.7291 36.9036 0.38609 -0.808495 -0.444152 -0.24925 -0.555009 0.793624 -0.888149 -0.195706 -0.4158
123 4 111111 0
59.7224 41.7291 36.9036 0.38609 -0.808495 -0.444152 -0.24925 -0.555009 0.793624 -0.888149 -0.195706 -0.4158
123 5 111111 0
99.8493 -17.0055 -51.116 -0.318538 -0.850671 -0.418202 0.504136 0.221581 -0.834715 0.802733 -0.476719 0.358272
123 5 111111 0
99.8493 -17.0055 -51.116 -0.318538 -0.850671 -0.418202 0.504136 0.221581 -0.834715 0.802733 -0.476719 0.358272
123 5 111111 0
91.4983 46.6789 -59.6872 -0.114835 -0.98862 -0.0971766 -0.611359 0.147438 -0.777497 0.782977 -0.0298745 -0.621333
123 5 111111 0
91.4983 46.6789 -59.6872 -0.114835 -0.98862 -0.0971765 -0.611359 0.147438 -0.777497 0.782977 -0.0298745 -0.621333
123 7 111111 0
79.8335 -3.219 -68.4337 0.10275 -0.991819 0.0757492 0.326805 -0.0382652 -0.944317 0.93949 0.121783 0.3202
123 7 111111 0
79.8335 -3.219 -68.4337 0.10275 -0.991819 0.0757492 0.326805 -0.0382652 -0.944317 0.93949 0.121783 0.3202
123 4 111111 0
22.0488 -14.4895 -2.52981 0.841591 -0.0600434 -0.536767 0.535661 0.220154 0.81523 0.0692222 -0.973615 0.217443
123 4 111111 0
94.9323 -35.0743 -8.28431 -0.172742 -0.935712 0.307577 0.970196 -0.107765 0.217039 -0.16994 0.335902 0.92644
123 4 111111 0
22.0488 -14.4895 -2.52981 0.841591 -0.0600434 -0.536767 0.535661 0.220154 0.81523 0.0692222 -0.973615 0.217443
123 4 111111 0
94.9323 -35.0743 -8.28431 -0.172742 -0.935712 0.307577 0.970196 -0.107765 0.217039 -0.16994 0.335902 0.92644
123 4 111111 0
66.5226 29.7939 41.8667 0.301556 -0.77769 0.5516 -0.324783 0.460145 0.826307 -0.896426 -0.428328 -0.113822
123 4 111111 0
39.5536 -11.27 -55.9975 0.682961 -0.584134 -0.438578 0.259506 0.755281 -0.601837 0.682803 0.297218 0.667414
123 7 111111 0
103.595 -27.8358 -29.8521 -0.395648 -0.642135 0.656602 0.911896 -0.359621 0.197784 0.109124 0.677005 0.727843
123 7 111111 0
103.595 -27.8358 -29.8521 -0.395648 -0.642135 0.656602 0.911896 -0.359621 0.197784 0.109124 0.677005 0.727843
123 4 111111 0
73.1535 6.37552 42.3285 0.139627 -0.586759 0.797633 -0.0149953 0.804179 0.594199 -0.990091 -0.0949269 0.103486
123 4 111111 0
21.9323 0.549983 -44.0652 0.86429 -0.124113 -0.48744 0.00309373 0.970373 -0.241592 0.502984 0.207297 0.839068
123 4 111111 0
27.7206 -13.4379 12.0647 0.866672 -0.359974 0.345397 0.288253 0.926411 0.242224 -0.407174 -0.110367 0.906658
123 4 111111 0
27.7206 -13.4379 12.0647 0.866672 -0.359974 0.345397 0.288253 0.926411 0.242224 -0.407174 -0.110367 0.906658
123 4 111111 0
27.7206 -13.4379 12.0647 0.866672 -0.359974 0.345397 0.288253 0.926411 0.242224 -0.407174 -0.110367 0.906658
123 4 111111 0
27.7206 -13.4379 12.0647 0.866672 -0.359974 0.345397 0.288253 0.926411 0.242224 -0.407174 -0.110367 0.906658
123 5 111111 0
111.939 -22.2451 -7.25862 -0.873732 0.345558 -0.342318 0.485835 0.654118 -0.579736 0.0235841 -0.672844 -0.739408
123 6 111111 0
93.5509 67.7262 0.12838 -0.488081 0.0624068 -0.870565 -0.726366 -0.582061 0.36551 -0.483911 0.810747 0.329423
123 5 111111 0
111.939 -22.2451 -7.25862 -0.873732 0.345558 -0.342318 0.485835 0.654118 -0.579736 0.0235841 -0.672844 -0.739408
123 6 111111 0
93.5509 67.7262 0.12838 -0.488081 0.0624068 -0.870565 -0.726366 -0.582061 0.36551 -0.483911 0.810747 0.329423
122 5 111111 0
124.742 27.3689 -27.4423 -0.924751 -0.280858 -0.256815 -0.379275 0.735807 0.561016 0.0314002 0.616204 -0.78696
122 5 111111 0
116.803 -10.8872 7.32557 -0.957462 0.28856 -0.00084196 0.224979 0.744663 -0.62838 -0.180698 -0.601839 -0.777906
122 5 111111 0
116.803 -10.8872 7.32557 -0.957462 0.28856 -0.000842012 0.224979 0.744663 -0.62838 -0.180698 -0.601839 -0.777906
122 5 111111 0
106.015 -16.6264 23.0206 -0.874857 0.470985 0.113129 0.299597 0.709667 -0.637663 -0.380614 -0.523971 -0.761963
122 5 111111 0
106.015 -16.6264 23.0206 -0.874857 0.470986 0.113129 0.299597 0.709667 -0.637663 -0.380614 -0.523971 -0.761963
122 4 111111 0
94.1408 -35.8075 -3.30088 -0.640508 0.549186 -0.536791 0.76785 0.46938 -0.435992 0.0125181 -0.691431 -0.722334
122 4 111111 0
94.1408 -35.8075 -3.30089 -0.640508 0.549186 -0.536791 0.76785 0.46938 -0.435992 0.0125182 -0.691431 -0.722334
122 6 111111 0
83.7321 -39.9014 8.0898 -0.559024 0.726784 -0.399095 0.819338 0.410374 -0.400348 -0.127188 -0.550798 -0.824891
122 6 111111 0
83.7321 -39.9014 8.08979 -0.559024 0.726784 -0.399095 0.819338 0.410374 -0.400348 -0.127188 -0.550798 -0.824891
122 6 111111 0
70.0522 -43.0399 17.2318 -0.438122 0.868654 -0.231277 0.86336 0.334983 -0.377354 -0.250317 -0.365002 -0.896725
122 6 111111 0
70.0522 -43.0399 17.2318 -0.438122 0.868654 -0.231277 0.86336 0.334983 -0.377354 -0.250317 -0.365002 -0.896725
122 5 111111 0
115.807 -18.2656 -10.9115 -0.935585 0.351659 -0.0318984 0.350767 0.915222 -0.198319 -0.0405466 -0.196733 -0.979618
122 5 111111 0
108.166 -24.2621 5.22643 -0.871565 0.461754 0.164796 0.426451 0.879828 -0.209863 -0.241897 -0.112632 -0.963743
122 5 111111 0
96.9813 -29.2705 19.05 -0.761842 0.546204 0.348222 0.492308 0.837605 -0.236751 -0.420987 -0.00893436 -0.907023
122 5 111111 0
111.579 -9.80508 -41.4501 -0.880448 0.328958 -0.341464 0.210484 0.916493 0.340203 0.424862 0.227658 -0.876165
122 5 111111 0
111.579 -9.80507 -41.4501 -0.880448 0.328958 -0.341464 0.210484 0.916492 0.340203 0.424862 0.227658 -0.876165
122 6 111111 0
81.9922 60.3916 22.2126 -0.242452 -0.10662 -0.964287 -0.543533 -0.808379 0.226043 -0.80361 0.578926 0.138042
122 5 111111 0
114.896 -15.3645 -22.9798 -0.906577 0.113324 -0.406542 0.261665 0.906714 -0.330757 0.331135 -0.406235 -0.851659
122 4 111111 0
108.15 -21.2278 11.6057 -0.852856 0.350395 -0.387118 0.503408 0.35495 -0.787776 -0.138625 -0.866738 -0.479113
122 5 111111 0
109.972 -21.6242 -6.35309 -0.93145 0.278565 -0.234098 0.342884 0.887285 -0.308475 0.121781 -0.367597 -0.921977
122 6 111111 0
95.229 -26.3461 25.84 -0.754028 0.56353 -0.337456 0.571737 0.310175 -0.759545 -0.323356 -0.765654 -0.556071
122 5 111111 0
123.561 19.0712 -26.9623 -0.918375 -0.309926 -0.246034 -0.334864 0.93996 0.0658958 0.210839 0.142905 -0.967019
122 5 111111 0
123.561 19.0712 -26.9623 -0.918375 -0.309926 -0.246034 -0.334864 0.93996 0.0658956 0.210839 0.142905 -0.967019
122 6 111111 0
85.4514 -13.1304 35.8026 -0.453832 0.398149 -0.797191 0.629146 -0.490377 -0.60308 -0.63104 -0.775247 -0.0279451
122 6 111111 0
89.9091 21.7691 41.9832 -0.461951 0.135097 -0.876556 0.1565 -0.960406 -0.230496 -0.872989 -0.243659 0.422517
122 6 111111 0
85.4514 -13.1304 35.8026 -0.453832 0.398149 -0.797191 0.629146 -0.490377 -0.60308 -0.63104 -0.775247 -0.0279452
122 6 111111 0
89.9091 21.7691 41.9832 -0.461951 0.135097 -0.876556 0.1565 -0.960406 -0.230496 -0.872989 -0.243659 0.422517
122 6 111111 0
68.5876 -15.9601 44.3706 -0.247216 0.516169 -0.820033 0.655269 -0.534381 -0.53391 -0.713797 -0.669333 -0.206122
122 6 111111 0
68.5876 -15.9601 44.3706 -0.247216 0.516169 -0.820033 0.655269 -0.534381 -0.53391 -0.713797 -0.669333 -0.206122
122 5 111111 0
112.429 -21.7598 -6.09751 -0.895667 0.233949 -0.378218 0.42873 0.680259 -0.594506 0.118202 -0.694633 -0.709587
122 5 111111 0
112.429 -21.7598 -6.09751 -0.895667 0.233949 -0.378218 0.42873 0.680259 -0.594506 0.118202 -0.694633 -0.709587
122 5 111111 0
103.273 -27.5193 9.53302 -0.859121 0.440263 -0.260919 0.505032 0.646876 -0.571397 -0.0827824 -0.622672 -0.778092
122 5 111111 0
103.273 -27.5193 9.53302 -0.859121 0.440263 -0.260919 0.505032 0.646876 -0.571397 -0.0827825 -0.622672 -0.778092
122 6 111111 0
86.4847 3.87516 42.2633 -0.43892 0.271926 -0.856391 0.415393 -0.78373 -0.461753 -0.796742 -0.558411 0.231038
122 6 111111 0
86.4847 3.87517 42.2633 -0.43892 0.271926 -0.856391 0.415393 -0.78373 -0.461753 -0.796742 -0.558411 0.231038
122 6 111111 0
86.4847 3.87515 42.2633 -0.43892 0.271926 -0.856391 0.415393 -0.78373 -0.461753 -0.796742 -0.558412 0.231038
122 6 111111 0
86.4847 3.87516 42.2633 -0.43892 0.271926 -0.856391 0.415393 -0.78373 -0.461753 -0.796742 -0.558412 0.231038
122 6 111111 0
69.6226 0.996592 50.9582 -0.214429 0.320382 -0.9227 0.438446 -0.812576 -0.384037 -0.872803 -0.486903 0.0337694
122 6 111111 0
69.6226 0.996597 50.9582 -0.214429 0.320382 -0.9227 0.438446 -0.812576 -0.384037 -0.872803 -0.486903 0.0337695
122 6 111111 0
69.6226 0.996584 50.9582 -0.214429 0.320382 -0.9227 0.438447 -0.812576 -0.384037 -0.872803 -0.486903 0.0337694
122 6 111111 0
69.6226 0.996589 50.9582 -0.214429 0.320382 -0.9227 0.438446 -0.812576 -0.384037 -0.872803 -0.486903 0.0337695
122 6 111111 0
25.4542 -15.6295 27.1625 0.52321 0.504279 -0.686989 0.716752 -0.696467 0.0346409 -0.460997 -0.510525 -0.725841
122 5 111111 0
117.337 34.0687 13.9661 -0.64561 -0.73746 0.198343 -0.454961 0.58003 0.675704 -0.61335 0.346003 -0.709989
122 5 111111 0
110.353 22.7252 29.2173 -0.820208 0.00265915 0.572059 -0.408424 0.69747 -0.588833 -0.40056 -0.716609 -0.570985
122 5 111111 0
110.353 22.7252 29.2173 -0.820208 0.00265915 0.572059 -0.408424 0.69747 -0.588833 -0.40056 -0.716609 -0.570985
122 4 111111 0
59.0493 -41.6365 -3.88984 -0.0106228 0.462303 -0.886658 0.994384 0.0982586 0.0393186 0.105299 -0.881261 -0.460751
122 4 111111 0
59.0493 -41.6365 -3.88984 -0.0106228 0.462303 -0.886658 0.994384 0.0982586 0.0393186 0.105299 -0.881261 -0.460751
122 6 111111 0
50.096 -42.6943 -0.496601 0.0467452 0.638354 -0.768322 0.993545 0.0498728 0.101884 0.103357 -0.768125 -0.631902
122 6 111111 0
50.096 -42.6943 -0.496601 0.0467452 0.638354 -0.768322 0.993545 0.0498728 0.101884 0.103357 -0.768125 -0.631902
122 5 111111 0
120.673 17.0541 13.6922 -0.770155 -0.474043 0.426784 -0.230008 0.830467 0.507366 -0.594943 0.292587 -0.748622
122 5 111111 0
111.884 11.5463 28.6421 -0.655944 -0.45811 0.599894 -0.180051 0.866784 0.465046 -0.733021 0.197033 -0.651044
122 5 111111 0
100.679 7.10888 40.9829 -0.521849 -0.423784 0.740324 -0.14218 0.898939 0.414358 -0.841105 0.110973 -0.529365
122 4 111111 0
60.1559 -41.308 -21.1922 -0.0845689 0.676476 -0.731593 0.934801 0.30805 0.176783 0.344957 -0.668944 -0.658421
122 4 111111 0
60.1559 -41.308 -21.1922 -0.0845689 0.676476 -0.731593 0.934801 0.30805 0.176783 0.344957 -0.668944 -0.658421
122 6 111111 0
54.7251 -42.6904 -17.2081 -0.0789237 0.820694 -0.565891 0.943194 0.245252 0.224136 0.322733 -0.516055 -0.79343
122 6 111111 0
54.7251 -42.6904 -17.2081 -0.0789237 0.820694 -0.565891 0.943194 0.245252 0.224136 0.322733 -0.516055 -0.79343
122 5 111111 0
123.426 0.347233 -1.59575 -0.884095 -0.335949 0.324831 0.212707 0.329629 0.919837 -0.416092 0.882317 -0.219965
122 5 111111 0
116.516 -2.55185 14.8475 -0.800763 -0.0803778 0.593563 0.0668532 0.972771 0.221919 -0.595238 0.217386 -0.773586
122 5 111111 0
106.127 -7.68356 28.9346 -0.66363 -0.0478119 0.746532 0.118232 0.978708 0.167784 -0.738659 0.199611 -0.643847
122 5 111111 0
93.6171 -11.6663 40.1872 -0.507201 -0.0139974 0.861714 0.155824 0.9819 0.107667 -0.847624 0.188884 -0.49584
122 4 111111 0
62.0373 50.6349 -58.7898 -0.0152448 0.322152 -0.946565 -0.778568 0.590165 0.213394 0.627375 0.740218 0.24182
122 5 111111 0
70.2619 48.6647 -54.259 -0.178511 0.226315 -0.957557 -0.768892 0.57516 0.279277 0.613953 0.786112 0.0713397
122 5 111111 0
67.132 -35.4936 -39.0957 -0.242703 0.829839 -0.502457 0.795002 0.466958 0.387198 0.555938 -0.30548 -0.773055
122 5 111111 0
67.132 -35.4936 -39.0957 -0.242703 0.829839 -0.502457 0.795002 0.466958 0.387198 0.555938 -0.30548 -0.773055
122 7 111111 0
65.6378 -37.683 -33.2968 -0.287245 0.908896 -0.302322 0.819036 0.396714 0.414485 0.496659 -0.128553 -0.858373
122 7 111111 0
65.6378 -37.683 -33.2968 -0.287245 0.908896 -0.302322 0.819036 0.396714 0.414485 0.496659 -0.128553 -0.858373
122 5 111111 0
111.984 -21.764 -18.6903 -0.841622 0.255184 0.475976 0.530399 0.556561 0.639466 -0.101728 0.790646 -0.603763
122 5 111111 0
106.595 -27.0235 -4.63006 -0.762302 0.136498 0.632664 0.590768 0.54602 0.594017 -0.264365 0.826578 -0.496871
122 7 111111 0
57.4679 -46.099 -7.27852 -0.169567 0.851706 0.495827 0.98367 0.177069 0.0322434 -0.0603337 0.493197 -0.867823
122 5 111111 0
83.6224 27.2128 -67.0555 -0.495334 0.710282 -0.500144 -0.282088 0.413023 0.865932 0.821627 0.57001 -0.00422242
122 7 111111 0
108.39 50.7223 -36.1792 -0.858484 0.484412 -0.168377 -0.440009 -0.527084 0.727031 0.263434 0.698232 0.665639
122 5 111111 0
91.8289 23.4714 -57.9189 -0.661198 0.617938 -0.425405 -0.235451 0.36747 0.899738 0.712306 0.695068 -0.0974762
122 5 111111 0
86.2409 -18.1999 -54.8378 -0.563356 0.812823 -0.148155 0.498197 0.477241 0.723907 0.659113 0.334007 -0.673802
122 7 111111 0
117.932 12.1272 -40.8592 -0.959712 0.258396 0.110384 0.10964 -0.017331 0.99382 0.258712 0.965884 -0.0116979
122 5 111111 0
86.2409 -18.1999 -54.8378 -0.563356 0.812823 -0.148155 0.498197 0.477241 0.723907 0.659113 0.334007 -0.673802
122 7 111111 0
117.932 12.1272 -40.8592 -0.959712 0.258396 0.110384 0.10964 -0.017331 0.99382 0.258712 0.965884 -0.0116979
122 7 111111 0
88.857 -22.1467 -44.7655 -0.644613 0.762885 0.0498147 0.549533 0.417067 0.723926 0.531496 0.494027 -0.688077
122 5 111111 0
119.333 5.81073 -24.5392 -0.980561 0.0541062 0.188609 0.187547 -0.0241322 0.981959 0.0576817 0.998244 0.0135156
122 7 111111 0
88.857 -22.1467 -44.7655 -0.644613 0.762885 0.0498147 0.549533 0.417067 0.723926 0.531496 0.494027 -0.688077
122 5 111111 0
119.333 5.81073 -24.5392 -0.980561 0.0541062 0.188609 0.187547 -0.0241322 0.981959 0.0576817 0.998244 0.0135156
122 6 111111 0
43.1881 -4.06973 38.9458 0.363985 0.117576 -0.923954 0.579848 -0.804923 0.125998 -0.728897 -0.581614 -0.361156
122 6 111111 0
29.367 -3.46485 38.3665 0.543236 0.167883 -0.822624 0.541364 -0.818954 0.190366 -0.641733 -0.548752 -0.535771
122 5 111111 0
68.8 69.2355 -37.5583 0.139857 -0.598751 -0.78863 -0.973996 0.0601865 -0.218425 0.178247 0.798671 -0.574763
122 5 111111 0
121.499 41.5019 -15.3638 -0.747049 -0.635591 0.194787 -0.655358 0.655016 -0.376113 0.111466 -0.408629 -0.905868
122 5 111111 0
68.8 69.2355 -37.5583 0.139857 -0.598751 -0.78863 -0.973996 0.0601865 -0.218425 0.178247 0.798671 -0.574763
122 5 111111 0
121.499 41.5019 -15.3638 -0.747049 -0.635591 0.194787 -0.655358 0.655016 -0.376113 0.111466 -0.408629 -0.905868
122 5 111111 0
120.198 35.6399 -0.0312244 -0.800495 -0.497702 0.333918 -0.598451 0.694093 -0.400115 -0.0326317 -0.520123 -0.853467
122 5 111111 0
120.198 35.6399 -0.0312244 -0.800495 -0.497702 0.333918 -0.598451 0.694093 -0.400115 -0.0326317 -0.520123 -0.853467
122 4 111111 0
62.5612 -37.6762 12.2595 -0.00521827 0.209209 -0.977857 0.989089 -0.142893 -0.0358496 -0.147229 -0.967374 -0.20618
122 4 111111 0
62.5612 -37.6762 12.2595 -0.00521827 0.209209 -0.977857 0.989089 -0.142893 -0.0358496 -0.147229 -0.967374 -0.20618
122 4 111111 0
50.5475 -38.7981 16.0392 0.103023 0.389855 -0.915095 0.98438 -0.172007 0.0375437 -0.142766 -0.904669 -0.401486
122 4 111111 0
50.5475 -38.7981 16.0392 0.103023 0.389855 -0.915095 0.98438 -0.172007 0.0375437 -0.142766 -0.904669 -0.401486
122 4 111111 0
108.344 -22.9761 5.35639 -0.645786 -0.338977 -0.684145 0.762644 -0.329245 -0.556751 -0.0365257 -0.881302 0.47114
122 4 111111 0
64.6547 61.6611 23.0997 0.22339 -0.632155 -0.741941 -0.59734 -0.69028 0.408286 -0.770248 0.351985 -0.531813
122 4 111111 0
58.5988 60.2781 27.1301 0.322447 -0.738 -0.592777 -0.621836 -0.637293 0.455168 -0.713686 0.221842 -0.664408
122 5 111111 0
121.045 -0.969945 -31.6605 -0.810791 -0.48658 -0.325359 0.161425 0.348417 -0.923335 0.562637 -0.801152 -0.203947
122 5 111111 0
119.914 -6.49812 -17.208 -0.884241 -0.313042 -0.346588 0.22178 0.371645 -0.901495 0.411013 -0.874005 -0.259197
122 5 111111 0
89.4087 63.8168 -40.1184 -0.151509 -0.82868 -0.538826 -0.94058 0.288463 -0.179162 0.303899 0.479665 -0.823145
122 5 111111 0
111.328 52.2817 -30.8872 -0.520395 -0.844003 -0.1298 -0.80805 0.535867 -0.244748 0.276123 -0.0224808 -0.960859
122 5 111111 0
89.4087 63.8168 -40.1184 -0.151509 -0.82868 -0.538826 -0.94058 0.288463 -0.179162 0.303899 0.479665 -0.823145
122 5 111111 0
111.328 52.2817 -30.8872 -0.520395 -0.844003 -0.1298 -0.80805 0.535867 -0.244748 0.276123 -0.0224808 -0.960859
122 5 111111 0
113.947 46.9354 -17.1769 -0.620673 -0.783244 0.0359711 -0.765065 0.594952 -0.246389 0.171582 -0.180447 -0.968503
122 5 111111 0
113.947 46.9354 -17.1769 -0.620673 -0.783244 0.0359711 -0.765065 0.594952 -0.246389 0.171582 -0.180447 -0.968503
122 5 111111 0
114.618 -2.38392 -43.2848 -0.687028 -0.542695 -0.483193 0.130502 0.562009 -0.816771 0.714816 -0.624202 -0.315293
122 5 111111 0
114.618 -2.38392 -43.2848 -0.687028 -0.542695 -0.483193 0.130502 0.562009 -0.816771 0.714816 -0.624202 -0.315293
122 5 111111 0
115.552 -7.60264 -29.7851 -0.7916 -0.384726 -0.474716 0.184253 0.590446 -0.785764 0.582598 -0.709478 -0.39651
122 5 111111 0
115.552 -7.60264 -29.7851 -0.7916 -0.384726 -0.474716 0.184253 0.590446 -0.785764 0.582598 -0.709478 -0.39651
122 5 111111 0
101.306 58.5309 -37.1275 -0.341766 -0.875724 -0.341032 -0.885031 0.421969 -0.196625 0.316094 0.234624 -0.919258
122 5 111111 0
101.306 58.5309 -37.1275 -0.341766 -0.875724 -0.341032 -0.885031 0.421969 -0.196625 0.316094 0.234624 -0.919258
122 5 111111 0
101.306 58.5309 -37.1275 -0.341766 -0.875724 -0.341032 -0.885031 0.421969 -0.196625 0.316094 0.234624 -0.919258
122 5 111111 0
101.306 58.5309 -37.1275 -0.341766 -0.875724 -0.341032 -0.885031 0.421969 -0.196625 0.316094 0.234624 -0.919258
122 5 111111 0
105.764 53.8141 -25.1857 -0.458876 -0.87105 -0.175228 -0.854222 0.486759 -0.182677 0.244414 0.0658577 -0.967432
122 5 111111 0
105.764 53.8141 -25.1857 -0.458876 -0.87105 -0.175228 -0.854222 0.486759 -0.182677 0.244414 0.0658577 -0.967432
122 5 111111 0
105.764 53.8141 -25.1857 -0.458876 -0.87105 -0.175228 -0.854222 0.486759 -0.182677 0.244414 0.0658577 -0.967432
122 5 111111 0
105.764 53.8141 -25.1857 -0.458876 -0.87105 -0.175228 -0.854222 0.486759 -0.182677 0.244414 0.0658577 -0.967432
122 4 111111 0
48.773 -34.1164 4.44645 0.368473 -0.141677 -0.918779 0.928174 0.000608225 0.372147 -0.052166 -0.989913 0.131725
122 4 111111 0
48.773 -34.1164 4.44645 0.368473 -0.141677 -0.918779 0.928174 0.000608225 0.372147 -0.052166 -0.989913 0.131725
122 4 111111 0
39.8346 -34.3002 5.5665 0.43769 0.045324 -0.897983 0.898927 -0.00107585 0.438096 0.0188902 -0.998972 -0.0412139
122 4 111111 0
39.8346 -34.3002 5.5665 0.43769 0.045324 -0.897983 0.898927 -0.00107585 0.438096 0.0188902 -0.998972 -0.0412139
122 5 111111 0
82.4224 28.5031 44.2898 0.0307745 -0.99128 0.128126 -0.226052 0.117963 0.966946 -0.973629 -0.0587205 -0.220451
122 5 111111 0
93.2371 60.2471 15.882 -0.23498 -0.743304 0.626326 -0.923844 0.371097 0.0938062 -0.302154 -0.556585 -0.773897
122 4 111111 0
39.4092 -32.8462 -10.5229 0.435615 0.216285 -0.873762 0.878235 0.110688 0.465244 0.19734 -0.970036 -0.141731
122 4 111111 0
39.4092 -32.8462 -10.5229 0.435615 0.216285 -0.873762 0.878235 0.110688 0.465244 0.19734 -0.970036 -0.141731
122 4 111111 0
33.5346 -32.545 -10.8836 0.453478 0.400332 -0.796299 0.847307 0.0834909 0.5245 0.276458 -0.912559 -0.301343
122 4 111111 0
33.5346 -32.545 -10.8836 0.453478 0.400332 -0.796299 0.847307 0.0834909 0.5245 0.276458 -0.912559 -0.301343
122 4 111111 0
27.9792 -31.8497 -12.2921 0.4542 0.56481 -0.688979 0.81676 0.0448787 0.575229 0.355816 -0.824 -0.440931
122 4 111111 0
27.9792 -31.8497 -12.2921 0.4542 0.56481 -0.688979 0.81676 0.0448787 0.575229 0.355816 -0.824 -0.440931
122 4 111111 0
36.0488 -29.1693 -27.1101 0.408137 0.54512 -0.732303 0.7994 0.173994 0.575053 0.440889 -0.820104 -0.364755
122 7 111111 0
123.698 -4.31268 -14.942 -0.808714 -0.519497 0.275871 0.571904 -0.58482 0.575248 -0.137504 0.622983 0.770055
122 4 111111 0
36.0488 -29.1693 -27.1101 0.408137 0.54512 -0.732303 0.7994 0.173994 0.575053 0.440889 -0.820104 -0.364755
122 7 111111 0
123.698 -4.31268 -14.942 -0.808714 -0.519497 0.275871 0.571904 -0.58482 0.575248 -0.137504 0.622983 0.770055
122 4 111111 0
33.5919 -28.8358 -27.8006 0.375571 0.699238 -0.608286 0.773525 0.125024 0.621311 0.510495 -0.703872 -0.493923
122 4 111111 0
33.5919 -28.8358 -27.8006 0.375571 0.699238 -0.608286 0.773525 0.125024 0.621311 0.510495 -0.703872 -0.493923
122 6 111111 0
31.3803 -28.3483 -28.9089 0.329934 0.822855 -0.462659 0.751286 0.0678732 0.656477 0.571588 -0.564184 -0.595806
122 6 111111 0
31.3803 -28.3483 -28.9089 0.329934 0.822855 -0.462659 0.751286 0.0678732 0.656477 0.571588 -0.564184 -0.595806
122 6 111111 0
29.4147 -27.7077 -30.433 0.271297 0.915985 -0.295583 0.732686 0.00260582 0.680562 0.624155 -0.401204 -0.670423
122 6 111111 0
29.4147 -27.7077 -30.433 0.271297 0.915985 -0.295583 0.732686 0.00260582 0.680562 0.624155 -0.401204 -0.670423
122 5 111111 0
99.487 -0.148766 35.9196 -0.338601 -0.683894 0.64625 0.124859 0.648089 0.75126 -0.932609 0.335067 -0.134053
122 5 111111 0
87.0891 -3.45097 45.395 -0.162349 -0.686511 0.708763 0.137124 0.695626 0.705196 -0.977159 0.211677 -0.018797
122 5 111111 0
73.7884 -5.72431 52.2606 0.0100929 -0.666171 0.745731 0.137472 0.739612 0.658844 -0.990454 0.0958675 0.0990447
122 4 111111 0
39.708 -22.7979 -45.1739 0.271934 0.832488 -0.482716 0.689033 0.181733 0.701575 0.671778 -0.523389 -0.524193
122 7 111111 0
121.977 0.532991 -33.7528 -0.870222 -0.166778 0.463572 0.475502 -0.530503 0.701758 0.128889 0.831115 0.540958
122 4 111111 0
39.708 -22.7979 -45.1739 0.271934 0.832488 -0.482716 0.689033 0.181733 0.701575 0.671778 -0.523389 -0.524193
122 7 111111 0
121.977 0.532991 -33.7528 -0.870222 -0.166778 0.463572 0.475502 -0.530503 0.701758 0.128889 0.831115 0.540958
122 7 111111 0
40.9965 -22.9558 -44.8559 0.191206 0.926204 -0.32494 0.675877 0.115826 0.727857 0.71178 -0.35879 -0.603853
122 7 111111 0
121.17 -5.40185 -18.2664 -0.842422 -0.356251 0.404241 0.537694 -0.507385 0.673383 -0.0347877 0.784631 0.618986
122 7 111111 0
40.9965 -22.9558 -44.8559 0.191206 0.926204 -0.32494 0.675877 0.115826 0.727857 0.71178 -0.35879 -0.603853
122 7 111111 0
121.17 -5.40185 -18.2664 -0.842422 -0.356251 0.404241 0.537694 -0.507385 0.673383 -0.0347877 0.784631 0.618986
122 7 111111 0
42.1656 -23.1954 -44.3171 0.105545 0.981908 -0.157218 0.669048 0.0468477 0.741741 0.735686 -0.183474 -0.651999
122 7 111111 0
42.1656 -23.1954 -44.3171 0.105545 0.981908 -0.157218 0.669048 0.0468477 0.741741 0.735686 -0.183474 -0.651999
122 5 111111 0
98.676 -17.3028 26.68 -0.412514 -0.343121 0.843861 0.384117 0.774452 0.502671 -0.826006 0.5315 -0.187674
122 5 111111 0
86.7425 -20.6108 36.1371 -0.236038 -0.377304 0.895504 0.401842 0.801159 0.443471 -0.884765 0.464527 -0.0374873
122 5 111111 0
73.8779 -22.9183 43.0603 -0.0607633 -0.39679 0.915896 0.407209 0.827906 0.385685 -0.911312 0.396396 0.11127
122 4 111111 0
40.2487 24.0376 -62.8262 0.33332 0.495942 -0.801835 -0.368229 0.851402 0.373527 0.867932 0.170756 0.466409
122 4 111111 0
46.8159 23.6425 -62.2712 0.173279 0.513585 -0.84036 -0.37953 0.822188 0.424222 0.908808 0.245433 0.337389
122 7 111111 0
110.689 -2.87581 -43.8287 -0.807932 0.202405 0.553425 0.459669 -0.371169 0.806807 0.368716 0.906237 0.20684
122 7 111111 0
110.689 -2.87581 -43.8287 -0.807932 0.202405 0.553425 0.459669 -0.371169 0.806807 0.368716 0.906237 0.20684
122 4 111111 0
47.0048 41.0862 37.2592 0.565806 -0.729392 -0.384513 -0.255667 -0.59855 0.759192 -0.783899 -0.331248 -0.525145
122 4 111111 0
57.2432 40.4528 40.8552 0.425982 -0.862757 -0.272378 -0.291876 -0.416013 0.861245 -0.856358 -0.287374 -0.429031
122 4 111111 0
38.0662 41.1913 37.6282 0.67482 -0.699387 -0.235533 -0.301035 -0.552271 0.777415 -0.673792 -0.453712 -0.583224
122 5 111111 0
77.8858 73.611 -12.3782 0.124551 -0.991437 0.039246 -0.99138 -0.122728 0.0458693 -0.0406599 -0.0446207 -0.998176
122 5 111111 0
79.2085 71.0819 -5.89848 0.0632413 -0.974873 0.213595 -0.997807 -0.0575723 0.0326643 -0.0195464 -0.215192 -0.976376
122 5 111111 0
93.6125 42.8665 -54.8213 -0.18719 -0.972586 -0.137972 -0.593735 0.223915 -0.772878 0.782585 -0.0627557 -0.619373
122 5 111111 0
101.948 44.0243 -47.9418 -0.337234 -0.940515 0.0412836 -0.602636 0.181977 -0.77699 0.723258 -0.286907 -0.628158
122 5 111111 0
106.874 39.7554 -37.198 -0.491083 -0.865907 0.0950923 -0.572672 0.238652 -0.784278 0.656418 -0.439602 -0.613079
122 5 111111 0
87.2095 61.2569 -32.4489 -0.0973418 -0.993282 0.0625759 -0.886917 0.0580477 -0.458266 0.451555 -0.100108 -0.886609
122 5 111111 0
87.2095 61.2569 -32.4489 -0.0973418 -0.993282 0.0625759 -0.886917 0.0580477 -0.458266 0.451555 -0.100108 -0.886609
122 4 111111 0
52.0932 41.0583 39.1957 0.497731 -0.80118 -0.332226 -0.277938 -0.510178 0.813922 -0.821592 -0.312776 -0.47661
122 4 111111 0
52.0932 41.0583 39.1957 0.497731 -0.80118 -0.332226 -0.277938 -0.510178 0.813922 -0.821592 -0.312776 -0.47661
122 4 111111 0
42.7275 40.8461 40.4203 0.612982 -0.767181 -0.188906 -0.319135 -0.459134 0.829065 -0.722776 -0.447916 -0.526275
122 4 111111 0
42.7275 40.8461 40.4204 0.612982 -0.767181 -0.188906 -0.319135 -0.459134 0.829065 -0.722776 -0.447916 -0.526275
122 5 111111 0
75.1606 71.8466 -9.45837 0.133977 -0.982193 0.131711 -0.990799 -0.135334 -0.00135966 0.0191605 -0.130317 -0.991287
122 5 111111 0
75.1606 71.8466 -9.45837 0.133977 -0.982193 0.131711 -0.990799 -0.135334 -0.00135964 0.0191604 -0.130317 -0.991287
122 5 111111 0
97.9869 43.3977 -51.6237 -0.263986 -0.9633 -0.0486222 -0.597353 0.202864 -0.775896 0.757285 -0.175781 -0.628984
122 5 111111 0
97.9869 43.3977 -51.6237 -0.263986 -0.9633 -0.0486221 -0.597353 0.202864 -0.775896 0.757285 -0.175782 -0.628984
122 5 111111 0
91.196 61.1641 -28.7419 -0.170166 -0.973793 0.150898 -0.89295 0.0876177 -0.441547 0.416754 -0.209881 -0.884458
122 5 111111 0
91.196 61.1641 -28.7419 -0.170166 -0.973793 0.150898 -0.89295 0.0876178 -0.441547 0.416754 -0.209881 -0.884458
122 5 111111 0
91.196 61.1641 -28.7419 -0.170166 -0.973793 0.150898 -0.89295 0.0876177 -0.441547 0.416754 -0.209881 -0.884458
122 5 111111 0
91.196 61.1641 -28.7419 -0.170166 -0.973793 0.150898 -0.89295 0.0876178 -0.441547 0.416754 -0.209881 -0.884458
122 4 111111 0
19.0565 -13.7338 -4.27934 0.850294 0.0408827 -0.524718 0.504924 0.217938 0.835198 0.148501 -0.975106 0.164668
122 4 111111 0
91.3521 -36.9866 -3.05558 -0.120082 -0.966723 0.225893 0.975096 -0.0721148 0.209731 -0.186461 0.245452 0.951307
122 4 111111 0
19.0565 -13.7338 -4.27934 0.850294 0.0408827 -0.524718 0.504924 0.217938 0.835198 0.148501 -0.975106 0.164669
122 4 111111 0
91.3521 -36.9866 -3.05558 -0.120082 -0.966723 0.225893 0.975096 -0.0721148 0.209731 -0.186461 0.245452 0.951307
122 4 111111 0
14.3821 -12.1896 -7.95782 0.844741 0.214152 -0.49046 0.451939 0.205399 0.868079 0.286641 -0.954961 0.0767257
122 4 111111 0
83.8699 -39.925 5.12067 -0.0256143 -0.996502 0.079552 0.978845 -0.00884184 0.204413 -0.202995 0.083105 0.975647
122 4 111111 0
14.3821 -12.1896 -7.95782 0.844741 0.214152 -0.49046 0.451939 0.205399 0.868079 0.286641 -0.954961 0.0767258
122 4 111111 0
83.8699 -39.925 5.12066 -0.0256143 -0.996502 0.0795521 0.978845 -0.00884192 0.204413 -0.202995 0.083105 0.975647
122 4 111111 0
10.5412 -10.423 -12.2746 0.813974 0.377896 -0.441182 0.401598 0.182674 0.897413 0.419721 -0.907648 -0.00307099
122 4 111111 0
10.5412 -10.423 -12.2746 0.813974 0.377896 -0.441182 0.401598 0.182674 0.897413 0.419721 -0.907648 -0.00307091
122 4 111111 0
7.53347 -8.43757 -17.2198 0.758194 0.531958 -0.377045 0.35395 0.149856 0.92318 0.547596 -0.833405 -0.0746667
122 4 111111 0
7.53347 -8.43757 -17.2198 0.758194 0.531958 -0.377045 0.35395 0.149856 0.92318 0.547596 -0.833405 -0.0746666
122 4 111111 0
65.959 29.715 42.1125 0.308798 -0.771955 0.555634 -0.326121 0.462837 0.824274 -0.89347 -0.435738 -0.108827
122 4 111111 0
55.6567 28.6754 45.5552 0.430365 -0.658453 0.617435 -0.353718 0.506295 0.786479 -0.830463 -0.556871 -0.0150143
122 4 111111 0
45.4194 28.3227 47.2076 0.532962 -0.53105 0.658739 -0.386455 0.539806 0.747838 -0.752731 -0.653142 0.0824697
122 4 111111 0
35.4247 28.579 47.2597 0.617058 -0.393764 0.681314 -0.423107 0.563984 0.709156 -0.66349 -0.72586 0.181407
122 4 111111 0
41.2741 -11.3602 -55.8866 0.63561 -0.582573 -0.506564 0.24139 0.773236 -0.586376 0.733301 0.250427 0.632104
122 4 111111 0
14.7889 -2.02129 -25.1888 0.803912 0.503124 -0.317162 0.357152 0.0180269 0.933872 0.475571 -0.864026 -0.1652
122 7 111111 0
102.285 -30.1631 -23.7078 -0.370491 -0.716336 0.591269 0.926181 -0.333011 0.176898 0.070181 0.613161 0.786834
122 4 111111 0
14.7889 -2.02129 -25.1888 0.803912 0.503124 -0.317162 0.357152 0.018027 0.933872 0.475571 -0.864026 -0.1652
122 7 111111 0
102.285 -30.1631 -23.7078 -0.370491 -0.716336 0.591269 0.926181 -0.333011 0.176898 0.0701811 0.613161 0.786834
122 4 111111 0
14.3578 -0.437047 -29.2763 0.736005 0.638235 -0.225727 0.310577 -0.0220591 0.950292 0.601531 -0.769525 -0.214457
122 4 111111 0
14.3578 -0.437048 -29.2763 0.736005 0.638235 -0.225727 0.310577 -0.0220589 0.950292 0.601531 -0.769525 -0.214456
122 4 111111 0
14.6928 1.10515 -33.3096 0.647217 0.751431 -0.128307 0.270228 -0.0687736 0.960337 0.712803 -0.656218 -0.247569
122 4 111111 0
14.6928 1.10515 -33.3096 0.647217 0.751431 -0.128307 0.270228 -0.0687735 0.960337 0.712803 -0.656218 -0.247569
122 4 111111 0
72.5003 6.27284 42.6423 0.14888 -0.582924 0.79877 -0.0157747 0.80627 0.591337 -0.988729 -0.100639 0.110842
122 4 111111 0
60.5115 4.87376 47.1409 0.308472 -0.505701 0.805675 -0.0348552 0.840401 0.540843 -0.950595 -0.194917 0.241614
122 4 111111 0
48.5118 4.28806 49.5257 0.450991 -0.416936 0.789159 -0.0619589 0.867425 0.493695 -0.890375 -0.271548 0.365368
122 4 111111 0
36.7201 4.42648 50.0132 0.57595 -0.319657 0.752397 -0.0956094 0.887724 0.450338 -0.811875 -0.331308 0.480722
122 4 111111 0
23.1439 1.01605 -45.3638 0.822564 -0.110774 -0.55778 -0.0208742 0.974302 -0.224278 0.56829 0.196126 0.799113
122 4 111111 0
26.3268 -13.2618 11.7071 0.881787 -0.345755 0.320787 0.27782 0.930394 0.239131 -0.381139 -0.121742 0.916467
122 4 111111 0
26.3268 -13.2618 11.7071 0.881787 -0.345755 0.320787 0.27782 0.930394 0.239131 -0.381139 -0.121742 0.916467
122 4 111111 0
26.3268 -13.2618 11.7071 0.881787 -0.345755 0.320787 0.27782 0.930394 0.239131 -0.381139 -0.121742 0.916467
122 4 111111 0
26.3268 -13.2618 11.7071 0.881787 -0.345755 0.320787 0.27782 0.930394 0.239131 -0.381139 -0.121742 0.916467
122 4 111111 0
19.5182 -12.1357 9.26893 0.943964 -0.268392 0.192086 0.223063 0.947752 0.228053 -0.243258 -0.172427 0.954513
122 4 111111 0
19.5182 -12.1357 9.26893 0.943964 -0.268392 0.192086 0.223063 0.947752 0.228053 -0.243258 -0.172427 0.954513
122 4 111111 0
19.5182 -12.1357 9.26893 0.943964 -0.268392 0.192086 0.223063 0.947752 0.228053 -0.243258 -0.172427 0.954513
122 4 111111 0
19.5182 -12.1357 9.26893 0.943964 -0.268392 0.192086 0.223063 0.947752 0.228053 -0.243258 -0.172427 0.954513
122 4 111111 0
13.388 -10.6817 5.92964 0.980647 -0.185653 0.0621648 0.16748 0.959915 0.224752 -0.101399 -0.209991 0.972431
122 4 111111 0
13.388 -10.6817 5.92964 0.980647 -0.185653 0.0621648 0.16748 0.959915 0.224752 -0.101399 -0.209991 0.972431
122 4 111111 0
13.388 -10.6817 5.92964 0.980647 -0.185653 0.0621648 0.16748 0.959915 0.224752 -0.101399 -0.209991 0.972431
122 4 111111 0
13.388 -10.6817 5.92964 0.980647 -0.185653 0.0621648 0.16748 0.959915 0.224752 -0.101399 -0.209991 0.972431
122 4 111111 0
7.95601 -8.92979 1.76551 0.992823 -0.0985528 -0.0677534 0.111611 0.967041 0.228855 0.0429661 -0.234774 0.9711
122 4 111111 0
7.95601 -8.92979 1.76551 0.992823 -0.0985528 -0.0677534 0.111611 0.967041 0.228855 0.0429661 -0.234774 0.9711
122 4 111111 0
7.95601 -8.92979 1.76551 0.992823 -0.0985528 -0.0677534 0.111611 0.967041 0.228855 0.0429661 -0.234774 0.9711
122 4 111111 0
7.95601 -8.92979 1.76551 0.992823 -0.0985528 -0.0677534 0.111611 0.967041 0.228855 0.0429661 -0.234774 0.9711
122 5 111111 0
107.724 -25.3811 1.19673 -0.847276 0.452196 -0.278645 0.525053 0.633761 -0.568037 -0.0802697 -0.627587 -0.774397
122 5 111111 0
107.724 -25.3811 1.19673 -0.847276 0.452196 -0.278645 0.525053 0.633761 -0.568037 -0.0802697 -0.627587 -0.774397
122 5 111111 0
96.8829 -30.5707 15.4667 -0.760691 0.631843 -0.148738 0.593181 0.583597 -0.554572 -0.2636 -0.510087 -0.818735
122 5 111111 0
96.8829 -30.5707 15.4667 -0.760691 0.631843 -0.148738 0.593181 0.583597 -0.554572 -0.2636 -0.510087 -0.818735
122 7 111111 0
81.8189 -34.8081 27.5649 -0.621209 0.783638 -0.00323335 0.653998 0.516158 -0.553053 -0.431725 -0.345676 -0.83314
122 7 111111 0
81.8189 -34.8081 27.5649 -0.621209 0.783638 -0.00323335 0.653998 0.516158 -0.553053 -0.431725 -0.345676 -0.83314
105 6 111111 0
83.3889 -21.1566 -2.99623 -0.6237 0.605425 -0.494429 0.781354 0.500693 -0.372548 0.0220074 -0.618682 -0.785333
105 6 111111 0
83.3889 -21.1566 -2.99623 -0.6237 0.605425 -0.494429 0.781354 0.500693 -0.372548 0.0220074 -0.618682 -0.785333
105 2 111111 0
44.9416 -23.7621 -1.55317 -0.0627211 0.926883 -0.370074 0.996204 0.0357185 -0.0793791 -0.0603567 -0.373648 -0.925605
105 2 111111 0
44.9416 -23.7621 -1.55317 -0.0627211 0.926883 -0.370074 0.996204 0.0357185 -0.0793791 -0.0603567 -0.373648 -0.925605
105 7 111111 0
65.3093 -19.1124 -39.4446 -0.339016 0.778234 -0.528602 0.734872 0.569879 0.367698 0.587394 -0.263799 -0.7651
105 7 111111 0
65.3093 -19.1124 -39.4446 -0.339016 0.778234 -0.528602 0.734872 0.569879 0.367698 0.587394 -0.263799 -0.7651
105 6 111111 0
56.2819 -25.262 -11.5485 -0.27365 0.961549 0.0232329 0.961725 0.273186 0.0212972 0.0141314 0.0281716 -0.999503
105 6 111111 0
56.2819 -25.262 -11.5485 -0.27365 0.961549 0.0232329 0.961725 0.273186 0.0212972 0.0141314 0.0281716 -0.999503
105 6 111111 0
21.4405 -12.5034 -19.4581 0.363521 0.851546 -0.377785 0.874425 -0.172033 0.453637 0.321301 -0.495251 -0.807151
105 6 111111 0
21.4405 -12.5034 -19.4581 0.363521 0.851546 -0.377785 0.874425 -0.172033 0.453637 0.321301 -0.495251 -0.807151
105 7 111111 0
36.7748 -13.1732 -37.7425 0.0663399 0.997684 -0.0150096 0.854159 -0.0490079 0.517698 0.515763 -0.0471646 -0.855432
105 7 111111 0
36.7748 -13.1732 -37.7425 0.0663399 0.997684 -0.0150096 0.854159 -0.0490079 0.517698 0.515763 -0.0471646 -0.855432
130 4 111111 0
0.140889 41.5557 7.84421 0.9423 -0.119246 0.312813 -0.274145 0.261421 0.925475 -0.192135 -0.957831 0.213646
129 4 111111 0
28.7412 16.0668 36.1107 0.498694 -0.00290353 0.866774 -0.0345964 0.999131 0.0232517 -0.866088 -0.0415827 0.49816
129 4 111111 0
28.7412 16.0668 36.1107 0.498694 -0.00290353 0.866774 -0.0345964 0.999131 0.0232517 -0.866088 -0.0415827 0.49816
129 5 111111 0
38.5656 59.4324 33.4516 0.422678 -0.356824 0.833079 -0.649404 0.521937 0.553043 -0.632153 -0.774764 -0.0111118
129 5 111111 0
38.5656 59.4324 33.4516 0.422678 -0.356824 0.833079 -0.649404 0.521937 0.553043 -0.632153 -0.774764 -0.0111118
129 4 111111 0
38.5656 59.4324 33.4516 0.422678 -0.356824 0.833079 -0.649404 0.521937 0.553043 -0.632153 -0.774764 -0.0111117
129 4 111111 0
38.5656 59.4324 33.4517 0.422678 -0.356824 0.833079 -0.649404 0.521937 0.553043 -0.632153 -0.774764 -0.0111117
129 4 111111 0
28.7412 16.0668 36.1107 0.498694 -0.00290351 0.866774 -0.0345964 0.999131 0.0232517 -0.866088 -0.0415827 0.49816
129 4 111111 0
28.7412 16.0668 36.1107 0.498694 -0.00290352 0.866774 -0.0345964 0.999131 0.0232517 -0.866088 -0.0415827 0.49816
129 5 111111 0
38.5656 59.4324 33.4516 0.422678 -0.356824 0.833079 -0.649404 0.521937 0.553043 -0.632153 -0.774764 -0.0111117
129 5 111111 0
38.5656 59.4324 33.4516 0.422678 -0.356824 0.833079 -0.649404 0.521937 0.553043 -0.632153 -0.774764 -0.0111118
129 4 111111 0
38.5656 59.4324 33.4516 0.422678 -0.356824 0.833079 -0.649404 0.521937 0.553043 -0.632153 -0.774764 -0.0111117
129 4 111111 0
38.5656 59.4324 33.4516 0.422678 -0.356824 0.833079 -0.649404 0.521937 0.553043 -0.632153 -0.774764 -0.0111117
134 5 111111 0
51.9286 -37.0272 -53.9673 -0.0403822 0.798754 -0.6003 0.696581 0.453227 0.556201 0.71634 -0.395698 -0.5747
134 5 111111 0
51.9286 -37.0272 -53.9673 -0.0403822 0.798754 -0.6003 0.696581 0.453227 0.556201 0.71634 -0.395698 -0.5747
134 5 111111 0
41.2411 -42.5881 -43.7463 0.0431386 0.902746 -0.428006 0.789052 0.23199 0.568839 0.61281 -0.362258 -0.702305
134 5 111111 0
41.2411 -42.5881 -43.7463 0.0431386 0.902746 -0.428006 0.789052 0.23199 0.568839 0.61281 -0.362258 -0.702305
134 4 111111 0
16.8311 -5.73636 -51.1906 0.596592 0.679982 -0.426265 0.119728 0.449787 0.885074 0.793563 -0.579065 0.186926
134 4 111111 0
2.92913 -12.7974 -16.8378 0.890676 0.320438 -0.322515 0.303379 0.109442 0.946564 0.338612 -0.940926 0.000263704
134 4 111111 0
13.9425 -5.41672 -49.3077 0.555648 0.776782 -0.296419 0.1188 0.278686 0.953006 0.822886 -0.564751 0.0625696
134 4 111111 0
8.47315 -11.6621 -35.0838 0.764184 0.524983 -0.374722 0.249196 0.295547 0.922254 0.594916 -0.798151 0.0950288
134 4 111111 0
8.47315 -11.6621 -35.0838 0.764184 0.524983 -0.374722 0.249196 0.295547 0.922254 0.594916 -0.798151 0.0950288
134 4 111111 0
3.76769 -8.24447 -33.4148 0.75359 0.614145 -0.234365 0.199694 0.125796 0.97175 0.626278 -0.779103 -0.0278428
134 4 111111 0
3.76769 -8.24447 -33.4148 0.75359 0.614145 -0.234365 0.199694 0.125796 0.97175 0.626278 -0.779103 -0.0278428
134 5 111111 0
94.1046 -41.6881 -25.0102 -0.728961 0.617332 -0.295832 0.668389 0.735215 -0.11276 0.14789 -0.279929 -0.948561
136 5 111111 0
90.8169 -43.9109 -19.9569 -0.681186 0.648981 -0.338836 0.726658 0.655722 -0.20493 0.0891863 -0.385813 -0.918256
136 5 111111 0
90.8164 -43.9112 -19.9567 -0.681181 0.648993 -0.338823 0.726663 0.65572 -0.20492 0.0891812 -0.385798 -0.918263
136 7 111111 0
73.6572 -52.0064 -3.94817 -0.511405 0.806946 -0.295473 0.854381 0.440566 -0.275565 -0.0921905 -0.393371 -0.914746
136 7 111111 0
73.6566 -52.0066 -3.94805 -0.511399 0.806955 -0.295458 0.854384 0.440563 -0.275559 -0.0921957 -0.393355 -0.914752
136 4 111111 0
10.2606 -5.06681 -39.7529 0.746456 0.636892 -0.1928 0.247959 0.00264971 0.968767 0.61751 -0.770949 -0.155945
136 7 111111 0
96.9416 -33.4991 -42.1787 -0.419121 -0.562986 0.712309 0.860227 -0.497189 0.113193 0.290426 0.660189 0.692678
136 4 111111 0
28.1613 11.9938 -63.4181 0.33685 0.940383 -0.0470402 -0.0868807 0.0807902 0.992937 0.937541 -0.330384 0.108915
136 4 111111 0
6.72467 -2.43669 -38.5287 0.733887 0.678776 -0.0259433 0.202086 -0.181711 0.962363 0.648515 -0.711508 -0.270526
136 5 111111 0
28.6232 9.00267 -62.3002 0.258549 0.960902 0.099092 -0.0304354 -0.0944259 0.995067 0.965519 -0.260289 0.00483172
136 4 111111 0
17.989 3.09397 -54.0726 0.593865 0.783929 -0.181051 0.0859195 0.161951 0.983051 0.799964 -0.599356 0.0288223
136 7 111111 0
103.967 -25.9842 -44.5788 -0.492924 -0.675603 0.548258 0.781882 -0.620385 -0.0615141 0.38169 0.398351 0.834044
136 4 111111 0
17.989 3.09397 -54.0726 0.593865 0.783929 -0.181051 0.0859195 0.161951 0.983051 0.799964 -0.599356 0.0288223
136 7 111111 0
103.967 -25.9842 -44.5788 -0.492924 -0.675603 0.548258 0.781882 -0.620385 -0.0615141 0.38169 0.398351 0.834044
136 4 111111 0
16.5801 2.77028 -52.9228 0.545845 0.837529 -0.0244456 0.0868679 -0.0275483 0.995839 0.833371 -0.545697 -0.0877915
136 4 111111 0
16.5801 2.77028 -52.9228 0.545845 0.837529 -0.0244456 0.0868679 -0.0275483 0.995839 0.833371 -0.545697 -0.0877915
136 7 111111 0
73.6569 -52.0065 -3.94811 -0.511402 0.80695 -0.295465 0.854382 0.440564 -0.275562 -0.0921931 -0.393363 -0.914749
136 7 111111 0
73.6569 -52.0065 -3.94811 -0.511402 0.80695 -0.295465 0.854382 0.440564 -0.275562 -0.0921931 -0.393363 -0.914749
136 5 111111 0
90.5106 -37.6103 13.9742 -0.794805 0.591785 0.134443 0.474912 0.744455 -0.469304 -0.377814 -0.309157 -0.872742
136 5 111111 0
90.5106 -37.6103 13.9742 -0.794805 0.591785 0.134443 0.474912 0.744455 -0.469304 -0.377814 -0.309157 -0.872742
136 4 111111 0
3.55952 15.7173 -1.88924 0.982356 0.0801002 0.168999 -0.170401 0.0109518 0.985314 0.077073 -0.996727 0.0244077
136 4 111111 0
16.9395 26.6103 -46.7602 0.568771 0.808964 -0.148581 -0.472498 0.46923 0.746036 0.673235 -0.354119 0.649118
136 4 111111 0
1.09792 22.6489 -3.49871 0.940876 0.141498 0.307783 -0.295023 -0.104228 0.949788 0.166473 -0.984436 -0.0563203
136 4 111111 0
5.81791 14.5717 -26.4146 0.884818 0.465711 0.0145186 -0.21355 0.377642 0.90099 0.414118 -0.800312 0.433597
136 4 111111 0
5.81791 14.5717 -26.4146 0.884818 0.465711 0.0145186 -0.21355 0.377642 0.90099 0.414118 -0.800312 0.433597
136 4 111111 0
4.66337 18.6295 -27.5588 0.818141 0.562885 0.117501 -0.288588 0.225196 0.930593 0.497356 -0.795266 0.346684
136 4 111111 0
4.66337 18.6295 -27.5588 0.818141 0.562885 0.117501 -0.288588 0.225196 0.930593 0.497356 -0.795266 0.346684
136 5 111111 0
79.1797 63.3566 -20.3854 -0.0857814 -0.773335 -0.628168 -0.980144 -0.0476276 0.192481 -0.17877 0.632206 -0.753894
136 5 111111 0
118.047 23.2376 -5.18958 -0.816255 -0.503819 0.282656 -0.528475 0.848847 -0.0131109 -0.233326 -0.160078 -0.959132
136 5 111111 0
79.1797 63.3566 -20.3854 -0.0857815 -0.773335 -0.628167 -0.980144 -0.0476276 0.192481 -0.17877 0.632206 -0.753894
136 5 111111 0
118.047 23.2376 -5.18955 -0.816255 -0.503818 0.282656 -0.528475 0.848847 -0.0131107 -0.233326 -0.160078 -0.959132
136 4 111111 0
4.127 11.3301 -1.29642 0.936239 0.278295 0.214497 -0.345015 0.843673 0.411315 -0.0664984 -0.459094 0.885895
136 4 111111 0
4.127 11.3301 -1.29642 0.936239 0.278295 0.214497 -0.345015 0.843673 0.411315 -0.0664984 -0.459094 0.885895
136 5 111111 0
101.317 51.0518 -18.6373 -0.425741 -0.901039 -0.0829039 -0.902252 0.415803 0.114233 -0.0684568 0.123434 -0.989989
136 5 111111 0
101.317 51.0518 -18.6373 -0.425741 -0.901039 -0.0829039 -0.902252 0.415803 0.114233 -0.0684568 0.123434 -0.989989
136 5 111111 0
101.317 51.0518 -18.6373 -0.425741 -0.901039 -0.0829035 -0.902252 0.415803 0.114233 -0.0684571 0.123434 -0.989989
136 5 111111 0
101.317 51.0518 -18.6373 -0.425741 -0.901039 -0.0829035 -0.902252 0.415803 0.114233 -0.0684571 0.123434 -0.989989
134 5 111111 0
94.1046 -41.6881 -25.0102 -0.728961 0.617332 -0.295832 0.668389 0.735215 -0.11276 0.14789 -0.279929 -0.948561
134 4 111111 0
24.1119 7.89446 -60.5743 0.417146 0.896019 -0.152118 -0.0445782 0.187347 0.981282 0.907746 -0.402556 0.118094
134 4 111111 0
4.58701 -4.61453 -32.8739 0.789886 0.602473 -0.114485 0.218698 -0.102327 0.970413 0.572932 -0.791553 -0.212586
134 5 111111 0
23.818 5.87918 -59.3944 0.346135 0.938159 -0.00689921 -0.00387 0.00878149 0.999954 0.938177 -0.346093 0.00667026
134 4 111111 0
13.319 -0.501088 -48.4559 0.616848 0.777179 -0.124466 0.118862 0.0643405 0.990824 0.778056 -0.625982 -0.0526887
134 4 111111 0
13.319 -0.501088 -48.4559 0.616848 0.777179 -0.124466 0.118862 0.0643405 0.990824 0.778056 -0.625982 -0.0526887
134 4 111111 0
11.1132 0.542457 -47.404 0.576593 0.816389 0.0323924 0.113274 -0.11914 0.986395 0.809141 -0.565079 -0.161171
134 4 111111 0
11.1132 0.542457 -47.404 0.576593 0.816389 0.0323924 0.113274 -0.11914 0.986395 0.809141 -0.565079 -0.161171
134 5 111111 0
110.805 -16.9217 -43.0367 -0.93482 0.313454 -0.166908 0.212391 0.870172 0.444624 0.284608 0.380194 -0.880029
134 5 111111 0
110.805 -16.9217 -43.0367 -0.93482 0.313454 -0.166908 0.212391 0.870172 0.444624 0.284608 0.380194 -0.880029
134 4 111111 0
16.3748 -20.1671 -41.3409 0.683902 0.37091 -0.628255 0.321407 0.619888 0.715846 0.654962 -0.691494 0.30473
134 4 111111 0
10.6436 -18.4427 -38.1313 0.681618 0.50537 -0.529148 0.288936 0.4785 0.829188 0.672245 -0.71808 0.180135
134 4 111111 0
10.3765 -23.8102 -22.6633 0.816081 0.197561 -0.543123 0.415267 0.453149 0.788802 0.401952 -0.869267 0.287765
134 4 111111 0
10.3765 -23.8102 -22.6633 0.816081 0.197561 -0.543123 0.415267 0.453149 0.788802 0.401952 -0.869267 0.287765
134 4 111111 0
14.9522 -7.31405 12.1384 0.948911 -0.314867 -0.0206549 0.165021 0.439398 0.883005 -0.268953 -0.841301 0.46891
134 4 111111 0
59.4742 -51.1618 -12.0199 0.312407 -0.784188 0.536145 0.928145 0.372201 0.00357377 -0.202356 0.496504 0.844118
134 4 111111 0
11.4265 5.04404 -45.1556 0.745676 0.48597 -0.45585 -0.194123 0.812913 0.54908 0.637403 -0.320945 0.700508
134 4 111111 0
2.22897 8.3137 13.5687 0.978293 -0.0786261 0.191731 -0.158446 0.3125 0.93661 -0.133558 -0.946658 0.293258
134 4 111111 0
1.12047 -0.370245 -16.3995 0.952916 0.273381 -0.1312 -0.0610458 0.596764 0.800091 0.297025 -0.754411 0.585355
134 4 111111 0
1.12047 -0.370245 -16.3995 0.952916 0.273381 -0.1312 -0.0610458 0.596764 0.800091 0.297025 -0.754411 0.585355
134 5 111111 0
109.407 -25.7376 -4.87399 -0.943371 0.30553 0.129235 0.273726 0.936991 -0.217074 -0.187415 -0.169406 -0.967562
134 5 111111 0
109.407 -25.7376 -4.87399 -0.943371 0.30553 0.129235 0.273726 0.936991 -0.217074 -0.187415 -0.169406 -0.967562
134 4 111111 0
8.50342 5.31552 2.79233 0.997099 -0.0759088 0.005616 0.0101944 0.206296 0.978436 -0.0754305 -0.975541 0.206472
134 7 111111 0
65.2282 -50.5502 -27.9874 0.18614 -0.673862 0.715025 0.982478 0.120681 -0.142032 0.00941983 0.728935 0.684519
134 4 111111 0
14.6501 21.6832 -46.2463 0.623763 0.746606 -0.2313 -0.413711 0.566445 0.712729 0.663147 -0.348883 0.662207
134 4 111111 0
0.849716 19.8458 1.17709 0.957451 0.093501 0.273028 -0.274262 0.000356969 0.961655 0.0898182 -0.995619 0.0259855
134 4 111111 0
2.9867 14.4611 -24.4611 0.861451 0.505419 0.0495445 -0.243488 0.325443 0.913674 0.445664 -0.799149 0.403416
134 4 111111 0
2.9867 14.4611 -24.4611 0.861451 0.505419 0.0495445 -0.243488 0.325443 0.913674 0.445664 -0.799149 0.403416
134 4 111111 0
27.1371 -24.4669 16.0686 0.810827 -0.58363 0.043983 0.410223 0.620298 0.668541 -0.417464 -0.524029 0.742373
134 4 111111 0
47.8597 -44.8757 4.82421 0.514569 -0.802074 0.303144 0.765417 0.589021 0.259213 -0.386466 0.098648 0.917013
134 4 111111 0
16.1943 -15.8221 -45.0475 0.77388 0.0613026 -0.630358 0.122412 0.962058 0.243844 0.621389 -0.265869 0.737013
134 4 111111 0
6.19896 -20.4444 -10.9795 0.960529 -0.0918217 -0.262588 0.226644 0.805641 0.547334 0.161294 -0.585244 0.794653
134 4 111111 0
6.19896 -20.4444 -10.9795 0.960529 -0.0918217 -0.262588 0.226644 0.805641 0.547334 0.161294 -0.585244 0.794653
134 4 111111 0
37.5645 -35.9312 12.8549 0.670127 -0.726085 0.154044 0.597382 0.65077 0.468651 -0.440528 -0.222033 0.869849
134 4 111111 0
37.5645 -35.9312 12.8549 0.670127 -0.726085 0.154044 0.597382 0.65077 0.468651 -0.440528 -0.222033 0.869849
134 4 111111 0
25.4764 -28.6135 -45.8905 0.701174 -0.269637 -0.660039 0.346168 0.938045 -0.0154647 0.623316 -0.217641 0.751072
134 4 111111 0
25.4764 -28.6135 -45.8905 0.701174 -0.269637 -0.660039 0.346168 0.938045 -0.0154647 0.623316 -0.217641 0.751072
134 4 111111 0
13.5954 -22.0438 -14.6546 0.96734 -0.233165 0.0994362 0.245097 0.960433 -0.132276 -0.0646597 0.152327 0.986213
134 4 111111 0
13.5954 -22.0438 -14.6546 0.96734 -0.233165 0.0994361 0.245097 0.960433 -0.132276 -0.0646597 0.152327 0.986213
134 4 111111 0
13.5954 -22.0438 -14.6546 0.96734 -0.233165 0.0994365 0.245097 0.960433 -0.132275 -0.0646601 0.152327 0.986213
134 4 111111 0
13.5954 -22.0438 -14.6546 0.96734 -0.233165 0.0994365 0.245097 0.960433 -0.132275 -0.0646601 0.152327 0.986213
133 7 111111 0
94.984 -41.9415 -20.0776 -0.440179 -0.384225 0.81155 0.875328 0.0178049 0.483201 -0.200107 0.923068 0.328486
141 7 111111 0
36.8266 24.3518 -68.5985 0.153263 0.988165 -0.00640537 -0.301275 0.0528987 0.952069 0.94114 -0.143987 0.305817
141 4 111111 0
-1.01101 0.864643 -28.8832 0.857006 0.514711 0.0247718 0.148585 -0.292856 0.944541 0.493421 -0.805796 -0.327457
141 4 111111 0
-1.01101 0.864643 -28.8832 0.857006 0.514711 0.0247718 0.148585 -0.292856 0.944541 0.493421 -0.805796 -0.327457
141 4 111111 0
1.35342 -1.70256 -30.0827 0.874694 0.472897 -0.106198 0.181084 -0.115618 0.976648 0.449576 -0.873499 -0.186765
141 4 111111 0
1.35342 -1.70256 -30.0827 0.874694 0.472897 -0.106198 0.181084 -0.115618 0.976648 0.449576 -0.873499 -0.186765
141 4 111111 0
8.9272 25.4153 -38.3042 0.680683 0.729997 0.0614415 -0.447085 0.34751 0.824228 0.580332 -0.588508 0.562914
141 4 111111 0
0.402379 24.0015 -6.46462 0.918442 0.190144 0.346857 -0.345546 -0.0410968 0.937501 0.192515 -0.980896 0.0279585
141 4 111111 0
0.402379 24.0015 -6.46462 0.918442 0.190144 0.346857 -0.345546 -0.0410968 0.937501 0.192515 -0.980896 0.0279585
141 4 111111 0
5.82083 22.7812 -32.5736 0.809607 0.582755 0.0702345 -0.396534 0.454783 0.797454 0.432779 -0.673475 0.599278
141 5 111111 0
103.283 -31.6633 -21.6007 -0.887432 0.129454 -0.442388 0.383625 0.739491 -0.553159 0.255533 -0.660602 -0.705909
141 5 111111 0
103.283 -31.6633 -21.6007 -0.887432 0.129454 -0.442388 0.383625 0.739491 -0.553159 0.255533 -0.660602 -0.705909
141 4 111111 0
2.00856 18.409 -5.011 0.961515 0.121827 0.246266 -0.259009 0.102865 0.960382 0.0916686 -0.987207 0.130461
141 4 111111 0
2.00856 18.409 -5.011 0.961515 0.121827 0.246266 -0.259009 0.102865 0.960382 0.0916686 -0.987207 0.130461
141 4 111111 0
13.5842 17.7368 18.4413 0.910017 -0.397756 0.116876 -0.176152 -0.11578 0.97753 -0.375287 -0.910157 -0.175427
141 4 111111 0
3.96389 15.2388 -1.01073 0.974563 -0.0257395 0.222633 -0.211007 0.229371 0.950192 -0.0755228 -0.972999 0.218105
141 4 111111 0
3.96389 15.2388 -1.01073 0.974563 -0.0257395 0.222633 -0.211007 0.229371 0.950192 -0.0755228 -0.972999 0.218105
141 7 111111 0
67.9772 -51.3404 -19.549 -0.0232006 -0.131863 0.990996 0.963161 0.262704 0.0575048 -0.267922 0.955823 0.120911
141 4 111111 0
5.4165 14.4937 6.80495 0.899178 0.235437 0.368848 -0.399581 0.785366 0.472796 -0.178367 -0.572512 0.800259
141 4 111111 0
12.1492 13.1909 16.4209 0.815509 0.0614601 0.575472 -0.377866 0.809699 0.449005 -0.438363 -0.583619 0.68354
141 4 111111 0
37.0755 27.6107 34.875 0.521361 -0.441452 0.730276 -0.54847 0.482255 0.683089 -0.65373 -0.75667 0.00930525
141 4 111111 0
37.0755 27.6107 34.875 0.521361 -0.441452 0.730276 -0.54847 0.482255 0.683089 -0.65373 -0.75667 0.00930532
141 4 111111 0
32.438 -37.8834 7.80429 0.576769 -0.173837 0.798197 0.528038 0.824869 -0.201909 -0.623308 0.537933 0.567552
141 4 111111 0
54.5572 -27.0598 31.5702 0.210949 -0.153054 0.96544 0.31261 0.94636 0.0817238 -0.926162 0.284567 0.24748
141 4 111111 0
40.2817 20.4269 34.0084 0.540321 -0.534039 0.650274 -0.388874 0.52684 0.755789 -0.746211 -0.661243 0.0769893
141 4 111111 0
40.2817 20.4269 34.0084 0.540321 -0.534039 0.650274 -0.388874 0.52684 0.755789 -0.746211 -0.661243 0.0769893
141 4 111111 0
16.325 -6.82536 23.6419 0.753286 0.0329311 0.656869 -0.100683 0.992747 0.0656916 -0.649941 -0.11562 0.751138
141 4 111111 0
16.325 -6.82536 23.6419 0.753286 0.0329311 0.656869 -0.100683 0.992747 0.0656916 -0.649941 -0.11562 0.751138
141 4 111111 0
26.1545 -12.6705 23.283 0.667877 -0.103843 0.736992 0.0465683 0.994109 0.0978703 -0.742813 -0.0310449 0.668778
141 4 111111 0
26.1545 -12.6705 23.283 0.667877 -0.103843 0.736992 0.0465683 0.994109 0.0978703 -0.742813 -0.0310449 0.668778
133 7 111111 0
54.8859 36.1625 -69.1786 -0.126195 0.96082 -0.246777 -0.512473 0.149857 0.845526 0.84938 0.233167 0.473483
133 4 111111 0
29.4067 20.4691 -66.7757 0.267856 0.961219 -0.065655 -0.267235 0.139594 0.953467 0.925656 -0.237846 0.294262
133 4 111111 0
-3.42131 1.14691 -23.4553 0.904625 0.425878 -0.0167674 0.114814 -0.205618 0.971874 0.410452 -0.881107 -0.234904
133 4 111111 0
-3.42131 1.14691 -23.4553 0.904625 0.425878 -0.0167673 0.114814 -0.205618 0.971874 0.410452 -0.881107 -0.234904
133 4 111111 0
0.514332 -3.12748 -26.4021 0.902897 0.399889 -0.157688 0.177499 -0.0127341 0.984039 0.391498 -0.916475 -0.0824773
133 4 111111 0
0.514332 -3.12748 -26.4021 0.902897 0.399889 -0.157688 0.177499 -0.0127341 0.984039 0.391498 -0.916475 -0.0824773
133 7 111111 0
87.8325 -41.2593 -40.0417 -0.395299 -0.0997348 0.913122 0.911404 -0.166371 0.376383 0.114379 0.981006 0.156665
133 4 111111 0
7.74392 -22.6923 -19.3345 0.896015 -0.0132777 -0.443826 0.380248 0.539083 0.751533 0.22928 -0.842148 0.488075
133 4 111111 0
7.74392 -22.6923 -19.3345 0.896015 -0.0132777 -0.443826 0.380248 0.539083 0.751533 0.22928 -0.842148 0.488075
133 4 111111 0
52.6632 -50.8952 2.74707 0.274896 -0.517759 0.810159 0.814315 0.573382 0.0901325 -0.511198 0.634948 0.579239
133 4 111111 0
35.0058 39.0945 -57.2354 0.244592 0.811425 -0.530815 -0.706922 0.523923 0.475149 0.663654 0.259027 0.701761
133 4 111111 0
17.1169 30.4593 -49.7036 0.50393 0.838219 -0.208431 -0.575578 0.505808 0.642548 0.644022 -0.203831 0.737352
133 4 111111 0
0.378346 23.5865 -25.0994 0.809209 0.547546 0.213013 -0.436631 0.317875 0.841611 0.393109 -0.774047 0.496303
133 4 111111 0
0.5882 25.7196 4.36296 0.911563 0.0157854 0.410857 -0.411156 0.030298 0.911061 0.00193326 -0.999416 0.0341088
133 4 111111 0
0.5882 25.7196 4.36296 0.911563 0.0157854 0.410857 -0.411156 0.030298 0.911061 0.00193326 -0.999416 0.0341088
133 4 111111 0
13.0137 23.7298 22.8552 0.869635 -0.421022 0.257829 -0.32393 -0.0924946 0.941549 -0.372564 -0.902322 -0.216818
133 4 111111 0
-0.190862 18.9786 -17.474 0.910808 0.356395 0.208354 -0.354947 0.41833 0.83607 0.21081 -0.835454 0.50752
133 4 111111 0
2.3062 18.4525 4.37661 0.950634 -0.0306953 0.308793 -0.299011 0.175523 0.937968 -0.0829915 -0.983997 0.15768
133 4 111111 0
2.3062 18.4525 4.37661 0.950634 -0.0306953 0.308793 -0.299011 0.175523 0.937968 -0.0829915 -0.983997 0.15768
133 4 111111 0
27.3298 21.9858 31.6604 0.755363 -0.655306 -0.000491836 -0.212995 -0.246226 0.945519 -0.619726 -0.714105 -0.325567
133 4 111111 0
5.1597 11.106 3.633 0.973877 -0.103303 0.202218 -0.161974 0.308111 0.937461 -0.159148 -0.945725 0.28333
133 4 111111 0
5.1597 11.106 3.633 0.973877 -0.103303 0.202218 -0.161974 0.308111 0.937461 -0.159148 -0.945725 0.28333
133 7 111111 0
65.9906 -51.3693 -21.8482 0.0452419 -0.28972 0.956041 0.970916 0.237986 0.0261738 -0.235107 0.927052 0.292061
133 4 111111 0
23.7908 8.16425 23.7624 0.832453 -0.552219 -0.045554 0.0289825 -0.0387058 0.99883 -0.553337 -0.8328 -0.016216
133 4 111111 0
50.867 -38.5192 23.0119 0.345242 -0.667254 0.659985 0.568663 0.70816 0.418489 -0.746613 0.230829 0.623929
133 4 111111 0
65.0123 -39.5446 14.4704 0.178803 -0.742061 0.646046 0.685453 0.565004 0.459265 -0.705821 0.360716 0.609673
133 4 111111 0
0.968664 -12.5321 -13.0547 0.996521 0.0164927 0.081693 -0.00526716 0.990727 -0.135764 -0.0831746 0.134861 0.987367
133 4 111111 0
0.968665 -12.5321 -13.0547 0.996521 0.0164927 0.0816931 -0.00526711 0.990727 -0.135764 -0.0831747 0.134861 0.987367
133 4 111111 0
9.06932 -9.20595 19.3954 0.847865 -0.0124875 0.530066 -0.0736146 0.987268 0.141008 -0.525078 -0.158577 0.83615
133 4 111111 0
9.06932 -9.20595 19.3954 0.847864 -0.0124875 0.530066 -0.0736146 0.987268 0.141008 -0.525078 -0.158576 0.83615
133 4 111111 0
10.8131 -17.7558 5.40723 0.890139 -0.0926353 0.446173 0.114047 0.993247 -0.0213108 -0.441186 0.0698544 0.894693
133 4 111111 0
10.8131 -17.7558 5.40724 0.890139 -0.0926354 0.446173 0.114047 0.993247 -0.0213108 -0.441186 0.0698545 0.894693
133 4 111111 0
34.3013 -7.18899 36.499 0.533414 -0.262468 0.804102 -0.0627911 0.935729 0.347086 -0.843521 -0.235631 0.48265
133 4 111111 0
34.3013 -7.18899 36.499 0.533414 -0.262468 0.804102 -0.0627911 0.935729 0.347086 -0.843521 -0.235631 0.48265
133 4 111111 0
49.4819 -9.02848 35.9278 0.375757 -0.445484 0.81262 0.0362506 0.883273 0.467455 -0.926009 -0.146191 0.348045
133 4 111111 0
49.4819 -9.02848 35.9278 0.375757 -0.445484 0.81262 0.0362506 0.883273 0.467455 -0.926009 -0.146191 0.348045
149 7 111111 0
90.4208 67.7944 -37.3013 -0.668394 0.537109 0.514552 -0.582826 -0.807997 0.0863384 0.46213 -0.242186 0.853101
149 7 111111 0
90.4208 67.7944 -37.3013 -0.668393 0.537109 0.514552 -0.582826 -0.807997 0.0863384 0.46213 -0.242186 0.853101
149 6 111111 0
86.9501 74.989 9.26323 -0.636956 0.769568 0.0452917 -0.720874 -0.573774 -0.388747 -0.27318 -0.280265 0.92023
149 6 111111 0
86.9501 74.989 9.26322 -0.636956 0.769568 0.0452917 -0.720874 -0.573774 -0.388747 -0.27318 -0.280265 0.920231
149 7 111111 0
91.8829 74.6727 -14.2877 -0.703543 0.654423 0.277052 -0.703301 -0.697107 -0.139321 0.10196 -0.292869 0.950701
149 7 111111 0
91.8829 74.6727 -14.2877 -0.703543 0.654423 0.277052 -0.703301 -0.697107 -0.139321 0.10196 -0.292869 0.950701
149 6 111111 0
91.8829 74.6727 -14.2877 -0.703543 0.654423 0.277052 -0.703301 -0.697107 -0.139321 0.10196 -0.292869 0.950701
149 6 111111 0
91.8829 74.6727 -14.2877 -0.703543 0.654423 0.277052 -0.703301 -0.697107 -0.139321 0.10196 -0.292869 0.950701
149 7 111111 0
24.3414 -3.94791 -58.7001 0.393856 0.598071 0.697989 0.572546 -0.753685 0.322722 0.719075 0.272525 -0.639266
149 7 111111 0
24.3414 -3.94791 -58.7001 0.393856 0.598071 0.697989 0.572546 -0.753685 0.322722 0.719075 0.272525 -0.639266
149 7 111111 0
39.7508 21.4964 -73.3048 0.156251 0.52919 0.833992 0.177988 -0.845627 0.503225 0.971548 0.0698113 -0.22632
149 7 111111 0
39.7508 21.4964 -73.3048 0.156251 0.52919 0.833992 0.177988 -0.845627 0.503225 0.971548 0.0698113 -0.22632
149 7 111111 0
59.8298 52.771 -69.215 -0.162264 0.526955 0.834259 -0.320292 -0.827812 0.460586 0.933318 -0.19247 0.303104
149 7 111111 0
59.8298 52.771 -69.215 -0.162264 0.526955 0.834259 -0.320292 -0.827812 0.460586 0.933318 -0.19247 0.303104
149 7 111111 0
28.7416 1.27934 -63.8443 0.319103 0.784683 0.531456 0.512627 -0.614568 0.599599 0.797111 0.0811053 -0.598361
149 7 111111 0
28.7416 1.27934 -63.8443 0.319103 0.784683 0.531456 0.512627 -0.614568 0.599599 0.797111 0.0811053 -0.598361
149 7 111111 0
52.5319 -30.0226 -18.2904 -0.075428 0.981507 0.175942 0.995778 0.0648866 0.0649242 0.0523073 0.180096 -0.982257
149 6 111111 0
52.5319 -30.0226 -18.2904 -0.075428 0.981507 0.175942 0.995778 0.0648866 0.0649242 0.0523073 0.180096 -0.982257
149 7 111111 0
52.5319 -30.0226 -18.2904 -0.075428 0.981507 0.175942 0.995778 0.0648866 0.0649242 0.0523073 0.180096 -0.982257
149 6 111111 0
52.5319 -30.0226 -18.2904 -0.075428 0.981507 0.175942 0.995778 0.0648866 0.0649242 0.0523073 0.180096 -0.982257
149 7 111111 0
3.60948 34.2965 2.18351 0.971738 -0.0180792 -0.235369 -0.000505217 -0.99722 0.0745127 -0.236061 -0.0722879 -0.969046
149 7 111111 0
3.60948 34.2965 2.18351 0.971738 -0.0180792 -0.235369 -0.000505217 -0.99722 0.0745127 -0.236061 -0.0722879 -0.969046
149 6 111111 0
79.3714 4.62177 43.2606 -0.408451 0.519579 0.75047 0.100456 0.842774 -0.52881 -0.907236 -0.140604 -0.396427
149 6 111111 0
14.5092 43.6972 17.7238 0.72208 0.413678 -0.5545 -0.176065 -0.665243 -0.725571 -0.66903 0.621549 -0.407525
149 7 111111 0
9.02237 54.9022 -20.9666 0.774607 0.270661 0.5716 -0.574292 -0.0775395 0.81497 0.264902 -0.959547 0.0953755
151 7 111111 0
92.2325 9.69189 -69.8525 -0.647614 0.663121 0.375323 0.15006 -0.37193 0.916051 0.747047 0.649568 0.141359
151 7 111111 0
92.2325 9.69189 -69.8525 -0.647614 0.663121 0.375323 0.15006 -0.37193 0.916051 0.747047 0.649568 0.141359
151 7 111111 0
92.2325 9.69189 -69.8525 -0.647614 0.663121 0.375323 0.15006 -0.37193 0.916051 0.747047 0.649568 0.141359
151 7 111111 0
92.2325 9.69189 -69.8525 -0.647614 0.663121 0.375323 0.15006 -0.37193 0.916051 0.747047 0.649568 0.141359
151 6 111111 0
68.9104 -31.9714 27.0922 -0.16251 0.0740467 -0.983925 0.842032 -0.509419 -0.177411 -0.514366 -0.857327 0.0204357
151 6 111111 0
68.9104 -31.9714 27.0922 -0.16251 0.0740466 -0.983925 0.842032 -0.509419 -0.177411 -0.514366 -0.857327 0.0204358
151 6 111111 0
68.9104 -31.9714 27.0922 -0.16251 0.0740467 -0.983925 0.842032 -0.509419 -0.177411 -0.514366 -0.857327 0.0204357
151 6 111111 0
68.9104 -31.9714 27.0922 -0.16251 0.0740466 -0.983925 0.842032 -0.509419 -0.177411 -0.514366 -0.857327 0.0204358
151 4 111111 0
51.2213 -28.6336 37.956 0.0660479 0.0352264 -0.997194 0.766347 -0.641812 0.0280857 -0.639022 -0.766052 -0.069386
151 4 111111 0
51.2213 -28.6336 37.956 0.0660479 0.0352263 -0.997194 0.766347 -0.641812 0.0280858 -0.639022 -0.766052 -0.0693859
151 4 111111 0
51.2213 -28.6336 37.956 0.0660479 0.0352264 -0.997194 0.766347 -0.641812 0.0280857 -0.639022 -0.766052 -0.069386
151 4 111111 0
51.2213 -28.6336 37.956 0.0660479 0.0352263 -0.997194 0.766347 -0.641812 0.0280858 -0.639022 -0.766052 -0.0693859
151 5 111111 0
111.107 11.6215 26.9951 -0.82626 0.0328663 0.562329 -0.277503 0.844996 -0.457137 -0.49019 -0.533762 -0.689066
151 5 111111 0
111.107 11.6215 26.9951 -0.82626 0.0328664 0.562329 -0.277503 0.844996 -0.457137 -0.49019 -0.533762 -0.689066
151 4 111111 0
8.34317 17.7468 -14.567 0.920595 0.390334 -0.0120252 -0.190562 0.475888 0.858613 0.340869 -0.788143 0.512483
151 4 111111 0
8.34317 17.7468 -14.567 0.920595 0.390334 -0.012025 -0.190562 0.475888 0.858613 0.340869 -0.788143 0.512483
151 4 111111 0
6.8158 23.0194 -16.0346 0.855923 0.509563 0.0879826 -0.284491 0.321951 0.903002 0.43181 -0.797931 0.420532
151 4 111111 0
6.8158 23.0194 -16.0346 0.855923 0.509563 0.0879828 -0.284491 0.321951 0.903002 0.43181 -0.797931 0.420531
151 5 111111 0
96.6578 59.2987 -16.9391 -0.278992 -0.95998 -0.0245207 -0.959148 0.277322 0.0559305 -0.0468921 0.0391232 -0.998134
151 5 111111 0
96.6578 59.2987 -16.9391 -0.278992 -0.95998 -0.0245207 -0.959148 0.277322 0.0559305 -0.0468921 0.0391232 -0.998134
151 5 111111 0
96.6578 59.2987 -16.9391 -0.278992 -0.95998 -0.0245207 -0.959148 0.277322 0.0559305 -0.0468921 0.0391232 -0.998134
151 5 111111 0
96.6578 59.2987 -16.9391 -0.278992 -0.95998 -0.0245207 -0.959148 0.277322 0.0559305 -0.0468921 0.0391232 -0.998134
151 4 111111 0
6.50341 -11.6037 -7.93225 0.998009 -0.0249722 0.0579092 0.0312852 0.993349 -0.110809 -0.0547569 0.1124 0.992153
151 4 111111 0
6.50341 -11.6037 -7.93225 0.998009 -0.0249722 0.0579092 0.0312852 0.993349 -0.110809 -0.0547569 0.1124 0.992153
151 4 111111 0
6.50341 -11.6037 -7.93223 0.998009 -0.0249721 0.0579094 0.0312852 0.993349 -0.110808 -0.0547572 0.112399 0.992153
151 4 111111 0
6.50341 -11.6037 -7.93223 0.998009 -0.0249721 0.0579094 0.0312852 0.993349 -0.110808 -0.0547572 0.112399 0.992153
149 7 111111 0
59.2516 -35.9587 -4.10662 -0.0623028 0.482151 0.87387 0.915575 0.376146 -0.142259 -0.397293 0.79123 -0.46488
149 6 111111 0
5.52519 22.5889 4.36513 0.923046 0.204393 -0.325897 0.262122 -0.954239 0.143944 -0.281562 -0.218292 -0.934383
149 7 111111 0
59.2516 -35.9587 -4.10661 -0.0623028 0.482151 0.87387 0.915575 0.376146 -0.142259 -0.397293 0.79123 -0.46488
149 6 111111 0
5.52519 22.5889 4.36513 0.923046 0.204393 -0.325897 0.262122 -0.954239 0.143944 -0.281562 -0.218292 -0.934383
149 5 111111 0
1.6481 35.6649 -13.8578 0.983418 0.0797045 0.162898 -0.12592 -0.346314 0.929629 0.130509 -0.934726 -0.330535
149 7 111111 0
62.4918 58.8413 -51.1972 -0.251305 0.940032 -0.23062 -0.711363 -0.017803 0.7026 0.65636 0.340621 0.673178
149 7 111111 0
0.0757661 25.8386 -34.5249 0.822413 0.384703 0.419094 -0.0886366 -0.641039 0.762373 0.561943 -0.664133 -0.4931
149 7 111111 0
33.3694 11.2599 -56.2211 0.247506 0.959511 0.134464 0.176941 -0.181211 0.967396 0.952593 -0.215644 -0.214627
149 7 111111 0
15.1911 36.2243 -52.4671 0.508813 0.693435 0.510154 -0.311663 -0.404023 0.860018 0.802481 -0.596585 0.0105462
149 7 111111 0
47.4538 31.8526 -62.2065 0.0336767 0.988897 -0.144738 -0.222747 0.148604 0.963483 0.974294 -0.000206858 0.225279
149 7 111111 0
48.9306 61.6834 -52.8119 -0.0707081 0.985562 0.153844 -0.758141 -0.153328 0.633809 0.648246 -0.0718201 0.758036
149 6 111111 0
122.909 19.906 -14.4005 -0.969721 -0.23902 0.0501131 0.0503537 -0.396476 -0.916663 0.238969 -0.886384 0.396507
149 6 111111 0
65.2067 75.2809 -30.0293 -0.280636 0.897019 -0.341468 -0.943844 -0.193281 0.267959 0.174365 0.397491 0.900887
149 7 111111 0
119.225 16.0749 -32.6972 -0.867809 -0.467317 0.168884 0.140934 -0.557401 -0.818194 0.476492 -0.686235 0.549579
149 6 111111 0
58.7214 69.6235 -43.2826 -0.209659 0.97405 -0.0852628 -0.87525 -0.148089 0.460443 0.435868 0.171162 0.883585
149 7 111111 0
119.225 16.0749 -32.6972 -0.867809 -0.467317 0.168884 0.140934 -0.557401 -0.818194 0.476492 -0.686235 0.549579
149 6 111111 0
58.7214 69.6235 -43.2826 -0.209659 0.97405 -0.0852629 -0.87525 -0.148089 0.460443 0.435868 0.171162 0.883585
149 6 111111 0
7.12554 20.5897 20.8495 0.88363 0.0262261 -0.46745 0.139616 -0.967763 0.209623 -0.446884 -0.250493 -0.858806
149 6 111111 0
7.12554 20.5897 20.8495 0.88363 0.0262261 -0.46745 0.139616 -0.967763 0.209623 -0.446884 -0.250493 -0.858806
149 7 111111 0
-2.9989 16.8233 -18.8268 0.956973 0.269923 0.106509 0.0920699 -0.630525 0.770689 0.275183 -0.727722 -0.628247
149 7 111111 0
3.44074 27.2768 -40.3943 0.784907 0.528191 0.323936 -0.144392 -0.352487 0.92461 0.602554 -0.772507 -0.200403
149 6 111111 0
12.8375 9.15954 20.858 0.801182 0.179842 -0.570757 0.368094 -0.900099 0.233085 -0.471819 -0.396836 -0.787342
149 6 111111 0
12.8375 9.15954 20.858 0.801182 0.179842 -0.570757 0.368094 -0.900099 0.233085 -0.471819 -0.396836 -0.787342
149 6 111111 0
0.0296988 10.5793 -21.5478 0.938738 0.34059 -0.0526287 0.199179 -0.411554 0.889354 0.281245 -0.845353 -0.45418
149 7 111111 0
84.7389 -35.1768 -20.9523 -0.474776 0.570747 0.669952 0.874275 0.393333 0.284485 -0.101145 0.72079 -0.685735
149 6 111111 0
21.7743 -1.87247 18.6257 0.65376 0.347189 -0.672352 0.607385 -0.770704 0.192613 -0.451311 -0.534299 -0.714732
149 7 111111 0
84.7389 -35.1768 -20.9522 -0.474776 0.570747 0.669952 0.874275 0.393333 0.284485 -0.101145 0.72079 -0.685735
149 6 111111 0
21.7743 -1.87246 18.6257 0.65376 0.347189 -0.672352 0.607385 -0.770704 0.192613 -0.451311 -0.534299 -0.714732
149 7 111111 0
8.42527 -16.657 -36.4054 0.626575 0.779248 0.0132886 0.548509 -0.453028 0.702782 0.553662 -0.433057 -0.711281
149 7 111111 0
34.4108 1.12218 -68.5656 0.161166 0.94792 0.274723 0.220464 -0.305907 0.926184 0.961988 -0.0887025 -0.258284
149 7 111111 0
95.3714 48.1597 -51.0869 -0.730121 0.682103 -0.0407209 -0.479871 -0.469404 0.741204 0.486463 0.56071 0.670043
149 7 111111 0
95.3714 48.1597 -51.0869 -0.730121 0.682103 -0.0407209 -0.479871 -0.469404 0.741204 0.486463 0.56071 0.670043
149 7 111111 0
67.8985 -46.8684 -23.0676 -0.317007 0.862273 0.394959 0.943202 0.242989 0.226552 0.0993788 0.444345 -0.890327
149 6 111111 0
24.2184 -18.8388 25.0975 0.55241 0.371015 -0.746453 0.705346 -0.685263 0.181388 -0.444219 -0.626708 -0.640239
149 7 111111 0
67.8985 -46.8684 -23.0676 -0.317007 0.862273 0.394959 0.943202 0.242989 0.226552 0.0993788 0.444344 -0.890327
149 6 111111 0
24.2184 -18.8388 25.0975 0.55241 0.371014 -0.746453 0.705346 -0.685263 0.181388 -0.444219 -0.626708 -0.640239
149 7 111111 0
84.658 -23.123 -59.0996 -0.474762 0.250952 0.843578 0.704331 -0.46641 0.535145 0.527749 0.848224 0.0446803
149 7 111111 0
15.5168 -15.7523 -45.7333 0.553746 0.824226 -0.118395 0.518028 -0.229675 0.823952 0.65193 -0.517592 -0.554154
149 7 111111 0
106.215 -0.93565 -56.9115 -0.712544 -0.179567 0.67826 0.454243 -0.85482 0.250893 0.534738 0.486867 0.690663
149 7 111111 0
39.3177 14.1226 -74.5587 0.125944 0.983732 0.128101 0.0117076 -0.130594 0.991367 0.991968 -0.123357 -0.0279646
149 7 111111 0
80.804 -38.5407 -36.395 -0.473346 0.83908 0.268121 0.841245 0.340328 0.4201 0.261249 0.424408 -0.866964
149 6 111111 0
37.1187 -26.4363 17.9977 0.374128 0.433421 -0.819862 0.853411 -0.506887 0.121472 -0.362929 -0.745126 -0.559527
149 7 111111 0
80.804 -38.5407 -36.395 -0.473346 0.83908 0.268121 0.841245 0.340328 0.4201 0.261249 0.424408 -0.866964
149 6 111111 0
37.1187 -26.4363 17.9977 0.374128 0.433421 -0.819862 0.853411 -0.506887 0.121471 -0.362929 -0.745126 -0.559527
149 6 111111 0
49.6046 72.7116 15.9678 0.0419055 0.415989 0.908404 -0.949973 0.298243 -0.0927523 -0.309509 -0.859072 0.407676
149 6 111111 0
49.6046 72.7116 15.9678 0.0419055 0.415989 0.908404 -0.949973 0.298243 -0.0927524 -0.309509 -0.859072 0.407676
149 6 111111 0
42.8714 34.7708 42.2206 0.157168 0.56909 0.807115 -0.36976 0.791735 -0.486244 -0.915738 -0.222017 0.334862
149 6 111111 0
20.7454 25.8635 30.7015 0.493596 0.724204 0.48155 -0.175393 0.625218 -0.760486 -0.851821 0.290913 0.435626
149 6 111111 0
32.5022 31.1359 38.3152 0.310014 0.654218 0.689847 -0.298431 0.755885 -0.582732 -0.902679 -0.0252169 0.429574
149 6 111111 0
32.5022 31.1359 38.3152 0.310014 0.654218 0.689847 -0.298431 0.755885 -0.582732 -0.902679 -0.0252169 0.429574
149 4 111111 0
63.5912 64.24 21.5995 -0.0600563 -0.0995618 0.993217 -0.930697 0.365263 -0.0196613 -0.360828 -0.925565 -0.114598
149 5 111111 0
63.5913 64.2401 21.5994 -0.0600567 -0.0995637 0.993217 -0.930697 0.365262 -0.0196612 -0.360827 -0.925565 -0.1146
149 4 111111 0
63.5913 64.24 21.5995 -0.0600567 -0.0995632 0.993217 -0.930697 0.365262 -0.0196612 -0.360827 -0.925565 -0.1146
149 5 111111 0
63.5913 64.2401 21.5994 -0.060057 -0.0995651 0.993217 -0.930698 0.365261 -0.0196611 -0.360826 -0.925565 -0.114602
149 5 111111 0
88.8926 53.4977 25.8046 -0.461766 -0.0716269 0.884105 -0.773932 0.519507 -0.362135 -0.43336 -0.851459 -0.295325
149 4 111111 0
13.1656 52.7588 2.07343 0.779891 0.361657 0.510857 -0.621357 0.349015 0.701501 0.0754062 -0.864519 0.496912
149 4 111111 0
31.3816 54.8945 18.9879 0.472292 0.0309608 0.880898 -0.77767 0.485091 0.399896 -0.414935 -0.873916 0.253182
149 5 111111 0
91.0937 62.4549 15.506 -0.389945 -0.352613 0.850651 -0.859472 0.470957 -0.198767 -0.330532 -0.808618 -0.486708
149 6 111111 0
8.26922 45.2542 -20.8056 0.894075 0.132205 -0.427962 -0.41274 -0.127985 -0.901812 -0.173997 0.982925 -0.0598618
149 6 111111 0
10.1044 35.9712 8.15379 0.709835 0.64685 0.278782 -0.480205 0.733968 -0.480306 -0.515303 0.207066 0.831617
149 6 111111 0
10.1044 35.9712 8.15379 0.709835 0.64685 0.278782 -0.480205 0.733968 -0.480306 -0.515303 0.207066 0.831617
149 6 111111 0
41.9209 -15.96 26.1927 0.283137 0.282152 0.916637 0.395183 0.836521 -0.379557 -0.873879 0.469706 0.125348
149 6 111111 0
41.9209 -15.96 26.1928 0.283137 0.282152 0.916637 0.395183 0.836521 -0.379557 -0.873879 0.469706 0.125348
149 4 111111 0
16.727 43.9373 -35.2739 0.514997 0.821952 0.243255 -0.575018 0.120807 0.809172 0.635714 -0.556598 0.534852
149 5 111111 0
103.951 17.4969 35.2844 -0.811706 0.319602 0.488864 -0.230139 0.59427 -0.770635 -0.536813 -0.738036 -0.40882
149 4 111111 0
9.61437 35.9037 -26.9316 0.744908 0.591883 0.307875 -0.352722 -0.042317 0.934771 0.566304 -0.804912 0.177248
149 5 111111 0
120.857 25.882 -3.18727 -0.951479 -0.196992 0.236392 -0.28591 0.281938 -0.915842 0.113766 -0.938991 -0.324581
149 4 111111 0
16.932 39.4425 -37.1844 0.607376 0.790725 -0.0764679 -0.50771 0.460405 0.728188 0.611003 -0.403461 0.681098
149 6 111111 0
27.6588 60.663 -31.4701 0.30119 0.940758 -0.155751 -0.916339 0.330737 0.22569 0.263832 0.0747449 0.961668
149 6 111111 0
27.6588 60.663 -31.4701 0.30119 0.940758 -0.155751 -0.916339 0.330737 0.22569 0.263832 0.0747449 0.961668
149 6 111111 0
45.1755 -30.6085 32.292 0.121991 0.427343 0.895821 0.516559 0.743357 -0.424956 -0.847517 0.514585 -0.130065
149 6 111111 0
45.1755 -30.6085 32.292 0.121991 0.427343 0.895821 0.516559 0.743357 -0.424956 -0.847517 0.514585 -0.130065
149 5 111111 0
93.2208 5.83833 41.9756 -0.619171 0.38309 0.68547 -0.0769265 0.839135 -0.538456 -0.781479 -0.386127 -0.490099
149 4 111111 0
6.95343 29.2393 -18.5623 0.884856 0.410795 0.219721 -0.137724 -0.219892 0.965753 0.445042 -0.884814 -0.137996
149 5 111111 0
115.439 26.7874 18.2244 -0.881951 0.0315788 0.470282 -0.351801 0.619918 -0.701383 -0.313685 -0.784031 -0.535628
149 4 111111 0
10.8761 29.8541 -29.6874 0.790437 0.612479 0.00884792 -0.265105 0.329039 0.90634 0.552203 -0.71875 0.422456
149 4 111111 0
14.5182 53.4487 -22.9422 0.570005 0.759338 0.313847 -0.798001 0.420657 0.431559 0.195677 -0.49644 0.845729
149 5 111111 0
118.325 36.4714 -32.8647 -0.780103 -0.577029 0.24182 -0.388223 0.143344 -0.910349 0.490634 -0.804046 -0.335839
149 6 111111 0
32.1422 67.2702 -22.507 0.3491 0.731272 -0.585979 -0.935324 0.233591 -0.265714 -0.0574299 0.640841 0.765522
149 7 111111 0
56.8622 -35.4833 22.1815 -0.0057497 0.347814 0.937546 0.645888 0.717048 -0.262052 -0.76341 0.604043 -0.228772
149 4 111111 0
23.3638 50.0736 15.7578 0.794527 -0.547697 -0.262211 -0.41734 -0.806197 0.419372 -0.441083 -0.223772 -0.869122
149 7 111111 0
56.8622 -35.4833 22.1815 -0.00574976 0.347814 0.937546 0.645888 0.717048 -0.262052 -0.76341 0.604043 -0.228772
149 4 111111 0
23.3638 50.0736 15.7578 0.794527 -0.547697 -0.262211 -0.41734 -0.806197 0.419372 -0.441083 -0.223772 -0.869122
149 7 111111 0
32.7212 -38.3936 -37.764 0.497351 -0.170998 0.85053 0.86361 0.00426498 -0.504142 0.0825799 0.985262 0.149797
149 4 111111 0
10.3738 40.3219 4.51898 0.89302 -0.23142 0.385953 -0.428714 -0.176742 0.885984 -0.136821 -0.956664 -0.257047
149 5 111111 0
102.155 9.1423 34.0918 -0.680222 0.2058 0.703522 -0.102368 0.9237 -0.369186 -0.725823 -0.323147 -0.607254
149 6 111111 0
33.6937 64.6143 7.27196 0.569858 -0.126742 -0.81191 -0.626308 -0.706619 -0.329284 -0.531977 0.696151 -0.482052
149 4 111111 0
7.50184 41.8905 -7.52908 0.834469 0.207611 0.510449 -0.550892 0.291831 0.78189 0.0133644 -0.933666 0.357895
149 7 111111 0
70.3248 -36.3815 10.9861 -0.165723 0.262253 0.950663 0.736558 0.673925 -0.0575116 -0.655758 0.690687 -0.304849
149 4 111111 0
22.5641 41.9631 19.0128 0.821797 -0.418196 -0.38699 -0.203814 -0.85001 0.48574 -0.53208 -0.320306 -0.78377
149 7 111111 0
70.3248 -36.3815 10.9861 -0.165723 0.262253 0.950663 0.736558 0.673925 -0.0575116 -0.655758 0.690687 -0.304849
149 4 111111 0
22.5641 41.9631 19.0128 0.821797 -0.418196 -0.38699 -0.203814 -0.85001 0.48574 -0.53208 -0.320305 -0.78377
149 7 111111 0
42.4885 -32.464 -51.8861 0.368263 -0.14502 0.918342 0.892005 -0.223376 -0.392976 0.262125 0.963884 0.0470979
149 4 111111 0
9.98961 31.7152 5.6312 0.942194 -0.227162 0.246309 -0.254888 -0.00876374 0.966931 -0.217491 -0.973818 -0.0661579
149 4 111111 0
20.3743 16.1025 -50.6797 0.45167 0.887906 0.0872753 -0.107505 -0.0429459 0.993277 0.885685 -0.458016 0.0760566
149 4 111111 0
-3.5337 24.0634 -10.1833 0.953133 0.115935 0.279457 -0.208295 -0.418463 0.884026 0.219432 -0.900804 -0.374703
149 4 111111 0
2.99462 26.8401 -36.3556 0.744702 0.574572 0.339538 -0.31599 -0.144563 0.937684 0.587852 -0.805586 0.0739024
149 7 111111 0
101.867 -19.8127 -49.5535 -0.48187 -0.871909 -0.0870371 0.544548 -0.220161 -0.809319 0.68649 -0.437383 0.580885
149 6 111111 0
40.1527 47.8446 -57.7484 0.0883857 0.990982 -0.100715 -0.697361 0.133759 0.704128 0.71125 0.00799953 0.702894
149 5 111111 0
114.67 -11.7331 -36.2553 -0.726805 -0.641272 -0.246018 0.395258 -0.0975706 -0.913373 0.561717 -0.761085 0.324383
149 6 111111 0
56.4351 57.6682 -51.9241 -0.136062 0.912062 -0.386819 -0.836883 0.103147 0.537576 0.530202 0.396866 0.749255
149 5 111111 0
108.909 -15.4292 -43.7302 -0.610492 -0.771579 -0.17879 0.466918 -0.168271 -0.868143 0.639756 -0.613474 0.462992
149 6 111111 0
48.5866 52.8864 -55.874 -0.0326202 0.969751 -0.241906 -0.771704 0.129371 0.622684 0.635145 0.206992 0.744141
149 5 111111 0
108.909 -15.4292 -43.7302 -0.610492 -0.771579 -0.17879 0.466918 -0.168271 -0.868143 0.639756 -0.613475 0.462992
149 6 111111 0
48.5866 52.8864 -55.874 -0.0326202 0.969751 -0.241906 -0.771704 0.129371 0.622684 0.635145 0.206992 0.744141
149 7 111111 0
66.3057 -47.2785 13.7956 -0.216007 0.444895 0.869143 0.795084 0.596824 -0.1079 -0.566729 0.667735 -0.482647
149 7 111111 0
66.3057 -47.2785 13.7956 -0.216007 0.444895 0.869143 0.795084 0.596824 -0.1079 -0.566729 0.667735 -0.482647
149 4 111111 0
-0.0899212 17.2972 1.62626 0.997183 -0.0549669 0.0510415 -0.0690766 -0.40766 0.910517 -0.0292408 -0.911478 -0.410308
149 4 111111 0
-0.847694 20.5325 -24.795 0.907751 0.362144 0.211754 -0.197459 -0.0765105 0.977321 0.370133 -0.928977 0.00205631
149 7 111111 0
78.9707 -45.9378 0.538808 -0.362026 0.395564 0.844077 0.826907 0.554271 0.0949114 -0.430304 0.732334 -0.527755
149 4 111111 0
28.0113 22.8828 34.0076 0.701952 -0.370554 -0.608238 0.0165236 -0.845295 0.534045 -0.712033 -0.384924 -0.587233
149 7 111111 0
78.9707 -45.9378 0.538811 -0.362026 0.395564 0.844077 0.826907 0.554271 0.0949114 -0.430304 0.732334 -0.527755
149 4 111111 0
28.0113 22.8828 34.0076 0.701952 -0.370554 -0.608238 0.0165235 -0.845295 0.534045 -0.712033 -0.384924 -0.587233
149 7 111111 0
63.8105 -45.1432 -43.8391 0.000860581 -0.194071 0.980987 0.983444 -0.177599 -0.0359975 0.181208 0.964777 0.190705
149 4 111111 0
2.49961 9.20425 -2.11827 0.996999 -0.0125125 -0.0763984 0.071594 -0.226447 0.971389 -0.0294547 -0.973943 -0.224871
149 7 111111 0
92.3656 -39.5935 -12.8966 -0.524072 0.345229 0.778566 0.802765 0.505564 0.316185 -0.284459 0.790709 -0.54209
149 4 111111 0
32.9367 13.7046 32.7193 0.639541 -0.248279 -0.72756 0.240962 -0.833978 0.496405 -0.730017 -0.492786 -0.473538
149 7 111111 0
92.3656 -39.5935 -12.8966 -0.524072 0.345229 0.778566 0.802765 0.505564 0.316185 -0.284459 0.790709 -0.54209
149 4 111111 0
32.9367 13.7046 32.7193 0.639541 -0.248279 -0.72756 0.240962 -0.833978 0.496405 -0.730017 -0.492786 -0.473538
149 4 111111 0
63.5912 64.24 21.5995 -0.0600563 -0.0995618 0.993217 -0.930697 0.365263 -0.0196613 -0.360828 -0.925565 -0.114598
149 5 111111 0
63.5913 64.2401 21.5994 -0.0600567 -0.0995637 0.993217 -0.930697 0.365262 -0.0196612 -0.360827 -0.925565 -0.1146
149 4 111111 0
63.5913 64.24 21.5995 -0.0600567 -0.0995632 0.993217 -0.930697 0.365262 -0.0196612 -0.360827 -0.925565 -0.1146
149 5 111111 0
63.5913 64.2401 21.5994 -0.060057 -0.0995651 0.993217 -0.930698 0.365261 -0.0196611 -0.360826 -0.925565 -0.114602
149 4 111111 0
60.8437 61.5949 25.2929 0.0512729 -0.207823 0.976822 -0.867198 0.475846 0.146757 -0.495317 -0.854623 -0.155826
149 5 111111 0
60.8437 61.595 25.2929 0.0512727 -0.207825 0.976821 -0.867199 0.475845 0.146758 -0.495315 -0.854623 -0.155828
149 4 111111 0
60.8437 61.595 25.2929 0.0512727 -0.207825 0.976821 -0.867199 0.475845 0.146758 -0.495315 -0.854623 -0.155828
149 5 111111 0
60.8438 61.5951 25.2928 0.0512725 -0.207826 0.976821 -0.8672 0.475843 0.146758 -0.495314 -0.854624 -0.155829
149 4 111111 0
58.1302 58.4364 28.609 0.162808 -0.342018 0.925482 -0.765285 0.548274 0.337245 -0.622762 -0.763164 -0.172478
149 4 111111 0
58.1302 58.4365 28.6089 0.162808 -0.34202 0.925482 -0.765286 0.548272 0.337245 -0.62276 -0.763165 -0.17248
149 5 111111 0
58.1302 58.4365 28.6089 0.162808 -0.34202 0.925481 -0.765287 0.548271 0.337246 -0.62276 -0.763165 -0.172481
149 5 111111 0
58.1302 58.4366 28.6088 0.162808 -0.342022 0.925481 -0.765288 0.548269 0.337246 -0.622758 -0.763166 -0.172483
149 7 111111 0
4.64826 22.6192 -38.0163 0.995289 -0.0409783 0.0878676 0.0703456 -0.318447 -0.945327 0.0667191 0.947055 -0.314064
149 6 111111 0
4.64823 22.6192 -38.0162 0.995289 -0.0409769 0.0878681 0.0703467 -0.318445 -0.945328 0.0667177 0.947055 -0.314062
149 7 111111 0
4.64826 22.6192 -38.0163 0.995289 -0.0409783 0.0878676 0.0703456 -0.318447 -0.945327 0.0667191 0.947055 -0.314064
149 6 111111 0
4.64823 22.6192 -38.0162 0.995289 -0.0409769 0.0878681 0.0703467 -0.318445 -0.945328 0.0667177 0.947055 -0.314062
149 4 111111 0
37.7036 55.7161 34.5804 0.403244 0.0612475 0.913041 -0.832738 0.438231 0.338381 -0.379398 -0.896773 0.227717
149 4 111111 0
37.7036 55.7161 34.5804 0.403244 0.0612475 0.913041 -0.832738 0.438231 0.338381 -0.379398 -0.896773 0.227717
149 4 111111 0
37.7036 55.7161 34.5804 0.403244 0.0612475 0.913041 -0.832738 0.438231 0.338381 -0.379398 -0.896773 0.227717
149 4 111111 0
37.7036 55.7161 34.5804 0.403244 0.0612475 0.913041 -0.832738 0.438231 0.338381 -0.379398 -0.896773 0.227717
149 4 111111 0
37.7036 55.7161 34.5804 0.403244 0.0612475 0.913041 -0.832738 0.438231 0.338381 -0.379398 -0.896773 0.227717
149 4 111111 0
37.7036 55.7161 34.5804 0.403244 0.0612475 0.913041 -0.832738 0.438231 0.338381 -0.379398 -0.896773 0.227717
149 4 111111 0
37.7036 55.7161 34.5804 0.403244 0.0612475 0.913041 -0.832738 0.438231 0.338381 -0.379398 -0.896773 0.227717
149 4 111111 0
37.7036 55.7161 34.5804 0.403244 0.0612475 0.913041 -0.832738 0.438231 0.338381 -0.379398 -0.896773 0.227717
149 5 111111 0
68.5222 51.3192 31.0226 -0.0871659 -0.284451 0.95472 -0.856682 0.510525 0.073892 -0.508427 -0.81145 -0.288185
149 5 111111 0
68.5222 51.3192 31.0226 -0.0871659 -0.284451 0.95472 -0.856682 0.510525 0.073892 -0.508427 -0.81145 -0.288185
149 5 111111 0
68.5222 51.3192 31.0226 -0.0871659 -0.284451 0.95472 -0.856682 0.510525 0.073892 -0.508427 -0.81145 -0.288185
149 5 111111 0
68.5222 51.3192 31.0226 -0.0871659 -0.284451 0.95472 -0.856682 0.510525 0.073892 -0.508427 -0.81145 -0.288185
149 5 111111 0
36.3931 51.7444 36.1775 0.520855 -0.0695676 0.850806 -0.727271 0.485703 0.484943 -0.446975 -0.871351 0.202386
149 5 111111 0
36.3931 51.7444 36.1775 0.520855 -0.0695676 0.850806 -0.727271 0.485703 0.484943 -0.446975 -0.871351 0.202386
149 5 111111 0
36.3931 51.7444 36.1775 0.520855 -0.0695676 0.850806 -0.727271 0.485703 0.484943 -0.446975 -0.871351 0.202386
149 5 111111 0
36.3931 51.7444 36.1775 0.520855 -0.0695676 0.850806 -0.727271 0.485703 0.484943 -0.446975 -0.871351 0.202386
149 6 111111 0
-0.769251 9.58757 -2.02958 0.917885 0.358934 0.169274 -0.229232 0.827737 -0.512156 -0.323944 0.431297 0.842047
149 6 111111 0
-0.769251 9.58757 -2.02958 0.917885 0.358934 0.169274 -0.229232 0.827737 -0.512156 -0.323944 0.431297 0.842047
149 4 111111 0
14.3542 -7.57537 -24.078 0.965013 -0.259958 -0.0342331 0.201628 0.819187 -0.536916 0.167619 0.511229 0.842941
149 4 111111 0
14.3542 -7.57537 -24.078 0.965013 -0.259958 -0.0342331 0.201628 0.819187 -0.536916 0.167619 0.511229 0.842941
149 5 111111 0
68.308 47.8762 32.5193 -0.0131253 -0.383346 0.923512 -0.780181 0.581605 0.230333 -0.625416 -0.717483 -0.306713
149 5 111111 0
68.308 47.8762 32.5193 -0.0131253 -0.383346 0.923512 -0.780181 0.581605 0.230333 -0.625416 -0.717483 -0.306713
149 5 111111 0
68.308 47.8762 32.5193 -0.0131253 -0.383346 0.923512 -0.780181 0.581605 0.230333 -0.625416 -0.717483 -0.306713
149 5 111111 0
68.308 47.8762 32.5193 -0.0131253 -0.383346 0.923512 -0.780181 0.581605 0.230333 -0.625416 -0.717483 -0.306713
149 6 111111 0
1.88361 3.54695 -8.21191 0.942168 0.259351 0.212266 -0.0639999 0.760938 -0.64566 -0.328974 0.594735 0.73353
149 6 111111 0
1.88361 3.54695 -8.21191 0.942168 0.259351 0.212266 -0.0639999 0.760938 -0.64566 -0.328974 0.594735 0.73353
149 5 111111 0
53.0596 58.9816 -55.119 0.407237 -0.873817 -0.265709 -0.743704 -0.14839 -0.651832 0.530154 0.463059 -0.710291
149 5 111111 0
53.0596 58.9816 -55.119 0.407237 -0.873817 -0.265709 -0.743704 -0.14839 -0.651832 0.530154 0.463059 -0.710291
149 5 111111 0
68.5561 44.6328 33.4077 0.0535246 -0.497486 0.865819 -0.678449 0.618086 0.397084 -0.732695 -0.608668 -0.304436
149 5 111111 0
68.5561 44.6328 33.4077 0.0535246 -0.497486 0.865819 -0.678449 0.618086 0.397084 -0.732695 -0.608668 -0.304436
149 5 111111 0
68.5561 44.6328 33.4077 0.0535246 -0.497486 0.865819 -0.678449 0.618086 0.397084 -0.732695 -0.608668 -0.304436
149 5 111111 0
68.5561 44.6328 33.4077 0.0535246 -0.497486 0.865819 -0.678449 0.618086 0.397084 -0.732695 -0.608668 -0.304436
149 4 111111 0
13.0837 28.1388 -34.3044 0.633986 0.752558 -0.178094 -0.484253 0.565872 0.667299 0.60296 -0.336815 0.723184
149 4 111111 0
10.6314 42.9226 5.35023 0.711591 0.104077 0.694842 -0.702472 0.123828 0.700857 -0.0130983 -0.986831 0.161226
149 4 111111 0
5.89605 26.3882 -13.0889 0.860614 0.468973 0.198513 -0.369462 0.3067 0.877173 0.350487 -0.828251 0.437218
149 4 111111 0
6.75686 38.7845 -19.2597 0.668992 0.683473 0.292085 -0.699421 0.445903 0.558552 0.251514 -0.577958 0.776341
149 5 111111 0
117.68 11.9478 -34.9785 -0.784094 -0.611183 -0.107944 -0.172771 0.381994 -0.907872 0.59611 -0.693207 -0.405113
149 4 111111 0
15.3646 24.9955 -36.4597 0.708353 0.620051 -0.337302 -0.424188 0.755885 0.4987 0.564181 -0.210176 0.798452
149 4 111111 0
20.9896 43.8526 -40.5638 0.459301 0.793324 -0.3996 -0.788224 0.571416 0.228444 0.409568 0.210049 0.887769
149 4 111111 0
20.9896 43.8526 -40.5638 0.459301 0.793324 -0.3996 -0.788224 0.571416 0.228444 0.409568 0.210049 0.887769
149 4 111111 0
18.8214 41.1224 17.1503 0.726363 -0.30296 0.616937 -0.634208 0.0505265 0.77151 -0.264909 -0.951663 -0.155439
149 4 111111 0
7.85789 25.4794 0.646219 0.957199 0.172139 0.232674 -0.24966 0.0843836 0.96465 0.14642 -0.981452 0.123748
149 4 111111 0
7.24044 34.991 0.394014 0.792004 0.249356 0.557271 -0.608429 0.397788 0.686716 -0.0504392 -0.882942 0.466765
149 5 111111 0
123.544 24.6286 -5.45505 -0.906924 -0.342042 0.245959 -0.41521 0.626821 -0.659315 0.0713409 -0.700074 -0.710498
149 4 111111 0
8.91553 18.1732 -19.3034 0.900765 0.430008 -0.0609512 -0.235997 0.602435 0.762481 0.364592 -0.672432 0.644133
149 5 111111 0
70.9776 -3.55613 -76.7944 0.0930556 -0.984931 -0.145776 0.154353 0.158912 -0.975152 0.983624 0.0682423 0.166815
149 4 111111 0
12.8893 41.0816 -32.714 0.63302 0.756028 -0.166455 -0.732474 0.654531 0.187275 0.250535 0.00337564 0.968102
149 5 111111 0
98.5942 13.2735 -66.2474 -0.35906 -0.917337 -0.171955 -0.129675 0.231488 -0.964156 0.924262 -0.323892 -0.202074
149 6 111111 0
25.5071 49.7553 -41.0044 0.479855 0.653335 -0.585571 -0.832244 0.550209 -0.0681139 0.277685 0.520022 0.807755
149 5 111111 0
85.3259 5.37076 -73.7519 -0.135215 -0.97426 -0.180371 0.00816123 0.180941 -0.98346 0.990783 -0.13445 -0.0165147
149 4 111111 0
18.6781 45.1658 -37.9151 0.558453 0.735189 -0.384224 -0.78202 0.621097 0.0517984 0.276722 0.271544 0.921786
149 5 111111 0
85.3259 5.37076 -73.7519 -0.135215 -0.97426 -0.180371 0.00816119 0.180941 -0.98346 0.990783 -0.13445 -0.0165148
149 4 111111 0
18.6781 45.1658 -37.9151 0.558453 0.735189 -0.384224 -0.78202 0.621097 0.0517984 0.276722 0.271544 0.921786
149 5 111111 0
65.6696 -27.5411 36.1548 -0.0941814 0.158223 0.982901 0.36246 0.92498 -0.114168 -0.927228 0.34551 -0.144466
149 4 111111 0
44.8633 54.1406 21.8357 0.519967 -0.852905 -0.0467611 -0.674651 -0.443639 0.589941 -0.523909 -0.275203 -0.806091
149 5 111111 0
65.6696 -27.5411 36.1548 -0.0941814 0.158223 0.982901 0.36246 0.92498 -0.114168 -0.927228 0.34551 -0.144466
149 4 111111 0
44.8633 54.1406 21.8357 0.519967 -0.852905 -0.0467611 -0.674651 -0.443639 0.589941 -0.523909 -0.275203 -0.806091
149 4 111111 0
18.0553 32.8851 17.7751 0.791976 -0.308265 0.527017 -0.491872 0.18924 0.849853 -0.361713 -0.932288 -0.00175331
149 4 111111 0
6.87811 28.711 -1.16385 0.854775 0.228177 0.46615 -0.50172 0.593117 0.629673 -0.132805 -0.772106 0.621463
149 5 111111 0
123.972 35.1271 -15.4968 -0.829703 -0.506753 0.234084 -0.54073 0.625536 -0.562419 0.13858 -0.593217 -0.793026
149 5 111111 0
76.086 -30.1739 25.9768 -0.194619 0.0547903 0.979347 0.47293 0.879963 0.0447521 -0.859337 0.471872 -0.19717
149 4 111111 0
43.9117 49.0281 24.6685 0.573056 -0.801556 -0.170631 -0.515382 -0.51437 0.685423 -0.637172 -0.304845 -0.707871
149 5 111111 0
76.086 -30.1739 25.9768 -0.194619 0.0547903 0.979347 0.47293 0.879963 0.0447521 -0.859337 0.471872 -0.19717
149 4 111111 0
43.9117 49.0281 24.6685 0.573056 -0.801556 -0.170631 -0.515382 -0.51437 0.685423 -0.637172 -0.304845 -0.707871
149 7 111111 0
36.844 -43.6817 -31.5583 0.512392 -0.279453 0.81201 0.85513 0.252791 -0.452603 -0.0787873 0.926284 0.368497
149 4 111111 0
18.5112 24.2219 17.051 0.839508 -0.338839 0.424753 -0.318722 0.326016 0.890016 -0.440049 -0.882554 0.165698
149 4 111111 0
13.3294 -5.36813 20.3699 0.783967 0.093757 0.613682 -0.110359 0.993833 -0.0108539 -0.610915 -0.0592162 0.789479
149 4 111111 0
13.3294 -5.36813 20.3699 0.783967 0.093757 0.613682 -0.110359 0.993833 -0.0108539 -0.610915 -0.0592162 0.789479
149 6 111111 0
7.84123 0.658845 -43.4908 0.958784 -0.0663073 -0.276292 -0.123244 0.779107 -0.614656 0.256017 0.623374 0.738824
149 6 111111 0
7.84123 0.658845 -43.4908 0.958784 -0.0663073 -0.276292 -0.123244 0.779107 -0.614656 0.256017 0.623374 0.738824
149 7 111111 0
50.9603 34.271 -69.4403 0.420102 -0.628964 -0.654154 -0.5633 0.384425 -0.731376 0.711483 0.675738 -0.192798
149 7 111111 0
50.9603 34.271 -69.4403 0.420102 -0.628964 -0.654154 -0.5633 0.384425 -0.731376 0.711483 0.675738 -0.192798
149 4 111111 0
76.9416 30.0702 37.758 -0.0368438 -0.608566 0.792648 -0.573007 0.662705 0.482167 -0.818722 -0.436428 -0.373129
149 4 111111 0
76.9416 30.0702 37.758 -0.0368438 -0.608566 0.792648 -0.573007 0.662705 0.482167 -0.818722 -0.436428 -0.373129
149 5 111111 0
76.9416 30.0702 37.758 -0.0368438 -0.608566 0.792648 -0.573007 0.662705 0.482167 -0.818722 -0.436428 -0.373129
149 5 111111 0
76.9416 30.0702 37.758 -0.0368438 -0.608566 0.792648 -0.573007 0.662705 0.482167 -0.818722 -0.436428 -0.373129
149 4 111111 0
17.3267 -13.3012 12.7406 0.786995 -0.00307122 0.616952 0.0770676 0.992645 -0.0933673 -0.612127 0.121027 0.781443
149 4 111111 0
17.3267 -13.3012 12.7406 0.786995 -0.00307122 0.616952 0.0770676 0.992645 -0.0933673 -0.612127 0.121027 0.781443
149 4 111111 0
79.8111 27.5201 35.5699 -0.0142625 -0.710095 0.703962 -0.454725 0.631624 0.627914 -0.890518 -0.311153 -0.331906
149 4 111111 0
79.8111 27.5201 35.5699 -0.0142625 -0.710095 0.703962 -0.454725 0.631624 0.627914 -0.890518 -0.311153 -0.331906
149 4 111111 0
79.8111 27.5201 35.5699 -0.0142625 -0.710095 0.703962 -0.454725 0.631624 0.627914 -0.890518 -0.311153 -0.331906
149 4 111111 0
79.8111 27.5201 35.5699 -0.0142625 -0.710095 0.703962 -0.454725 0.631624 0.627914 -0.890518 -0.311153 -0.331906
159 6 111111 0
53.4571 -42.5501 19.076 -0.0324547 0.522419 -0.852071 0.964398 -0.207499 -0.163954 -0.262457 -0.827057 -0.497085
159 6 111111 0
53.4571 -42.5501 19.076 -0.0324548 0.522419 -0.852071 0.964398 -0.207499 -0.163954 -0.262457 -0.827057 -0.497085
159 7 111111 0
72.3295 -45.7391 -26.1698 -0.438368 0.852293 -0.28536 0.835676 0.503374 0.219681 0.330876 -0.142167 -0.932904
159 7 111111 0
72.3295 -45.7391 -26.1698 -0.438368 0.852293 -0.28536 0.835676 0.503374 0.219681 0.330876 -0.142167 -0.932904
159 6 111111 0
58.5461 -49.5674 -4.97794 -0.186616 0.785061 -0.590638 0.978777 0.200386 -0.0429034 0.0846737 -0.58611 -0.805795
159 6 111111 0
58.5461 -49.5674 -4.97794 -0.186616 0.785061 -0.590638 0.978777 0.200386 -0.0429035 0.0846737 -0.58611 -0.805795
159 7 111111 0
58.5461 -49.5674 -4.97795 -0.186616 0.785061 -0.590638 0.978777 0.200386 -0.0429033 0.0846738 -0.58611 -0.805795
159 7 111111 0
58.5461 -49.5674 -4.97794 -0.186616 0.785061 -0.590638 0.978777 0.200386 -0.0429035 0.0846737 -0.58611 -0.805795
159 6 111111 0
84.6468 -12.4756 36.4033 -0.327611 -0.200052 -0.923391 0.624248 -0.779453 -0.0526094 -0.709215 -0.59366 0.380239
159 6 111111 0
84.6468 -12.4756 36.4033 -0.327611 -0.200052 -0.923391 0.624248 -0.779453 -0.0526095 -0.709215 -0.59366 0.380239
159 5 111111 0
94.1283 -21.1294 -53.6424 -0.713471 0.672523 -0.196652 0.409251 0.62778 0.662122 0.568747 0.391925 -0.723133
159 5 111111 0
94.1283 -21.1294 -53.6424 -0.713471 0.672523 -0.196652 0.409251 0.62778 0.662122 0.568747 0.391925 -0.723134
159 4 111111 0
66.0234 -44.8703 5.43652 -0.170274 0.419412 -0.891684 0.980135 -0.0213041 -0.197185 -0.101698 -0.907546 -0.407453
159 4 111111 0
66.0234 -44.8703 5.43652 -0.170275 0.419412 -0.891684 0.980135 -0.021304 -0.197186 -0.101698 -0.907546 -0.407453
159 5 111111 0
76.6363 -41.1571 -38.9708 -0.43925 0.76309 -0.474081 0.757499 0.598306 0.261199 0.482964 -0.244385 -0.840846
159 5 111111 0
76.6363 -41.1571 -38.9708 -0.43925 0.76309 -0.474081 0.757499 0.598306 0.261199 0.482964 -0.244385 -0.840846
159 4 111111 0
67.906 -47.9082 -17.9947 -0.262932 0.655002 -0.708406 0.935673 0.352205 -0.0216313 0.235335 -0.668524 -0.705474
159 5 111111 0
67.906 -47.9082 -17.9947 -0.262932 0.655002 -0.708406 0.935673 0.352205 -0.0216314 0.235335 -0.668524 -0.705474
159 4 111111 0
67.906 -47.9082 -17.9947 -0.262932 0.655002 -0.708406 0.935673 0.352205 -0.0216313 0.235335 -0.668524 -0.705474
159 5 111111 0
67.906 -47.9082 -17.9947 -0.262932 0.655002 -0.708406 0.935673 0.352205 -0.0216314 0.235335 -0.668524 -0.705474
159 4 111111 0
58.2942 20.907 40.4761 0.239112 -0.493081 -0.836479 0.0758687 -0.849347 0.522354 -0.968024 -0.188364 -0.165679
159 5 111111 0
116.487 -17.4532 -8.07806 -0.851226 -0.101436 0.514903 0.350512 0.620332 0.701662 -0.390585 0.777753 -0.492488
159 5 111111 0
65.9277 11.6807 -68.2267 -0.28628 0.810366 -0.511225 -0.1389 0.49282 0.858974 0.948025 0.316916 -0.0285247
159 5 111111 0
33.7644 -13.9184 -58.0507 0.176057 0.956544 -0.232437 0.336436 0.163436 0.927416 0.925103 -0.241479 -0.293041
159 5 111111 0
94.0337 -22.4607 32.0435 -0.739685 0.616612 0.269547 0.377302 0.711663 -0.592604 -0.557233 -0.33664 -0.759055
159 6 111111 0
16.7273 -25.0129 -15.7619 0.566849 0.752527 -0.335238 0.741424 -0.288612 0.6058 0.359127 -0.591951 -0.721541
159 5 111111 0
54.3106 -7.89369 -61.8681 -0.0291399 0.813143 -0.581333 0.270697 0.566268 0.778501 0.962224 -0.13468 -0.236616
159 5 111111 0
105.601 -15.7139 24.1292 -0.870437 0.478723 -0.114731 0.346414 0.430064 -0.833692 -0.349766 -0.765421 -0.54018
159 5 111111 0
105.601 -15.7139 24.1292 -0.870437 0.478723 -0.114731 0.346414 0.430064 -0.833692 -0.349766 -0.765421 -0.54018
159 4 111111 0
34.5982 -24.3753 -42.5069 0.262735 0.867379 -0.42264 0.617367 0.185503 0.764491 0.741504 -0.461783 -0.486753
159 4 111111 0
34.5982 -24.3753 -42.5069 0.262735 0.867379 -0.42264 0.617367 0.185503 0.764491 0.741504 -0.461783 -0.486753
159 5 111111 0
82.8869 50.9831 -52.179 -0.474087 0.483325 -0.735961 -0.751222 0.213938 0.624417 0.459247 0.848898 0.261659
159 5 111111 0
91.489 -34.9473 18.5681 -0.639917 0.435841 0.632889 0.532571 0.845261 -0.0436069 -0.553962 0.309153 -0.773014
159 5 111111 0
105.108 -20.7841 18.909 -0.844364 0.497331 0.199276 0.346681 0.790745 -0.504514 -0.408487 -0.356908 -0.840092
159 6 111111 0
81.6453 68.2757 -32.3157 -0.365818 0.305172 -0.879231 -0.92937 -0.0695494 0.36254 0.0494867 0.949754 0.30906
159 7 111111 0
91.948 -44.1098 -11.162 -0.543586 0.067539 0.836632 0.778614 0.41285 0.472562 -0.313487 0.908291 -0.277007
159 5 111111 0
95.9118 -39.5534 -1.83136 -0.640959 0.253317 0.72457 0.657068 0.66904 0.347342 -0.396779 0.698724 -0.595274
159 5 111111 0
102.76 -31.08 5.17034 -0.766311 0.384187 0.514943 0.494416 0.86447 0.0908031 -0.410268 0.32418 -0.852401
159 5 111111 0
115.783 -14.0272 4.21581 -0.937575 0.335589 0.0912837 0.259217 0.849299 -0.459888 -0.23186 -0.407518 -0.883272
159 7 111111 0
101.597 -36.2155 -25.1225 -0.679503 0.137579 0.720658 0.715387 0.342177 0.609209 -0.162778 0.929509 -0.330933
159 5 111111 0
106.498 -31.5506 -15.4777 -0.776237 0.262367 0.573254 0.579622 0.654666 0.485232 -0.247981 0.708926 -0.66025
159 5 111111 0
113.616 -21.8359 -8.54564 -0.885915 0.307033 0.347685 0.388074 0.901193 0.193003 -0.254073 0.305911 -0.917532
159 7 111111 0
24.7908 -27.1126 -28.6068 0.380505 0.924733 0.00923714 0.789019 -0.329839 0.518319 0.482353 -0.189934 -0.855138
159 7 111111 0
58.3148 -3.26996 -64.2243 -0.150907 0.971103 -0.184893 0.264228 0.219854 0.939068 0.952581 0.0928584 -0.28977
159 7 111111 0
41.6131 -20.7347 -50.0696 0.100719 0.99418 -0.038236 0.605427 -0.0307477 0.795307 0.789503 -0.103252 -0.605
159 7 111111 0
41.6131 -20.7347 -50.0696 0.100719 0.99418 -0.038236 0.605427 -0.0307477 0.795307 0.789503 -0.103252 -0.605
159 7 111111 0
75.3875 -50.4873 -24.8309 -0.367974 0.473809 0.800062 0.927394 0.249327 0.278883 -0.0673396 0.844595 -0.531154
159 5 111111 0
116.981 -14.0826 -17.0847 -0.936147 0.0200039 -0.351039 0.217226 0.817961 -0.532685 0.27648 -0.574926 -0.770077
159 5 111111 0
116.981 -14.0826 -17.0847 -0.936147 0.0200039 -0.351039 0.217226 0.817961 -0.532685 0.27648 -0.574926 -0.770077
159 5 111111 0
122.477 1.67007 -2.88442 -0.986997 -0.0893768 0.1336 -0.086541 0.995885 0.026896 -0.135454 0.0149844 -0.99067
159 5 111111 0
120.556 -5.08461 -29.7419 -0.920339 -0.118274 -0.37281 0.0746456 0.882547 -0.464261 0.383932 -0.455107 -0.803414
159 5 111111 0
120.556 -5.08461 -29.7419 -0.920339 -0.118274 -0.37281 0.0746456 0.882547 -0.464261 0.383932 -0.455107 -0.803414
159 5 111111 0
122.102 3.81622 2.01979 -0.917201 -0.266378 0.296284 -0.0825997 0.854615 0.51265 -0.389768 0.44573 -0.805857
159 5 111111 0
111.748 -17.8858 2.68306 -0.668481 -0.576505 0.469868 0.439032 0.204067 0.87499 -0.600321 0.791201 0.116689
159 5 111111 0
120.719 -1.18298 0.693249 -0.838622 -0.418933 0.348149 0.110171 0.495483 0.861603 -0.533456 0.760915 -0.369369
159 5 111111 0
126.74 14.4286 -11.2346 -0.943874 -0.311756 0.109135 -0.183687 0.770022 0.611003 -0.27452 0.556663 -0.78407
159 4 111111 0
63.0481 50.6737 26.8089 0.257729 -0.882544 -0.393309 -0.587536 -0.466304 0.661334 -0.767058 0.0606382 -0.638706
159 5 111111 0
92.8182 -18.163 28.4964 -0.379032 -0.458949 0.803555 0.234112 0.792542 0.563088 -0.89528 0.40155 -0.192954
159 4 111111 0
25.8207 5.86796 -57.2277 0.407601 0.727628 -0.551741 -0.141853 0.647329 0.748894 0.902075 -0.226984 0.367068
159 4 111111 0
21.0645 -10.2872 -37.0728 0.493 0.722991 -0.483978 0.336543 0.354503 0.872391 0.802303 -0.592968 -0.0685475
159 4 111111 0
21.0645 -10.2872 -37.0728 0.493 0.722991 -0.483978 0.336543 0.354503 0.872391 0.802303 -0.592968 -0.0685475
159 4 111111 0
57.7779 32.5756 -62.2025 0.0285489 0.255023 -0.966513 -0.567295 0.800242 0.194394 0.82302 0.542748 0.167519
159 4 111111 0
32.5586 4.08585 -58.0063 0.442209 0.509037 -0.738466 -0.0496585 0.835975 0.546516 0.895536 -0.205003 0.394954
159 5 111111 0
117.934 10.2114 15.7123 -0.967111 0.032727 0.252241 -0.182787 0.600194 -0.778689 -0.176878 -0.799185 -0.574472
159 5 111111 0
117.934 10.2114 15.7123 -0.967111 0.032727 0.252241 -0.182787 0.600194 -0.778689 -0.176878 -0.799185 -0.574472
159 4 111111 0
5.12244 -3.1492 -20.3662 0.855588 0.471299 -0.214119 0.211364 0.0595201 0.975593 0.47254 -0.879963 -0.0486912
159 4 111111 0
5.12244 -3.1492 -20.3662 0.855588 0.471299 -0.214119 0.211364 0.0595201 0.975593 0.47254 -0.879963 -0.0486912
159 5 111111 0
72.8418 -32.5054 33.8292 0.0539912 -0.768109 0.638039 0.662029 0.505884 0.552991 -0.747531 0.392544 0.535823
159 5 111111 0
91.9083 -5.49018 42.5247 -0.560491 0.110031 0.820819 -0.0414711 0.986162 -0.160513 -0.827122 -0.124007 -0.548172
159 4 111111 0
6.38344 18.6979 13.7005 0.989771 -0.0162658 -0.141735 0.0953892 -0.663298 0.742251 -0.106086 -0.748179 -0.654962
159 4 111111 0
10.4862 -8.20699 -18.7917 0.851456 0.375111 -0.366489 0.330303 0.159219 0.930349 0.407337 -0.913204 0.0116677
159 4 111111 0
10.4862 -8.20699 -18.7917 0.851456 0.375111 -0.366489 0.330303 0.159219 0.930349 0.407337 -0.913204 0.0116677
159 5 111111 0
90.6614 -34.2163 13.5728 -0.162017 -0.85875 0.486105 0.849505 0.129267 0.5115 -0.502088 0.49582 0.708569
159 5 111111 0
69.4931 -39.6604 26.3431 -0.114058 -0.169079 0.978981 0.546768 0.812064 0.203953 -0.829479 0.558538 -0.000175011
159 5 111111 0
84.0819 -24.1879 34.6994 -0.371868 -0.0373363 0.927534 0.27374 0.950348 0.148003 -0.887007 0.30894 -0.343184
159 5 111111 0
104.143 -2.97765 31.1672 -0.688548 0.00735766 0.725153 -0.0605926 0.995868 -0.0676384 -0.722655 -0.0905113 -0.685258
159 4 111111 0
17.2541 -12.7038 -17.4777 0.816103 0.260739 -0.515744 0.463984 0.236407 0.853716 0.344522 -0.936017 0.0719541
159 4 111111 0
17.2541 -12.7038 -17.4777 0.816103 0.260739 -0.515744 0.463984 0.236407 0.853716 0.344522 -0.936017 0.0719541
159 6 111111 0
57.2228 69.2894 0.323845 0.272157 -0.400079 -0.875139 -0.821897 -0.569615 0.00480634 -0.500415 0.717966 -0.483848
159 5 111111 0
91.8882 -27.6974 22.6086 -0.446256 -0.109817 0.888142 0.383174 0.87342 0.300526 -0.808723 0.474424 -0.34769
159 5 111111 0
108.918 -5.22781 22.4692 -0.709929 -0.0904389 0.698443 0.00994182 0.990335 0.13834 -0.704203 0.105156 -0.702168
159 4 111111 0
37.9692 25.5364 -60.7198 0.17033 0.892534 -0.417576 -0.413192 0.449406 0.792027 0.894572 0.0376329 0.445336
159 4 111111 0
39.5203 28.1271 -60.9003 0.282094 0.708939 -0.646397 -0.403927 0.698898 0.590242 0.87021 0.0945935 0.483514
159 4 111111 0
22.4301 8.84662 -51.4612 0.504 0.82749 -0.247477 -0.0317928 0.30411 0.952106 0.863118 -0.471994 0.17958
159 4 111111 0
11.2495 4.25008 -37.685 0.691259 0.722408 -0.0169706 0.12825 -0.0995401 0.986734 0.711135 -0.684265 -0.161457
159 4 111111 0
11.2495 4.25008 -37.685 0.691259 0.722408 -0.0169706 0.12825 -0.0995401 0.986734 0.711135 -0.684265 -0.161457
159 4 111111 0
21.0638 5.42042 -48.3051 0.60513 0.721788 -0.335917 0.0666252 0.374546 0.924812 0.793334 -0.582011 0.17856
159 4 111111 0
13.8045 0.574244 -36.2304 0.724199 0.66447 -0.184434 0.215242 0.0362835 0.975887 0.655139 -0.746434 -0.116745
159 4 111111 0
13.8045 0.574245 -36.2304 0.724199 0.66447 -0.184434 0.215242 0.0362836 0.975887 0.655139 -0.746434 -0.116745
159 7 111111 0
110.351 -17.8575 -38.5687 -0.522274 -0.658547 0.541799 0.784756 -0.619797 0.00312345 0.333748 0.426811 0.840502
159 7 111111 0
110.351 -17.8575 -38.5687 -0.522274 -0.658547 0.541799 0.784756 -0.619797 0.0031235 0.333748 0.426811 0.840502
159 5 111111 0
96.2227 -36.1457 -5.88039 -0.309946 -0.645242 0.698281 0.918484 -0.0134828 0.395229 -0.245604 0.763859 0.596823
159 7 111111 0
59.6463 -49.7516 12.8127 -0.0178188 0.0995348 0.994875 0.757744 0.650516 -0.0515109 -0.652309 0.752942 -0.0870133
159 4 111111 0
17.4899 -3.19074 -34.8465 0.732473 0.580272 -0.356045 0.324692 0.161915 0.931858 0.59838 -0.798165 -0.069812
159 4 111111 0
17.4899 -3.19074 -34.8466 0.732473 0.580272 -0.356045 0.324692 0.161915 0.931858 0.59838 -0.798165 -0.0698119
159 5 111111 0
89.7095 11.7781 40.7207 -0.289513 -0.732807 0.615773 -0.269342 0.6797 0.682249 -0.918497 0.0316663 -0.394157
159 5 111111 0
116.217 39.6426 -0.241552 -0.687805 -0.711082 0.145903 -0.687713 0.702657 0.182549 -0.232327 0.0252187 -0.972311
159 5 111111 0
116.217 39.6426 -0.241552 -0.687805 -0.711082 0.145903 -0.687713 0.702657 0.182549 -0.232327 0.0252187 -0.972311
159 5 111111 0
98.6616 13.2671 32.3216 -0.380389 -0.788327 0.483575 -0.232458 0.587595 0.775046 -0.895135 0.182408 -0.406768
159 5 111111 0
116.183 45.7051 -5.4786 -0.63601 -0.771029 0.0317233 -0.726035 0.611812 0.313942 -0.261467 0.176638 -0.948912
159 5 111111 0
116.183 45.7051 -5.4786 -0.63601 -0.771029 0.0317233 -0.726035 0.611812 0.313942 -0.261467 0.176638 -0.948912
159 5 111111 0
91.883 40.279 -52.0973 -0.239619 -0.915321 -0.323682 -0.682994 0.395871 -0.613844 0.690001 0.0739839 -0.720018
159 5 111111 0
91.883 40.279 -52.0973 -0.239619 -0.915321 -0.323682 -0.682994 0.395871 -0.613844 0.690001 0.0739838 -0.720018
159 5 111111 0
75.0005 34.7122 -70.2357 0.0638376 -0.837694 -0.542395 -0.574846 0.413413 -0.706146 0.815768 0.356872 -0.455154
159 5 111111 0
75.0005 34.7122 -70.2357 0.0638376 -0.837694 -0.542395 -0.574846 0.413413 -0.706146 0.815768 0.356872 -0.455154
159 4 111111 0
41.0338 -32.5796 -31.0851 0.684369 -0.679889 -0.263421 0.646387 0.732889 -0.212269 0.337377 -0.0250016 0.941037
159 4 111111 0
41.0338 -32.5796 -31.0851 0.684369 -0.679889 -0.263421 0.646387 0.732889 -0.212269 0.337377 -0.0250016 0.941037
159 5 111111 0
90.6884 51.3146 -48.2058 -0.177413 -0.947673 -0.265407 -0.824419 0.290394 -0.485804 0.537455 0.132619 -0.832799
159 5 111111 0
90.6884 51.3146 -48.2058 -0.177413 -0.947673 -0.265407 -0.824419 0.290394 -0.485804 0.537455 0.132619 -0.832799
159 4 111111 0
71.9097 41.8012 34.5283 0.00767414 -0.696297 0.717713 -0.765364 0.457823 0.452345 -0.643552 -0.552783 -0.529407
159 5 111111 0
71.9097 41.8012 34.5283 0.00767406 -0.696297 0.717713 -0.765364 0.457823 0.452345 -0.643552 -0.552783 -0.529407
159 4 111111 0
71.9097 41.8012 34.5283 0.00767414 -0.696297 0.717713 -0.765364 0.457823 0.452345 -0.643552 -0.552783 -0.529407
159 5 111111 0
71.9097 41.8012 34.5283 0.00767406 -0.696297 0.717713 -0.765364 0.457823 0.452345 -0.643552 -0.552783 -0.529407
159 5 111111 0
75.3928 38.2792 33.0286 0.00961658 -0.776166 0.630455 -0.681098 0.456533 0.572437 -0.732129 -0.434906 -0.524255
159 5 111111 0
75.3929 38.2792 33.0286 0.00961651 -0.776166 0.630455 -0.681098 0.456533 0.572436 -0.732129 -0.434906 -0.524255
159 4 111111 0
75.3928 38.2792 33.0286 0.00961663 -0.776166 0.630455 -0.681098 0.456533 0.572437 -0.732129 -0.434906 -0.524255
159 4 111111 0
75.3928 38.2792 33.0286 0.00961656 -0.776166 0.630455 -0.681098 0.456533 0.572436 -0.732129 -0.434906 -0.524255
159 4 111111 0
79.1036 35.7203 30.6842 0.0015175 -0.85173 0.523978 -0.586135 0.423777 0.69055 -0.810212 -0.30817 -0.498586
159 5 111111 0
79.1036 35.7203 30.6842 0.00151743 -0.85173 0.523978 -0.586135 0.423777 0.69055 -0.810212 -0.30817 -0.498586
159 4 111111 0
79.1036 35.7203 30.6842 0.0015175 -0.85173 0.523978 -0.586135 0.423777 0.69055 -0.810212 -0.30817 -0.498586
159 5 111111 0
79.1036 35.7203 30.6842 0.00151743 -0.85173 0.523978 -0.586135 0.423777 0.69055 -0.810212 -0.30817 -0.498586
159 4 111111 0
18.0946 2.55283 -40.8794 0.764957 0.213102 -0.607807 -0.0926423 0.970271 0.223589 0.637384 -0.114728 0.761957
159 4 111111 0
6.36237 5.53094 -21.1424 0.894778 0.372964 -0.245498 -0.11176 0.719384 0.685563 0.432298 -0.58599 0.685372
159 4 111111 0
36.9514 -34.7616 23.1164 0.642818 -0.61209 0.460577 0.583985 0.78069 0.222452 -0.495729 0.125973 0.859293
159 4 111111 0
16.8358 0.162572 -36.2326 0.856068 0.126103 -0.501244 -0.0136817 0.97497 0.221917 0.516682 -0.183118 0.836366
159 4 111111 0
36.8146 -14.3446 44.1872 0.597706 -0.451553 0.662455 0.225501 0.887628 0.401579 -0.769348 -0.090642 0.632367
159 4 111111 0
7.84824 3.63288 -14.4739 0.956679 0.230947 -0.177283 -0.0371535 0.700778 0.712412 0.288766 -0.674962 0.678999
159 4 111111 0
7.4822 23.3056 6.30378 0.970487 0.0876219 0.224673 -0.233315 0.105543 0.966656 0.0609876 -0.990547 0.122872
159 4 111111 0
7.4822 23.3056 6.30378 0.970487 0.0876219 0.224673 -0.233315 0.105543 0.966656 0.0609876 -0.990547 0.122872
159 7 111111 0
76.6282 -28.6223 -51.8007 0.151642 -0.960606 0.232899 0.776374 -0.030077 -0.629555 0.611759 0.276283 0.741228
159 7 111111 0
76.6282 -28.6223 -51.8007 0.151642 -0.960606 0.232899 0.776374 -0.030077 -0.629555 0.611759 0.276283 0.741228
159 4 111111 0
53.8625 -43.6018 -0.240214 0.46604 -0.790261 0.397862 0.854658 0.518404 0.0285762 -0.228836 0.326718 0.917
159 4 111111 0
48.888 -33.1002 24.7959 0.511036 -0.672596 0.535216 0.627857 0.717353 0.301993 -0.587058 0.18171 0.788888
159 4 111111 0
53.9964 -6.9256 47.356 0.13431 -0.0527824 0.989533 -0.0867849 0.994117 0.0648063 -0.987132 -0.0945806 0.128939
159 4 111111 0
11.1295 1.59724 -7.84598 0.98717 0.0691713 -0.143909 0.0639238 0.654697 0.753184 0.146315 -0.75272 0.641876
159 4 111111 0
11.0923 18.3965 9.05588 0.993842 -0.0254626 0.10784 -0.103228 0.140966 0.984618 -0.0402728 -0.989687 0.137469
159 4 111111 0
11.0923 18.3965 9.05588 0.993842 -0.0254626 0.10784 -0.103228 0.140966 0.984618 -0.0402728 -0.989687 0.13747
159 7 111111 0
76.6282 -28.6223 -51.8007 0.151642 -0.960606 0.232899 0.776374 -0.030077 -0.629555 0.611759 0.276283 0.741228
159 7 111111 0
76.6282 -28.6223 -51.8007 0.151642 -0.960606 0.232899 0.776374 -0.030077 -0.629555 0.611759 0.276283 0.741228
159 4 111111 0
59.1601 -16.5131 39.6523 0.105228 -0.135146 0.985222 0.0985981 0.987259 0.124895 -0.989548 0.0839986 0.117212
159 4 111111 0
52.9625 -38.0272 18.8897 0.3956 -0.504623 0.76737 0.727259 0.682383 0.0738143 -0.560888 0.528875 0.636942
